id_registro,equipamento,situacao,temperatura_c,vibracao_mm_s,producao_pecas_h
1,Motor 02,manutencao,66.22,3.8,23
2,  Motor 02  ,manutencao,69.33,2.83,13
3,Motor 01,operando,68.63,4.26,186
4, Robô 01,manutencao,61.83,2.09,7
5,Compressor 01  ,Em operação,67.29,2.99,386
6,  Motor 03  ,parado,64.81,3.59,0
7,Bomba 01,operando,62.19,3.75,268
8,Robô 02 ,MANUTENÇÃO,74.48,3.4,3
9,Bomba 02,Desligado,64.36,4.46,0
10,Bomba 01  ,Ligado,66.4,2.81,238
11,Esteira 02,Em manutenção,67.35,3.56,8
12,  Compressor 01  ,Em manutenção,62.55,3.82,6
13,  Esteira 02  ,Manut.,65.91,2.75,20
14,Motor 03  ,manutencao,67.25,4.21,8
15, Robô 01,Manutenção,61.61,4.63,1
16,Esteira 01,MANUTENÇÃO,64.79,3.82,6
17,  Robô 02  ,Parado,68.92,4.24,0
18, Compressor 01,Em operação,74.4,4.37,317
19,  Esteira 02  ,Fora de operação,58.66,3.68,0
20, Bomba 01,OPERANDO,63.95,3.07,192
21, Motor 02,Manutenção,72.67,4.38,19
22,  Motor 02,parado,60.52,2.46,0
23,Esteira 02  ,Em manutenção,76.89,2.57,3
24,Robô 01 ,MANUTENÇÃO,64.85,2.72,13
25,  Motor 03,Operando,80.7,2.52,247
26, Robô 01,Desligado,79.07,2.04,0
27,  Esteira 02  ,Desligado,63.88,2.74,0
28,Motor 03  ,MANUTENÇÃO,80.85,2.05,19
29,  Bomba 01,Operando,72.07,3.71,392
30, Esteira 02,Operando,67.52,4.39,200
31,  Motor 02  ,PARADO,74.79,0.57,0
32, Robô 01,OPERANDO,57.89,1.06,222
33,Esteira 02  ,Em manutenção,52.83,1.5,29
34,  Robô 01  ,manutencao,68.83,3.92,21
35,  Bomba 01,Manut.,63.47,3.04,7
36,Motor 02 ,Operando,62.7,2.72,236
37,Motor 01,manutencao,63.57,2.57,28
38,Motor 01 ,operando,61.37,3.03,304
39,Esteira 01  ,OPERANDO,64.59,1.06,327
40, Compressor 01,MANUTENÇÃO,59.95,3.27,3
41,  Motor 02  ,parado,62.61,3.92,0
42,  Motor 01  ,Manutenção,70.17,3.05,12
43,Bomba 01,Ligado,70.11,4.26,215
44, Bomba 02,Em operação,53.13,3.57,199
45,Compressor 01  ,operando,92.3,4.29,394
46,Motor 01,Manut.,67.12,2.37,13
47,  Compressor 01,Ligado,76.96,1.48,222
48,Bomba 02,parado,65.83,4.84,0
49,Compressor 01 ,parado,63.27,1.57,0
50,  Robô 01  ,manutencao,62.47,3.15,6
51,Motor 01  ,manutencao,55.78,2.66,1
52,Motor 01  ,PARADO,53.3,3.06,0
53,Motor 03,Desligado,70.93,3.41,0
54,Robô 02,Manutenção,71.6,2.32,30
55, Robô 02,Fora de operação,58.94,2.32,0
56,  Bomba 02  ,Fora de operação,61.4,2.75,0
57, Esteira 02,Manutenção,65.91,2.38,12
58,  Motor 03  ,Manutenção,65.11,3.93,24
59,Motor 02,PARADO,60.48,2.21,0
60,Motor 02,Desligado,68.26,3.86,0
61,Bomba 01,Manut.,67.21,3.92,14
62,  Robô 01  ,Em operação,51.21,1.19,347
63,Robô 01,Manutenção,69.42,2.33,21
64, Motor 02,Em operação,69.49,3.42,321
65,Motor 03 ,Em operação,58.2,2.13,232
66,Esteira 02  ,PARADO,66.89,5.29,0
67,Motor 01,Manutenção,62.0,3.47,0
68, Bomba 01,Manutenção,71.12,3.02,14
69,  Robô 01  ,parado,63.84,2.92,0
70,Motor 03  ,Operando,71.69,1.96,217
71, Bomba 02,Operando,61.64,5.1,383
72,Motor 01 ,Ligado,62.7,1.75,270
73,  Robô 01,Fora de operação,66.95,0.82,0
74, Esteira 01,MANUTENÇÃO,72.39,1.18,0
75,  Motor 03  ,Manut.,59.01,5.11,25
76,Esteira 01 ,OPERANDO,67.78,2.63,403
77,  Motor 01,Ligado,71.88,5.23,269
78, Esteira 02,Ligado,71.54,3.2,264
79,Esteira 02,MANUTENÇÃO,65.18,4.51,12
80,Robô 01 ,Operando,80.91,4.86,225
81,Robô 02 ,Operando,72.81,3.77,366
82,  Bomba 01,Fora de operação,70.45,3.05,0
83, Robô 02,Em operação,74.2,3.39,313
84,  Robô 01  ,manutencao,77.64,2.5,6
85,  Bomba 01,operando,81.96,2.39,339
86,  Bomba 01  ,Em manutenção,77.65,4.61,16
87,  Esteira 02  ,parado,62.02,4.47,0
88, Robô 01,Ligado,52.41,4.24,353
89,Motor 03  ,Fora de operação,64.22,4.3,0
90,Motor 01 ,Em operação,70.04,4.8,335
91,  Bomba 01,PARADO,62.46,3.35,0
92,  Compressor 01  ,OPERANDO,63.9,2.41,349
93,Robô 02 ,operando,71.87,1.58,352
94, Esteira 02,MANUTENÇÃO,67.49,3.31,7
95,Compressor 01  ,Em manutenção,67.89,2.0,28
96, Robô 02,manutencao,64.3,2.0,7
97,  Motor 03  ,manutencao,78.66,3.16,24
98,  Motor 02,Ligado,74.91,5.35,312
99,Compressor 01,Desligado,67.07,5.04,0
100, Compressor 01,MANUTENÇÃO,58.6,3.37,17
101,Robô 02 ,MANUTENÇÃO,74.48,2.23,23
102,  Robô 01,Em manutenção,73.34,2.5,5
103,  Compressor 01,Em operação,67.15,1.19,250
104,  Robô 01,Manutenção,67.51,4.17,22
105, Esteira 02,Em operação,59.4,4.91,200
106, Motor 03,Ligado,64.01,3.49,234
107,  Motor 02,parado,63.19,4.08,0
108, Motor 01,Em manutenção,53.69,4.14,18
109,Motor 01  ,parado,50.43,3.44,0
110,  Esteira 02,Em manutenção,77.34,1.9,17
111,Robô 01  ,Manut.,67.91,3.79,13
112,Compressor 01,parado,61.56,4.39,0
113,  Bomba 02  ,OPERANDO,75.46,1.21,339
114,Robô 01,Manut.,59.9,3.9,0
115,  Motor 02  ,parado,72.13,3.94,0
116,Motor 01 ,parado,63.4,4.07,0
117,  Bomba 01,Em operação,67.17,1.21,244
118,  Motor 02,Operando,66.99,2.77,269
119,  Esteira 01  ,operando,68.98,1.68,373
120, Motor 01,Ligado,72.19,1.92,241
121,  Motor 03,Manutenção,79.8,4.7,14
122,Esteira 02 ,OPERANDO,52.82,1.51,363
123, Motor 02,Em operação,68.24,3.24,259
124,  Robô 02  ,Manut.,73.8,2.84,22
125,Esteira 01,Fora de operação,63.42,1.79,0
126,  Motor 02  ,MANUTENÇÃO,63.62,4.54,25
127,Motor 02  ,MANUTENÇÃO,75.35,3.41,21
128,Bomba 01,Desligado,66.33,2.97,0
129,  Bomba 02,operando,60.93,3.48,408
130,  Compressor 01  ,OPERANDO,56.53,3.74,346
131,Esteira 02  ,MANUTENÇÃO,77.58,2.26,14
132,  Bomba 02  ,Fora de operação,65.42,5.04,0
133,Motor 02 ,Manut.,55.89,3.61,18
134,  Robô 02  ,parado,62.78,4.1,0
135, Bomba 01,PARADO,69.95,4.84,0
136,Bomba 01 ,Manut.,55.13,1.93,17
137,Motor 01  ,Ligado,76.59,3.92,305
138, Robô 01,manutencao,56.08,3.34,14
139,Motor 01,Em operação,68.91,4.61,258
140,Robô 02 ,PARADO,60.93,2.8,0
141,Robô 01 ,Parado,65.38,2.34,0
142, Esteira 02,operando,65.91,2.24,370
143,  Robô 01  ,OPERANDO,71.12,4.63,250
144,Robô 02  ,Fora de operação,66.34,3.55,0
145,Esteira 01 ,Ligado,63.19,3.75,361
146, Robô 01,Em operação,69.25,3.19,254
147,  Motor 03  ,Em manutenção,67.06,2.63,0
148,Robô 02 ,PARADO,60.67,3.22,0
149,Motor 01 ,Em manutenção,54.12,3.36,12
150,Compressor 01,Fora de operação,65.4,2.86,0
151,Motor 03  ,Em operação,71.55,3.49,322
152,Bomba 02  ,Fora de operação,68.27,2.41,0
153,  Robô 01,PARADO,71.94,2.64,0
154,  Robô 02,Em operação,64.76,2.95,369
155, Motor 02,Manutenção,69.49,4.53,5
156, Esteira 01,Desligado,67.46,3.13,0
157,  Compressor 01  ,Fora de operação,65.23,3.15,0
158,  Esteira 02  ,Em operação,64.76,2.05,355
159,Esteira 01 ,MANUTENÇÃO,69.39,1.81,25
160,  Esteira 01,operando,57.28,2.7,412
161, Esteira 02,operando,78.56,3.75,332
162,Robô 02 ,PARADO,74.59,4.18,0
163,Bomba 02 ,Desligado,59.72,2.83,0
164,Robô 02,Manut.,61.38,3.47,8
165,Motor 01,Ligado,79.93,2.65,327
166,Robô 02,MANUTENÇÃO,64.4,2.4,1
167,  Motor 03,Desligado,57.96,1.29,0
168,Motor 03  ,parado,61.61,2.23,0
169,  Motor 02,Parado,61.83,3.58,0
170, Motor 02,Parado,60.04,3.72,0
171,Bomba 02  ,Operando,61.16,3.34,262
172,  Motor 02,Em manutenção,46.24,2.83,21
173,  Robô 01,parado,74.98,3.5,0
174,  Robô 02,Manutenção,64.87,3.22,8
175, Robô 01,Manut.,63.58,5.1,15
176,Motor 02,Manutenção,62.99,2.63,5
177,Esteira 02  ,Operando,64.07,2.96,395
178,  Motor 02,operando,64.57,2.64,418
179,Esteira 02  ,manutencao,65.05,4.98,15
180,  Esteira 01,Desligado,69.8,3.61,0
181,Robô 02  ,manutencao,77.15,1.73,8
182,Bomba 02 ,Manut.,68.3,2.33,0
183,  Esteira 02  ,Em operação,71.82,1.98,348
184, Compressor 01,PARADO,60.75,2.88,0
185,Robô 01  ,parado,61.07,3.34,0
186,  Esteira 01  ,Ligado,62.41,2.78,378
187,Bomba 02,Parado,66.64,1.54,0
188,  Bomba 02,Manutenção,69.68,1.7,4
189,Compressor 01,OPERANDO,57.65,3.08,402
190,  Motor 02,operando,59.37,2.92,364
191,  Motor 03,Em manutenção,64.72,2.62,15
192,Esteira 02 ,Fora de operação,63.43,1.74,0
193,  Bomba 01  ,Em manutenção,50.01,2.58,20
194,Compressor 01  ,Operando,63.21,2.61,355
195, Esteira 02,manutencao,83.34,4.59,24
196,  Motor 02,OPERANDO,61.78,1.07,191
197,Bomba 01,Em operação,62.32,3.92,242
198,  Robô 01,Fora de operação,65.17,2.53,0
199,Motor 03,Fora de operação,73.7,2.09,0
200,  Esteira 01,Manut.,62.59,2.74,20
201,  Esteira 02,Em operação,59.52,1.24,299
202,  Esteira 02  ,Desligado,71.13,4.0,0
203,Bomba 01  ,Em operação,62.27,2.29,244
204,Compressor 01 ,Ligado,80.72,3.09,207
205,  Esteira 01,Fora de operação,63.29,3.75,0
206,Esteira 02,Em manutenção,63.94,2.43,18
207,Motor 01  ,manutencao,51.84,3.14,9
208,Esteira 01  ,MANUTENÇÃO,61.03,4.24,19
209,  Esteira 02  ,MANUTENÇÃO,65.13,1.66,26
210,  Motor 03  ,operando,75.29,2.28,259
211,Compressor 01,Fora de operação,64.55,3.5,0
212,Esteira 02 ,manutencao,62.96,3.44,25
213,Robô 01 ,Desligado,61.42,3.09,0
214,Motor 03 ,Manut.,70.63,2.08,25
215,  Esteira 02  ,Em manutenção,65.17,3.52,30
216, Motor 02,MANUTENÇÃO,80.58,2.69,23
217,Bomba 02  ,Parado,72.91,3.64,0
218,Esteira 02  ,operando,56.96,3.52,352
219,Esteira 02  ,parado,74.3,0.97,0
220,  Motor 02  ,Ligado,57.42,3.35,323
221,Bomba 01  ,Ligado,61.04,1.96,298
222,  Esteira 02  ,parado,68.58,3.3,0
223,Motor 01 ,PARADO,70.82,3.59,0
224, Robô 01,parado,57.01,3.53,0
225,  Robô 01,Fora de operação,66.8,2.52,0
226,  Bomba 02  ,operando,71.86,1.9,420
227,Esteira 02,manutencao,61.79,3.89,30
228,Esteira 01 ,operando,73.65,2.99,410
229,Bomba 01,parado,64.02,5.69,0
230,Compressor 01,Manutenção,69.36,4.49,0
231,Motor 01 ,Ligado,79.28,2.98,232
232,Motor 02  ,Ligado,56.02,2.15,239
233, Bomba 01,MANUTENÇÃO,67.43,3.06,27
234, Motor 03,Desligado,66.98,3.72,0
235, Motor 01,Operando,59.24,4.47,330
236,Bomba 01,OPERANDO,66.65,3.62,287
237,Robô 01,manutencao,74.03,3.52,11
238,Robô 01  ,operando,62.27,3.31,337
239,  Motor 01  ,MANUTENÇÃO,75.63,2.3,9
240,  Compressor 01  ,Operando,74.42,3.53,282
241,  Bomba 02  ,operando,51.68,3.23,198
242,Motor 02 ,Fora de operação,69.17,3.52,0
243,  Robô 02  ,Fora de operação,61.08,2.83,0
244,Robô 02  ,Em operação,57.85,3.49,205
245,  Motor 02  ,Manutenção,73.37,2.22,27
246,  Esteira 01,PARADO,72.52,2.43,0
247,  Compressor 01,parado,66.23,2.24,0
248,  Bomba 01  ,Em operação,64.16,3.51,416
249,Compressor 01,operando,68.52,2.71,204
250, Bomba 01,Desligado,83.31,4.02,0
251,Robô 01 ,Manutenção,71.7,3.75,21
252,  Bomba 02  ,Operando,76.3,2.83,270
253,Motor 02  ,Desligado,69.37,4.52,0
254,Esteira 01,Parado,70.78,2.31,0
255,Esteira 02  ,Ligado,71.76,1.29,376
256,Robô 02  ,Manutenção,65.99,2.92,29
257,Esteira 02,OPERANDO,65.27,4.78,415
258,Bomba 01 ,Operando,68.63,3.61,348
259,Bomba 02,OPERANDO,65.94,0.43,203
260, Robô 01,parado,61.4,3.54,0
261,Bomba 01 ,manutencao,59.49,5.23,19
262,Motor 02,OPERANDO,72.34,4.26,352
263,Motor 02 ,PARADO,62.76,2.12,0
264,  Compressor 01,Em operação,68.8,4.27,268
265,Bomba 02,Em operação,62.91,1.89,314
266,Esteira 02,Ligado,59.51,3.93,181
267,Esteira 01 ,Ligado,68.29,1.41,254
268,Bomba 01,Operando,59.57,3.12,213
269,Bomba 02  ,manutencao,68.12,4.37,21
270,Bomba 01,parado,68.33,2.88,0
271,  Motor 01,Manut.,72.35,3.51,13
272,  Robô 02,manutencao,63.31,2.46,12
273,Motor 01 ,OPERANDO,70.08,1.78,392
274,Bomba 01,parado,69.92,2.48,0
275,  Robô 02,Desligado,79.46,4.06,0
276, Bomba 01,Parado,67.51,2.71,0
277,Motor 02  ,Desligado,71.18,4.72,0
278,  Bomba 01  ,Em manutenção,64.58,2.65,3
279,Motor 03 ,Ligado,68.86,3.61,374
280, Motor 02,MANUTENÇÃO,61.58,2.3,18
281,  Robô 02,Manutenção,75.02,2.51,20
282,Robô 02 ,Em manutenção,73.0,2.94,14
283,  Motor 02,PARADO,58.53,1.79,0
284,Robô 02,Parado,60.97,3.06,0
285,Compressor 01,Operando,63.09,3.7,345
286,Motor 02  ,Fora de operação,59.21,3.05,0
287,  Robô 01  ,Manut.,81.82,3.66,18
288,Esteira 01 ,Fora de operação,63.04,3.19,0
289,  Motor 01,operando,71.99,1.33,362
290,Motor 02  ,Manutenção,69.47,3.77,14
291,Compressor 01  ,Desligado,61.86,2.49,0
292,  Esteira 02,parado,68.62,1.61,0
293,  Motor 01  ,Manutenção,63.82,3.87,17
294,Bomba 02 ,Em operação,65.32,1.66,412
295, Robô 02,Parado,76.01,3.82,0
296,Bomba 01 ,Manutenção,64.78,2.15,19
297,Motor 02 ,Desligado,58.14,4.34,0
298,  Motor 03  ,manutencao,72.46,1.66,21
299,Robô 01,Manutenção,63.0,2.05,0
300,Bomba 01 ,OPERANDO,73.1,2.82,376
301, Compressor 01,Ligado,71.06,3.1,255
302,Motor 02  ,MANUTENÇÃO,55.89,2.69,16
303,  Motor 01  ,Parado,73.93,2.13,0
304,  Robô 02,OPERANDO,73.92,4.71,377
305, Robô 02,manutencao,60.34,3.49,21
306,  Esteira 01,Fora de operação,64.47,4.72,0
307, Compressor 01,Desligado,68.24,5.69,0
308, Compressor 01,Parado,63.04,1.93,0
309,  Compressor 01,MANUTENÇÃO,65.64,4.06,16
310, Bomba 02,Em manutenção,69.96,4.39,27
311,Esteira 02,Manutenção,60.31,3.22,29
312,  Motor 02  ,Em manutenção,63.41,3.05,2
313,Motor 03 ,PARADO,70.27,2.78,0
314,Bomba 02,Manut.,68.34,4.18,11
315,  Motor 01,Operando,61.61,3.69,278
316,Motor 02 ,Ligado,82.93,3.51,394
317, Bomba 01,OPERANDO,82.18,3.63,300
318,  Motor 03  ,PARADO,66.32,3.13,0
319,Motor 02,Em operação,67.85,3.66,420
320,Robô 02  ,parado,71.42,3.63,0
321,Esteira 02,Operando,67.73,4.52,339
322,Compressor 01,operando,71.27,2.09,317
323,  Motor 01  ,Desligado,57.07,2.38,0
324,  Esteira 02,Operando,63.1,2.61,286
325,  Motor 03  ,Manutenção,83.3,4.49,2
326,Robô 01  ,Desligado,68.89,1.94,0
327,  Motor 01,Em manutenção,57.23,3.37,11
328,  Esteira 02  ,Operando,65.37,3.39,241
329,Motor 02  ,manutencao,67.16,2.57,11
330,Robô 01 ,Em manutenção,58.77,1.63,21
331,  Compressor 01  ,PARADO,58.35,1.75,0
332,  Motor 02  ,MANUTENÇÃO,68.8,3.0,6
333, Motor 01,Manut.,82.73,3.71,16
334,Bomba 02  ,PARADO,66.76,4.77,0
335,Esteira 01 ,Parado,68.42,2.86,0
336,Bomba 01 ,operando,69.29,2.08,282
337,  Compressor 01,Parado,75.09,2.91,0
338,Compressor 01 ,Manut.,68.61,2.35,2
339,Bomba 02,parado,56.59,1.98,0
340,Robô 01 ,Parado,71.99,3.64,0
341,Esteira 02 ,PARADO,61.1,2.47,0
342,Compressor 01 ,PARADO,80.64,3.63,0
343,Bomba 01  ,parado,63.99,5.86,0
344,Motor 01,Manutenção,62.68,2.38,25
345,Motor 03,OPERANDO,73.12,1.87,292
346, Motor 01,operando,67.89,4.53,272
347,Bomba 02  ,Operando,58.66,2.18,274
348,  Bomba 01,MANUTENÇÃO,70.37,3.35,11
349,Bomba 02 ,Manutenção,63.81,5.6,0
350,  Motor 03,Desligado,60.18,3.94,0
351,Esteira 02 ,manutencao,44.86,4.21,9
352, Compressor 01,operando,68.81,3.4,224
353,Compressor 01,MANUTENÇÃO,61.39,1.34,10
354,  Bomba 01  ,operando,61.49,2.84,256
355,  Motor 03  ,manutencao,75.95,2.47,25
356,Bomba 01  ,Ligado,70.39,3.56,215
357,  Esteira 01,Operando,61.15,4.1,299
358, Robô 01,Fora de operação,68.93,2.85,0
359,  Bomba 02  ,manutencao,59.86,3.24,13
360,Robô 02,OPERANDO,76.89,2.85,295
361,  Compressor 01  ,Desligado,58.97,4.8,0
362,  Robô 01  ,Fora de operação,74.56,5.47,0
363,Bomba 02  ,Manut.,75.93,1.71,16
364,Motor 03 ,OPERANDO,75.59,5.09,237
365,Bomba 01  ,Manut.,66.4,3.5,6
366,Robô 01 ,OPERANDO,60.17,2.12,203
367,  Robô 01  ,OPERANDO,59.26,2.38,223
368,  Robô 02  ,Manut.,56.37,1.92,18
369,Motor 01,operando,76.62,3.5,327
370,  Esteira 02  ,Ligado,67.77,2.07,343
371,  Motor 01,Manut.,62.96,2.51,30
372,  Esteira 02,Ligado,70.58,1.67,256
373,Compressor 01,manutencao,74.01,3.5,15
374, Compressor 01,Parado,62.25,2.56,0
375,  Bomba 01  ,Em manutenção,63.02,3.93,24
376,Bomba 01  ,Desligado,71.09,3.56,0
377,Motor 02 ,PARADO,67.04,3.55,0
378,  Esteira 02,Em manutenção,63.04,2.6,27
379,Motor 03 ,Manut.,61.65,2.69,24
380,  Motor 03,Desligado,52.92,3.53,0
381,Compressor 01,operando,74.82,2.7,241
382,Esteira 01  ,Parado,72.43,3.34,0
383,  Robô 02  ,Manutenção,58.46,3.33,27
384,  Motor 02,OPERANDO,75.35,2.01,375
385,Bomba 02 ,Operando,59.62,3.86,229
386,Bomba 01  ,Em operação,74.42,3.63,375
387,Robô 01 ,Em manutenção,77.55,3.0,3
388,Motor 03,parado,52.61,5.2,0
389,Robô 01 ,MANUTENÇÃO,72.86,4.17,12
390,Robô 01,Operando,77.74,3.48,385
391,Compressor 01  ,PARADO,75.78,4.8,0
392,Motor 03 ,Manut.,63.84,2.71,19
393,Esteira 02  ,Parado,58.65,3.05,0
394,  Compressor 01  ,Fora de operação,63.04,4.85,0
395,Bomba 01 ,Manutenção,72.61,3.76,9
396,Motor 01  ,PARADO,66.0,4.55,0
397,Robô 02  ,Ligado,65.34,1.8,223
398,  Robô 01  ,manutencao,57.2,1.79,4
399,Esteira 01,Fora de operação,70.2,2.95,0
400,  Motor 01,Parado,60.7,3.6,0
401,  Esteira 01,Desligado,69.46,0.88,0
402,  Motor 01  ,OPERANDO,58.08,2.95,349
403,Compressor 01  ,parado,65.32,3.67,0
404,Robô 01 ,Desligado,59.67,4.46,0
405,Esteira 02  ,PARADO,68.87,3.8,0
406,Robô 01 ,Ligado,85.55,2.08,377
407,  Esteira 02  ,Ligado,64.03,2.02,302
408,Bomba 01  ,Manut.,77.26,2.46,9
409,Motor 02  ,Manutenção,52.66,2.53,12
410, Bomba 01,Em operação,83.85,3.75,200
411,  Bomba 01,Manutenção,66.68,4.24,6
412,Robô 01 ,Manut.,61.84,2.8,3
413,  Robô 02  ,Fora de operação,67.15,3.42,0
414, Robô 01,Manutenção,67.35,3.56,10
415,Compressor 01,Manutenção,67.09,3.0,17
416,  Motor 03,Manutenção,80.19,2.29,15
417,Esteira 01 ,Parado,66.46,3.44,0
418,  Motor 02  ,Fora de operação,68.28,4.73,0
419, Motor 01,parado,70.21,2.68,0
420,  Motor 01,MANUTENÇÃO,50.57,3.17,30
421,Esteira 02,Operando,64.15,4.4,417
422,Bomba 01 ,PARADO,75.74,3.01,0
423, Compressor 01,Em manutenção,61.41,3.08,25
424,Motor 02 ,OPERANDO,65.8,1.66,363
425,Motor 03,manutencao,63.95,3.81,21
426, Esteira 01,Fora de operação,76.23,1.42,0
427,Bomba 02  ,Parado,75.9,3.87,0
428, Motor 03,PARADO,64.64,3.78,0
429,  Esteira 02,Ligado,61.79,3.36,264
430,Esteira 02  ,manutencao,62.11,2.76,11
431,Esteira 01,Manutenção,71.41,3.68,12
432,  Robô 01  ,MANUTENÇÃO,65.69,3.56,29
433,Esteira 02 ,Fora de operação,70.2,5.57,0
434, Compressor 01,PARADO,66.86,1.74,0
435,  Bomba 02  ,Desligado,77.06,2.22,0
436, Esteira 01,Manutenção,67.42,1.07,2
437,  Robô 01,Desligado,66.19,2.71,0
438,Robô 02,Operando,74.18,1.2,231
439,Robô 02  ,OPERANDO,74.03,4.79,293
440,  Motor 02  ,Ligado,65.33,1.97,410
441,  Robô 01,MANUTENÇÃO,70.5,3.28,13
442,Compressor 01  ,Operando,57.24,2.56,258
443,  Motor 01,Em operação,71.7,1.59,328
444,Motor 02,parado,65.58,3.4,0
445,Motor 01,Manut.,61.33,3.24,5
446,  Motor 03  ,manutencao,62.55,2.27,28
447,  Bomba 02,Em manutenção,72.91,2.62,2
448, Robô 01,Manutenção,69.25,2.71,17
449,Bomba 02  ,OPERANDO,66.31,2.4,180
450,Motor 01 ,PARADO,62.94,1.99,0
451,  Robô 01,Em manutenção,67.99,4.2,4
452, Esteira 02,Manut.,75.44,1.9,1
453,Bomba 02  ,MANUTENÇÃO,80.52,2.28,7
454,Esteira 01,operando,60.68,2.49,352
455, Motor 01,manutencao,74.24,3.4,17
456,Esteira 01,OPERANDO,61.22,3.08,388
457,Robô 02 ,Fora de operação,58.46,2.24,0
458, Bomba 01,Em operação,81.54,1.06,313
459,  Esteira 01,Em operação,65.59,4.36,331
460,  Motor 03  ,Manutenção,59.65,3.62,11
461,Bomba 02  ,Parado,64.63,2.13,0
462,  Esteira 02,OPERANDO,67.22,1.97,397
463,Esteira 01 ,Em manutenção,63.66,1.35,29
464,Motor 01  ,parado,75.75,2.84,0
465,  Motor 03,Ligado,66.8,3.99,200
466,Compressor 01 ,operando,54.16,2.68,193
467,  Esteira 02,Manutenção,65.43,2.93,2
468,Esteira 01  ,manutencao,64.68,2.48,6
469,Bomba 01 ,Manut.,83.39,3.33,30
470,  Motor 02  ,MANUTENÇÃO,61.83,3.2,19
471,  Esteira 01,Manut.,67.41,3.98,9
472,  Bomba 02,Desligado,63.43,2.41,0
473,Bomba 01  ,Manut.,63.81,3.11,23
474,Compressor 01 ,Manut.,68.76,3.93,1
475, Robô 02,manutencao,70.31,3.72,29
476,Robô 02  ,manutencao,63.5,3.38,10
477,  Esteira 01,Fora de operação,71.12,2.08,0
478,Bomba 01 ,MANUTENÇÃO,74.93,0.75,20
479,  Compressor 01,OPERANDO,66.3,2.17,215
480,  Robô 01,OPERANDO,74.58,2.48,344
481,Motor 01  ,Operando,68.46,2.77,389
482,Motor 01,parado,73.42,4.17,0
483,  Motor 02  ,OPERANDO,75.3,3.17,275
484,Motor 01  ,Manutenção,62.16,1.9,15
485,Compressor 01,Operando,59.94,2.89,184
486,  Robô 01  ,Em operação,61.39,2.92,308
487, Bomba 02,operando,74.43,2.5,241
488,Esteira 01  ,Desligado,66.9,4.04,0
489,Bomba 02,Parado,74.51,2.82,0
490,  Esteira 01  ,Ligado,62.94,4.88,200
491,Motor 01,parado,60.56,3.97,0
492,  Motor 01  ,Operando,66.15,2.7,396
493,  Bomba 02  ,MANUTENÇÃO,57.59,5.5,3
494,Robô 01,Ligado,70.38,5.05,407
495,  Robô 02,Em operação,69.63,3.21,416
496,Esteira 02  ,Fora de operação,64.6,2.57,0
497,Bomba 01,Ligado,57.01,2.23,362
498,Bomba 02,Em operação,69.71,3.73,393
499,  Bomba 02  ,Manut.,60.33,2.85,23
500,  Motor 03  ,manutencao,77.2,3.88,11
501,Motor 01,parado,67.31,3.5,0
502,Robô 02  ,Fora de operação,57.39,4.14,0
503,  Motor 01  ,Em operação,68.6,2.03,238
504,Bomba 01  ,parado,57.39,3.73,0
505,Bomba 02,MANUTENÇÃO,57.8,1.89,22
506,Motor 02,Em operação,73.25,4.4,342
507,  Motor 03  ,parado,65.65,3.53,0
508,Motor 01 ,PARADO,63.46,3.71,0
509,Motor 03,OPERANDO,58.89,3.64,311
510,Bomba 02,Operando,74.52,3.78,332
511,Robô 02 ,Em manutenção,62.63,3.65,12
512,  Motor 02  ,Manut.,46.55,1.95,7
513,Robô 02  ,OPERANDO,65.31,2.54,248
514,Esteira 02 ,PARADO,69.58,3.58,0
515,  Esteira 02,Em operação,64.21,3.14,244
516,  Esteira 01  ,Manutenção,57.31,3.14,14
517, Motor 02,Em operação,74.02,3.14,395
518,  Robô 02,MANUTENÇÃO,71.89,2.28,13
519, Robô 02,Em operação,59.71,5.29,231
520,Compressor 01 ,OPERANDO,84.97,2.52,254
521,Compressor 01  ,MANUTENÇÃO,67.32,4.07,26
522,Bomba 02 ,operando,71.25,2.82,319
523,  Motor 03  ,MANUTENÇÃO,50.54,2.33,14
524,  Esteira 01,MANUTENÇÃO,64.24,4.58,26
525,  Bomba 02  ,PARADO,70.81,3.75,0
526,  Esteira 02  ,OPERANDO,64.32,1.38,198
527,Compressor 01  ,PARADO,59.48,2.49,0
528,Bomba 02  ,Operando,68.67,2.19,409
529,Robô 01  ,Manutenção,69.89,2.85,7
530, Bomba 01,Manutenção,60.16,2.26,20
531,Bomba 02 ,MANUTENÇÃO,66.08,3.16,8
532,Esteira 01  ,manutencao,57.84,2.94,18
533,  Esteira 01,Parado,57.67,4.19,0
534,  Robô 02  ,Desligado,81.25,5.93,0
535,Compressor 01,Em operação,51.55,4.39,209
536,Motor 03 ,Em operação,60.23,4.56,313
537,Compressor 01 ,PARADO,76.16,4.02,0
538,Compressor 01 ,operando,63.04,4.83,209
539,Motor 01 ,Manutenção,76.71,4.24,29
540,Esteira 01  ,OPERANDO,61.05,2.81,289
541, Compressor 01,MANUTENÇÃO,63.3,3.46,20
542,  Bomba 02,Operando,65.85,1.03,295
543,  Robô 02,parado,71.87,3.12,0
544,  Esteira 02  ,MANUTENÇÃO,69.62,1.84,25
545, Robô 01,Parado,63.44,4.08,0
546,  Esteira 02  ,Em manutenção,48.84,3.27,10
547,  Robô 02,Fora de operação,64.31,3.41,0
548,  Bomba 01,Fora de operação,71.9,4.42,0
549,Esteira 02  ,Fora de operação,70.23,3.37,0
550, Motor 02,Em operação,72.02,3.75,216
551,  Robô 01,parado,59.47,2.36,0
552, Bomba 02,PARADO,59.91,1.94,0
553,Motor 03  ,OPERANDO,63.16,3.14,260
554,Compressor 01  ,Operando,78.44,1.26,304
555, Motor 03,Em manutenção,60.3,3.96,20
556,  Compressor 01,Manutenção,56.0,3.18,14
557, Compressor 01,operando,55.56,2.39,236
558,Esteira 02,Em operação,67.91,3.92,379
559,Compressor 01  ,manutencao,68.16,1.94,16
560,Motor 02  ,operando,66.02,4.34,273
561,Robô 01,MANUTENÇÃO,65.3,1.87,13
562,  Motor 02  ,Em manutenção,64.0,2.48,27
563,  Motor 01,Em operação,59.51,4.6,292
564, Motor 02,Ligado,70.47,1.86,269
565,  Robô 02  ,parado,68.93,3.57,0
566, Esteira 01,MANUTENÇÃO,73.06,3.44,8
567,Robô 02  ,OPERANDO,62.12,4.5,254
568,Robô 02 ,Em manutenção,52.03,2.91,26
569, Motor 02,MANUTENÇÃO,70.49,0.92,8
570,  Motor 03  ,Em manutenção,69.65,3.52,10
571,  Esteira 01  ,parado,57.83,3.19,0
572,  Esteira 02  ,parado,65.04,3.38,0
573,  Motor 02,Desligado,66.99,1.56,0
574,  Bomba 01,PARADO,66.77,3.16,0
575,  Motor 02  ,PARADO,59.84,1.94,0
576,Motor 02  ,parado,68.49,4.14,0
577,  Esteira 01,Em operação,64.47,3.83,320
578, Robô 02,Fora de operação,74.4,1.69,0
579,Motor 01,operando,57.65,1.74,184
580, Motor 02,PARADO,46.1,3.94,0
581, Bomba 02,manutencao,79.19,1.99,9
582,Motor 03 ,operando,64.0,2.47,275
583,Motor 03,parado,59.07,1.96,0
584,  Esteira 01,Manutenção,69.63,3.34,6
585,Compressor 01,OPERANDO,59.95,2.43,293
586,Motor 01,manutencao,65.03,3.52,27
587,  Bomba 02  ,OPERANDO,62.0,3.2,202
588,Motor 02,Parado,63.03,3.72,0
589, Bomba 02,Manutenção,70.88,3.08,16
590,Robô 02,Fora de operação,62.57,2.23,0
591,  Esteira 01  ,manutencao,71.19,3.94,21
592, Compressor 01,operando,70.06,2.77,211
593,  Robô 02  ,parado,62.58,3.95,0
594, Motor 03,Em operação,63.75,2.5,333
595,  Robô 02  ,Fora de operação,63.37,5.42,0
596,  Motor 01  ,Manut.,64.3,4.24,16
597,  Esteira 01  ,parado,66.34,3.42,0
598,  Esteira 01,parado,73.26,3.87,0
599,Robô 02,Desligado,67.83,3.0,0
600,Bomba 01 ,OPERANDO,56.86,4.35,287
601,Bomba 01  ,Manutenção,70.68,4.1,24
602,Motor 02,Fora de operação,71.97,3.42,0
603,Motor 01,MANUTENÇÃO,62.39,3.59,22
604,  Robô 01,parado,66.13,2.7,0
605,Robô 01  ,Fora de operação,68.68,3.44,0
606,Motor 02  ,Manut.,70.69,4.84,17
607,  Bomba 01,Fora de operação,58.18,1.68,0
608,Motor 02 ,manutencao,50.98,4.05,7
609, Motor 01,operando,70.09,2.87,336
610,Robô 02,Em operação,61.84,1.83,224
611,Motor 02,manutencao,67.69,3.21,15
612,Bomba 01  ,Desligado,69.3,1.54,0
613,Motor 03 ,OPERANDO,66.98,1.07,367
614,Motor 02,Parado,68.96,2.35,0
615,Motor 02 ,manutencao,76.72,2.88,15
616,Compressor 01  ,Parado,80.03,3.78,0
617,Motor 03 ,OPERANDO,66.9,3.57,326
618, Motor 02,manutencao,64.9,3.08,27
619, Motor 01,Operando,60.23,3.27,218
620,Motor 03,Desligado,70.63,1.61,0
621, Bomba 02,Parado,67.17,5.32,0
622,Bomba 01 ,Em manutenção,72.97,3.55,16
623, Motor 01,Ligado,73.62,0.44,282
624,  Motor 02,Em manutenção,64.28,4.99,10
625,Motor 02  ,PARADO,71.68,3.13,0
626,Robô 02 ,manutencao,61.39,2.32,18
627, Compressor 01,manutencao,76.59,2.11,7
628,Motor 03,Manut.,62.69,3.49,11
629,Motor 01 ,Operando,67.38,2.13,368
630,Esteira 02,Ligado,61.93,2.96,305
631, Motor 01,manutencao,66.61,3.39,7
632,  Robô 01,manutencao,73.14,2.42,23
633,Motor 02  ,operando,57.04,3.05,280
634,Motor 02  ,Fora de operação,76.54,3.66,0
635, Motor 03,Em operação,66.58,3.97,385
636,  Bomba 02  ,Em manutenção,66.44,2.23,8
637,Esteira 01,Ligado,74.88,4.39,207
638,Motor 03,OPERANDO,61.22,3.37,210
639,Robô 01 ,MANUTENÇÃO,68.58,3.93,8
640,Motor 02,OPERANDO,69.11,2.3,360
641,Robô 02,Ligado,70.21,2.34,203
642,Esteira 01 ,parado,56.51,2.97,0
643, Esteira 02,Operando,80.13,2.52,322
644, Robô 01,operando,54.72,3.53,215
645,Motor 02,Operando,76.64,0.61,213
646,  Esteira 01,Parado,60.57,0.93,0
647,Motor 02  ,Fora de operação,66.29,4.93,0
648,Motor 01,Ligado,73.2,2.48,212
649,Motor 02 ,operando,74.5,3.39,223
650,  Robô 02,Em manutenção,65.69,1.94,12
651, Bomba 02,Parado,67.99,3.73,0
652,  Esteira 02,Manut.,72.74,4.21,19
653,  Esteira 01  ,Em operação,52.51,3.11,302
654,Motor 01,Em operação,61.59,3.8,344
655, Robô 01,Manutenção,75.76,3.05,0
656,  Bomba 02  ,Parado,54.89,3.32,0
657,Bomba 01  ,Desligado,64.58,3.82,0
658,Motor 01 ,Fora de operação,69.88,5.19,0
659,Esteira 02,MANUTENÇÃO,75.58,3.03,24
660, Robô 02,OPERANDO,75.28,3.96,248
661,  Robô 01  ,Operando,68.5,0.68,327
662,Bomba 02 ,Manut.,74.19,1.46,5
663,Esteira 01  ,Parado,70.74,1.65,0
664,Robô 02,manutencao,61.8,0.79,18
665,Motor 03  ,Ligado,73.61,1.54,306
666,Robô 01 ,OPERANDO,63.96,3.13,239
667, Robô 02,Operando,66.74,3.09,414
668, Robô 02,MANUTENÇÃO,74.59,4.26,29
669,Bomba 01,Operando,73.55,4.35,216
670,Motor 02  ,Em manutenção,65.2,3.39,22
671,Bomba 02  ,operando,63.8,3.86,220
672,  Bomba 02  ,PARADO,64.44,2.6,0
673,  Robô 01  ,Manut.,78.1,2.34,7
674, Robô 02,parado,63.26,4.53,0
675, Motor 03,manutencao,77.89,3.12,18
676,Bomba 02  ,Operando,69.54,3.9,387
677, Robô 02,Manutenção,51.93,2.16,4
678,  Bomba 01  ,operando,68.5,5.93,222
679,  Motor 02  ,Manutenção,57.63,1.5,14
680,Motor 01 ,Ligado,67.01,3.47,245
681,  Motor 02  ,Operando,74.18,3.42,287
682,  Motor 03,PARADO,71.8,2.47,0
683,Bomba 02,Em manutenção,53.13,3.36,20
684, Esteira 01,PARADO,79.11,3.96,0
685,Esteira 02,Parado,66.77,3.57,0
686, Bomba 01,Manut.,58.94,4.24,17
687,Motor 02 ,Fora de operação,81.74,2.9,0
688,  Motor 01,Manutenção,74.48,4.91,5
689,Motor 01,Parado,68.25,3.72,0
690,  Robô 01  ,Manut.,66.31,2.32,9
691, Esteira 02,operando,75.68,3.5,395
692, Compressor 01,Operando,62.26,3.91,255
693,  Robô 02,Ligado,70.91,3.49,343
694,Esteira 02,PARADO,70.34,2.39,0
695,  Bomba 02,PARADO,71.34,2.62,0
696,  Robô 01,OPERANDO,62.27,3.81,227
697,Compressor 01,Em operação,61.91,3.39,394
698,Esteira 02  ,Operando,73.29,4.36,204
699,  Motor 02  ,Parado,69.59,2.13,0
700, Robô 02,Desligado,73.42,3.47,0
701,  Robô 01,Desligado,60.67,0.93,0
702, Robô 02,PARADO,64.88,4.06,0
703,Motor 01  ,Fora de operação,77.19,2.05,0
704, Robô 02,operando,74.26,2.76,222
705, Esteira 01,OPERANDO,69.73,3.21,354
706, Bomba 02,Em manutenção,57.75,1.74,8
707,  Bomba 01  ,Manut.,68.05,2.7,17
708,Bomba 02  ,Parado,72.26,2.15,0
709,  Motor 01  ,Fora de operação,56.59,2.19,0
710,  Motor 02,OPERANDO,72.56,4.17,374
711,Motor 02,Fora de operação,69.27,1.37,0
712,Robô 01 ,Manut.,61.17,3.62,15
713,Robô 02  ,PARADO,72.46,3.29,0
714,Motor 03  ,Fora de operação,64.01,2.18,0
715,Bomba 02 ,manutencao,67.9,4.75,29
716,Esteira 02 ,Operando,60.48,4.61,259
717,  Esteira 02,Em manutenção,65.94,2.67,27
718, Esteira 01,Em operação,74.48,2.93,391
719,Bomba 01 ,manutencao,58.27,3.82,6
720, Compressor 01,Manut.,72.16,1.63,24
721,Robô 01 ,Em manutenção,78.63,3.71,2
722,  Esteira 02  ,Desligado,56.99,4.09,0
723,Robô 01  ,Operando,73.58,4.91,231
724, Motor 01,Operando,51.93,3.7,360
725,Esteira 01 ,Parado,70.7,2.04,0
726,  Motor 02  ,Operando,67.41,4.26,294
727,  Motor 03,Fora de operação,60.9,2.81,0
728,  Esteira 02  ,Em manutenção,64.85,2.34,12
729, Motor 01,Em manutenção,50.72,1.96,27
730,  Esteira 01  ,Ligado,64.57,2.39,284
731,Robô 01,Em manutenção,69.26,1.42,0
732, Compressor 01,Manutenção,72.84,4.69,7
733,Esteira 02  ,MANUTENÇÃO,77.35,2.55,22
734,  Esteira 02,Manut.,62.37,3.75,8
735,  Esteira 01,Em operação,61.23,1.43,281
736,Robô 02,Operando,56.71,2.99,395
737,Bomba 01  ,Manutenção,62.26,2.65,21
738,  Motor 02,operando,64.09,3.79,263
739,Esteira 02 ,Manutenção,63.42,1.05,9
740, Esteira 01,Desligado,68.46,0.97,0
741,  Robô 02,Manutenção,65.37,3.6,0
742,Compressor 01 ,Em operação,72.94,2.54,368
743,Motor 01  ,manutencao,79.87,3.04,10
744,  Esteira 01  ,Desligado,61.86,2.23,0
745,Bomba 01  ,Em operação,74.57,1.52,404
746, Robô 01,Em operação,70.0,3.4,246
747, Robô 01,Manutenção,75.24,2.24,7
748, Bomba 01,manutencao,72.05,2.35,28
749,Bomba 01 ,Em operação,60.29,2.53,210
750,Compressor 01,Em manutenção,60.87,2.11,19
751,  Motor 02,Manut.,68.21,3.57,21
752,Bomba 02  ,Em operação,54.9,4.15,218
753, Motor 03,Parado,59.35,3.8,0
754, Compressor 01,Parado,69.86,2.62,0
755,  Motor 02,Parado,64.03,2.64,0
756,Motor 01,PARADO,65.26,4.77,0
757,Motor 03  ,MANUTENÇÃO,73.68,4.57,24
758, Motor 02,Fora de operação,60.22,3.53,0
759,  Bomba 02,parado,75.64,3.14,0
760,Bomba 01,Manut.,61.19,4.8,6
761,  Motor 01  ,Operando,63.3,2.56,357
762,Bomba 01 ,OPERANDO,73.62,3.81,258
763,Motor 03,Em manutenção,83.35,3.79,14
764,Robô 01  ,Desligado,59.32,4.88,0
765,Motor 03 ,Manut.,55.36,3.2,5
766,Bomba 02,Ligado,70.26,5.96,234
767,Motor 01  ,Desligado,70.26,3.93,0
768,  Motor 01,Manut.,59.35,1.77,19
769,Motor 01  ,Operando,61.65,1.86,185
770,  Motor 01  ,operando,61.07,3.59,320
771,  Esteira 02,manutencao,73.17,4.36,20
772,Motor 01 ,parado,61.56,1.85,0
773,Esteira 02  ,Fora de operação,64.78,2.11,0
774,Motor 02  ,manutencao,62.78,2.55,25
775,  Motor 02,Ligado,57.59,2.0,392
776, Robô 01,Parado,65.31,2.3,0
777,Motor 01  ,PARADO,76.04,2.28,0
778,Compressor 01 ,Ligado,77.45,3.13,412
779,Motor 02  ,Manutenção,49.91,3.19,24
780,Robô 01,manutencao,64.49,0.96,20
781,  Esteira 01,Em operação,66.8,3.42,388
782,Motor 03,Em manutenção,63.83,4.84,10
783,  Bomba 02  ,operando,76.76,4.05,191
784, Motor 01,Manutenção,63.24,2.39,28
785,Compressor 01  ,Em operação,69.23,2.79,388
786, Bomba 01,operando,52.45,4.59,249
787,  Bomba 02  ,Em manutenção,59.74,3.24,28
788,Motor 03,OPERANDO,66.19,2.77,396
789,Motor 03,parado,73.82,2.49,0
790,  Robô 02  ,PARADO,69.86,3.99,0
791,Bomba 01  ,Operando,76.37,1.53,366
792,  Motor 03,Manut.,52.41,3.26,14
793,Motor 01,Em operação,66.38,2.97,402
794,  Robô 01  ,Fora de operação,66.18,2.4,0
795,Bomba 01  ,Desligado,63.32,1.82,0
796,  Bomba 02  ,manutencao,67.06,4.02,21
797, Bomba 02,Em manutenção,73.82,1.23,19
798,Motor 01,Manutenção,74.61,2.62,15
799, Compressor 01,operando,67.06,2.22,264
800,Esteira 02,Desligado,68.72,4.51,0
801, Bomba 02,operando,54.83,3.56,294
802,  Motor 02,PARADO,59.07,5.67,0
803,Motor 01,parado,59.39,3.77,0
804,Motor 01,MANUTENÇÃO,59.29,2.25,9
805,Robô 01  ,Ligado,62.64,2.19,267
806,Bomba 01,Em manutenção,68.3,4.18,17
807,Robô 02  ,PARADO,65.62,2.17,0
808,Compressor 01,operando,67.29,2.39,267
809,  Bomba 01  ,MANUTENÇÃO,64.78,4.27,22
810,Motor 02,Manut.,68.98,3.57,22
811,Bomba 02,Em operação,63.54,2.69,418
812, Bomba 02,PARADO,69.06,2.52,0
813,Bomba 01,MANUTENÇÃO,53.26,4.27,26
814,Robô 02,MANUTENÇÃO,73.02,2.4,18
815, Robô 01,PARADO,78.42,3.14,0
816,  Robô 01,Em manutenção,53.31,1.94,24
817,  Motor 03  ,Fora de operação,72.94,4.73,0
818,  Motor 02,Manutenção,55.31,1.88,16
819,  Bomba 02,Fora de operação,77.25,2.25,0
820,  Esteira 02,Parado,74.56,2.9,0
821, Motor 03,parado,55.33,1.85,0
822,Robô 01 ,Em manutenção,62.83,1.21,22
823,  Robô 01  ,Ligado,69.97,4.43,254
824,  Bomba 01  ,OPERANDO,77.07,2.93,225
825,Robô 01  ,manutencao,59.81,1.91,24
826,Bomba 01  ,PARADO,52.48,1.91,0
827,  Bomba 02  ,manutencao,73.8,2.34,28
828,Bomba 02,Desligado,72.38,3.71,0
829,  Motor 01  ,Operando,70.61,4.68,221
830,  Esteira 02  ,Em operação,68.52,3.38,380
831, Esteira 02,MANUTENÇÃO,60.62,2.86,14
832,Motor 02  ,Em manutenção,62.94,1.95,7
833,  Robô 01,Ligado,54.53,2.98,358
834,  Esteira 02  ,Manutenção,73.57,3.39,13
835,Bomba 01  ,Operando,72.31,3.16,338
836, Compressor 01,Manut.,59.66,1.93,11
837,Robô 02  ,manutencao,57.36,2.05,30
838,Esteira 01 ,PARADO,71.67,4.46,0
839, Motor 03,manutencao,60.21,3.02,13
840,Esteira 02  ,Em operação,73.34,4.07,245
841,Motor 01 ,PARADO,65.98,2.54,0
842,Motor 03 ,Fora de operação,82.43,3.83,0
843,  Robô 02  ,Em operação,57.89,3.18,271
844,  Motor 02  ,Parado,49.66,2.7,0
845,Robô 01,MANUTENÇÃO,59.74,3.07,17
846,Bomba 02,Parado,67.87,3.78,0
847,Bomba 01 ,Parado,62.36,5.46,0
848,Robô 02  ,PARADO,80.04,3.06,0
849,Motor 01,Manutenção,64.06,3.71,20
850,Robô 02  ,Ligado,77.25,2.71,262
851,Bomba 02,parado,66.54,4.7,0
852,Motor 01  ,Em manutenção,68.08,1.91,16
853,  Compressor 01,Operando,64.08,4.49,262
854,Robô 01,operando,75.69,5.27,317
855,Robô 01,Manutenção,76.56,3.7,24
856,  Esteira 01  ,parado,69.43,2.52,0
857,  Bomba 02  ,Em manutenção,77.78,2.49,4
858,  Motor 01,manutencao,65.53,3.47,1
859,Motor 03 ,Desligado,78.75,3.9,0
860,  Esteira 02,parado,60.21,3.41,0
861,Bomba 01,parado,62.99,2.0,0
862,Robô 02,MANUTENÇÃO,66.95,2.79,27
863,Motor 02 ,Manut.,61.21,3.09,21
864,Esteira 02  ,operando,63.85,5.34,277
865,  Bomba 02  ,Operando,58.47,3.3,214
866,Bomba 02  ,Em operação,70.78,2.96,353
867,Bomba 01,Desligado,69.73,2.71,0
868,Motor 01,Fora de operação,59.86,2.39,0
869,Motor 02 ,Ligado,66.84,0.94,268
870,  Esteira 01,Manut.,61.9,2.15,5
871, Motor 03,Fora de operação,69.34,2.53,0
872,  Motor 03  ,MANUTENÇÃO,64.87,2.96,24
873,  Robô 01,Manutenção,61.48,2.85,2
874,Esteira 02,Ligado,65.76,1.96,264
875, Bomba 01,Manutenção,65.2,2.72,19
876, Motor 02,Parado,60.78,3.18,0
877,  Esteira 02  ,Fora de operação,72.21,4.16,0
878,  Bomba 01,OPERANDO,72.26,3.12,236
879,Bomba 02 ,Em manutenção,60.29,4.27,10
880,  Compressor 01,PARADO,63.23,3.76,0
881,Robô 01,OPERANDO,65.23,2.77,251
882,Motor 03  ,Ligado,65.79,5.18,199
883,Motor 02,Em manutenção,65.24,3.09,18
884,  Robô 02,MANUTENÇÃO,54.14,1.93,17
885,Esteira 02  ,Manut.,74.91,3.09,24
886,Motor 03 ,parado,69.01,4.8,0
887, Esteira 02,PARADO,63.95,3.1,0
888,Bomba 01  ,Operando,59.91,1.44,386
889,  Robô 02  ,OPERANDO,67.17,2.55,220
890,Motor 03  ,Fora de operação,57.11,0.89,0
891,Compressor 01 ,Operando,68.58,4.23,196
892,Esteira 02 ,Ligado,71.59,3.28,412
893,  Bomba 01,PARADO,79.58,2.08,0
894,  Motor 01  ,Parado,81.67,4.69,0
895,  Esteira 02  ,Em operação,58.99,2.48,276
896,Bomba 02 ,Fora de operação,59.41,1.54,0
897,Robô 01 ,parado,71.9,2.98,0
898,Bomba 02 ,Em manutenção,72.45,2.25,15
899,Robô 02,Desligado,72.56,2.37,0
900,Esteira 01,Desligado,64.01,2.56,0
901, Motor 03,Parado,56.66,2.0,0
902,  Esteira 01,MANUTENÇÃO,65.34,3.53,21
903,  Compressor 01,Ligado,58.49,2.32,285
904, Motor 01,Operando,73.51,4.06,214
905,Robô 01,Manut.,64.87,2.95,8
906,Motor 03  ,parado,59.69,2.35,0
907,  Motor 01  ,manutencao,63.99,2.41,2
908,  Esteira 01,Fora de operação,81.05,3.01,0
909, Motor 03,Em manutenção,63.71,3.4,18
910,Motor 03  ,Manutenção,62.77,3.06,21
911,  Bomba 01,Fora de operação,62.74,2.71,0
912, Bomba 02,operando,75.47,3.23,412
913,  Robô 01  ,parado,71.42,1.89,0
914,  Motor 03,Manut.,65.52,2.91,25
915,Robô 01  ,MANUTENÇÃO,72.94,3.87,4
916,Robô 02  ,Em manutenção,83.49,3.12,21
917,Bomba 02  ,parado,65.57,3.32,0
918,  Robô 01,Ligado,74.44,2.67,376
919,Bomba 02 ,Fora de operação,72.14,1.04,0
920,Robô 02,parado,72.31,3.95,0
921,Esteira 01,Em operação,59.85,2.37,245
922,Esteira 01,manutencao,66.97,2.98,16
923,Motor 02  ,Operando,63.64,3.58,385
924,  Bomba 01,Parado,72.78,3.75,0
925,Robô 02 ,Em operação,71.5,2.27,273
926,Robô 02 ,Manutenção,63.22,3.51,17
927,  Robô 01,OPERANDO,60.89,4.03,244
928,Esteira 02  ,Parado,68.07,2.1,0
929,  Motor 03  ,operando,66.9,2.01,359
930,Motor 03,Ligado,54.72,3.01,385
931,Robô 01  ,manutencao,66.09,2.8,12
932,Motor 01,Em manutenção,76.76,4.91,13
933,Motor 02,Em operação,67.5,3.5,189
934,  Bomba 02,Fora de operação,63.8,2.42,0
935,Robô 02,MANUTENÇÃO,71.28,1.81,14
936, Motor 01,Em manutenção,60.02,1.6,9
937,Esteira 01,MANUTENÇÃO,60.16,2.4,7
938, Robô 02,Manutenção,72.04,3.27,0
939,Motor 03,Em operação,68.21,2.18,281
940,Bomba 02  ,Ligado,55.63,2.92,197
941,Motor 02  ,Em operação,65.66,1.83,329
942,Bomba 01 ,Em manutenção,65.42,4.45,6
943,  Compressor 01,Fora de operação,71.34,3.12,0
944,Robô 01,Desligado,72.25,3.47,0
945,Motor 02  ,Em operação,76.13,1.81,327
946,  Esteira 02  ,PARADO,75.8,2.83,0
947,Esteira 01 ,MANUTENÇÃO,59.48,3.38,18
948,  Motor 01,operando,66.66,4.08,381
949,  Esteira 01  ,manutencao,67.77,3.96,30
950,Bomba 01  ,Desligado,80.2,3.22,0
951,Esteira 01 ,operando,57.63,4.09,267
952,Motor 02  ,Manut.,69.64,3.88,6
953,Robô 02 ,OPERANDO,77.03,2.61,412
954,  Esteira 01,manutencao,70.55,4.65,27
955, Esteira 02,Ligado,68.55,3.82,338
956, Bomba 01,MANUTENÇÃO,79.33,4.5,21
957,Compressor 01  ,Operando,67.78,1.86,190
958,Compressor 01 ,Fora de operação,61.02,5.06,0
959,Robô 02 ,PARADO,71.87,4.65,0
960,Robô 01 ,parado,68.6,4.39,0
961,Motor 01  ,MANUTENÇÃO,52.31,4.2,1
962,Robô 01 ,parado,74.74,1.77,0
963,Compressor 01,manutencao,60.94,3.0,0
964,  Motor 01  ,Ligado,64.66,3.42,272
965,Robô 02 ,OPERANDO,62.09,2.88,300
966,Robô 02 ,Parado,69.97,4.06,0
967,  Bomba 02  ,MANUTENÇÃO,57.45,4.51,8
968, Compressor 01,Fora de operação,73.23,4.06,0
969,Esteira 01,manutencao,66.36,3.83,13
970, Bomba 02,OPERANDO,70.55,1.54,301
971, Motor 01,parado,43.96,3.11,0
972,Robô 01  ,manutencao,63.76,4.16,8
973,Robô 01  ,Operando,58.39,4.01,195
974,Esteira 01 ,PARADO,68.67,2.72,0
975,Bomba 01 ,Parado,61.29,4.08,0
976,Esteira 02 ,Operando,61.47,3.59,353
977, Robô 02,Fora de operação,58.0,2.44,0
978,Motor 03 ,Parado,63.2,4.16,0
979,Compressor 01,parado,61.09,2.37,0
980, Motor 03,Manutenção,69.25,2.25,20
981,Robô 02  ,parado,68.57,2.79,0
982,Motor 03 ,Ligado,63.04,4.44,361
983,Esteira 02  ,Manutenção,55.41,4.38,24
984,  Bomba 01  ,Fora de operação,59.41,2.96,0
985, Motor 03,Em manutenção,78.17,3.33,21
986,  Esteira 02  ,manutencao,66.99,2.41,12
987,Motor 02,operando,74.31,2.66,193
988,  Motor 01,Desligado,67.27,2.68,0
989,Esteira 02  ,OPERANDO,80.99,4.27,279
990, Esteira 02,Ligado,66.41,2.02,212
991,Motor 03  ,Em manutenção,67.9,3.33,11
992,  Bomba 01,PARADO,75.62,2.9,0
993,Esteira 02  ,PARADO,78.27,4.93,0
994, Robô 01,Fora de operação,58.92,2.29,0
995,  Robô 02,Desligado,61.48,2.15,0
996,  Bomba 01,Desligado,67.43,3.53,0
997,Esteira 02 ,parado,66.63,3.95,0
998,Motor 01  ,Em manutenção,67.2,2.56,9
999,Compressor 01  ,Operando,63.9,2.02,373
1000,Compressor 01 ,Operando,68.25,1.32,332
1001,Esteira 01,Desligado,61.94,3.83,0
1002,  Robô 01,parado,67.01,4.68,0
1003,  Bomba 02,Ligado,66.4,4.14,241
1004,Robô 01  ,MANUTENÇÃO,65.08,2.35,20
1005,Robô 01 ,parado,68.0,3.45,0
1006,Motor 03 ,operando,60.67,2.05,249
1007,  Robô 02,Ligado,65.27,3.62,316
1008, Motor 01,operando,66.27,3.61,292
1009, Motor 01,operando,71.77,4.05,267
1010,Bomba 02 ,MANUTENÇÃO,74.54,0.2,14
1011,Motor 01 ,operando,76.55,1.05,194
1012,  Esteira 02,operando,62.73,2.93,409
1013,  Esteira 02,Em manutenção,85.91,3.31,22
1014,  Esteira 01,MANUTENÇÃO,72.21,2.98,1
1015,  Esteira 01,manutencao,68.12,1.9,6
1016,  Compressor 01,Manutenção,82.94,2.53,5
1017,  Motor 01  ,Manut.,63.6,2.94,15
1018, Esteira 02,Parado,77.63,1.8,0
1019,Esteira 01,Ligado,62.84,2.44,222
1020,Esteira 02  ,operando,62.86,3.55,190
1021,  Robô 02  ,PARADO,65.47,2.56,0
1022, Motor 02,OPERANDO,56.35,3.1,266
1023,Motor 01,Parado,60.31,1.87,0
1024, Motor 02,PARADO,69.15,5.91,0
1025,  Bomba 01,manutencao,70.75,4.53,11
1026,Motor 03 ,Manut.,77.63,3.48,17
1027,Esteira 02  ,manutencao,57.96,3.18,17
1028,Bomba 01 ,manutencao,53.2,3.5,19
1029, Robô 01,operando,59.5,2.89,389
1030,Esteira 02  ,Parado,55.39,3.59,0
1031,  Robô 01,manutencao,67.54,3.28,27
1032,Bomba 01  ,Ligado,65.91,3.43,317
1033, Bomba 02,Desligado,62.14,1.54,0
1034,Motor 03  ,Em operação,62.59,4.38,208
1035,Motor 02  ,Manutenção,79.14,3.87,4
1036,Motor 03,Ligado,70.57,3.51,188
1037,  Robô 02  ,Em manutenção,60.79,3.85,19
1038,Robô 02 ,Operando,60.62,4.12,198
1039, Motor 01,Manutenção,52.32,3.21,2
1040,  Compressor 01  ,Operando,59.59,4.36,407
1041,Bomba 02 ,MANUTENÇÃO,63.63,1.3,8
1042,Robô 01,manutencao,72.39,3.46,30
1043,Esteira 01  ,operando,71.08,3.53,278
1044, Esteira 01,Desligado,61.98,2.02,0
1045,Motor 03  ,manutencao,56.17,2.51,24
1046,Robô 02 ,Manutenção,56.99,3.48,28
1047, Motor 02,MANUTENÇÃO,70.0,4.02,10
1048,Motor 03  ,Fora de operação,60.89,3.43,0
1049,Bomba 01  ,Parado,71.05,2.25,0
1050,  Bomba 02  ,Parado,60.0,2.29,0
1051,  Esteira 01,MANUTENÇÃO,56.01,2.59,11
1052,  Compressor 01,parado,68.86,3.1,0
1053,Esteira 02  ,Operando,44.95,2.75,257
1054,Motor 01 ,Ligado,68.33,3.95,377
1055,Esteira 02  ,Desligado,52.02,2.31,0
1056,Motor 03,Operando,63.05,3.24,247
1057,Bomba 01  ,Ligado,68.36,4.92,203
1058,  Robô 02,Fora de operação,76.91,2.3,0
1059,  Bomba 01,OPERANDO,52.05,3.26,359
1060,Robô 02,Fora de operação,65.79,2.88,0
1061,  Robô 02,operando,69.97,0.88,265
1062,  Bomba 01,parado,70.21,2.88,0
1063,  Esteira 01  ,Manutenção,76.41,1.24,20
1064,Bomba 02,Em operação,60.93,2.97,324
1065,Motor 03 ,Desligado,65.7,2.55,0
1066,  Bomba 02,MANUTENÇÃO,60.14,2.43,7
1067,Bomba 02 ,MANUTENÇÃO,64.06,3.43,2
1068,Compressor 01  ,manutencao,73.73,3.41,2
1069,Bomba 02  ,parado,67.55,2.58,0
1070,  Motor 03,Desligado,69.25,4.05,0
1071, Robô 02,Desligado,58.48,2.01,0
1072, Esteira 01,operando,66.24,4.15,355
1073,Robô 02,operando,63.53,2.17,269
1074,Esteira 01 ,Parado,65.71,2.98,0
1075, Esteira 02,Parado,51.15,1.07,0
1076,Compressor 01  ,OPERANDO,52.2,3.93,239
1077,  Esteira 01  ,Parado,73.3,4.44,0
1078,Motor 02,manutencao,83.08,3.92,29
1079,Motor 03 ,Operando,60.01,4.6,258
1080,  Compressor 01,Operando,61.35,4.53,234
1081,Esteira 01  ,Desligado,67.02,1.84,0
1082,  Robô 02  ,OPERANDO,63.48,1.7,276
1083,  Robô 02  ,Desligado,71.12,3.26,0
1084, Esteira 02,MANUTENÇÃO,65.16,2.35,14
1085,Motor 01,parado,61.49,1.85,0
1086,Bomba 01,Operando,63.17,5.1,278
1087,  Esteira 01,Desligado,70.17,3.03,0
1088,  Bomba 01,Em manutenção,64.54,2.85,6
1089,  Robô 01,Desligado,68.31,3.01,0
1090,Esteira 01  ,Em operação,63.49,3.97,220
1091,Motor 01 ,Manutenção,61.14,4.22,7
1092,Robô 01 ,MANUTENÇÃO,72.0,3.39,12
1093,Motor 01  ,Em operação,67.98,4.0,280
1094,Motor 03,manutencao,53.85,4.82,19
1095,  Esteira 01,Ligado,60.38,2.63,259
1096,Robô 02 ,PARADO,62.4,2.92,0
1097,Motor 03  ,Desligado,65.11,2.48,0
1098,Motor 03 ,manutencao,64.63,1.93,4
1099, Bomba 02,Manutenção,81.26,2.19,10
1100,Motor 02  ,Desligado,70.33,2.94,0
1101, Bomba 01,manutencao,73.03,3.26,13
1102,Bomba 02 ,PARADO,66.64,1.24,0
1103, Esteira 02,MANUTENÇÃO,68.41,3.59,0
1104,Robô 02  ,Em operação,59.41,2.25,332
1105, Esteira 01,Manutenção,69.81,3.17,24
1106, Compressor 01,Desligado,71.47,2.17,0
1107, Bomba 01,Em manutenção,60.97,3.84,5
1108, Esteira 01,Operando,51.52,4.53,416
1109,  Esteira 02,Ligado,66.0,0.2,373
1110,Esteira 01,OPERANDO,85.29,1.81,401
1111,  Robô 02,manutencao,63.49,4.09,7
1112,  Bomba 02,MANUTENÇÃO,78.02,3.52,12
1113,  Bomba 01,Fora de operação,75.46,2.61,0
1114,Robô 01  ,Manutenção,75.75,1.86,16
1115,  Motor 02,PARADO,67.96,2.84,0
1116,Esteira 01  ,Desligado,57.96,4.09,0
1117,  Robô 01,Desligado,68.71,0.55,0
1118,Esteira 01 ,PARADO,62.22,3.61,0
1119,  Esteira 02,OPERANDO,58.48,3.75,193
1120, Robô 01,PARADO,70.69,2.14,0
1121,Robô 01,OPERANDO,69.96,0.78,358
1122, Robô 01,parado,60.44,3.67,0
1123,  Motor 03,Fora de operação,78.85,1.81,0
1124,Compressor 01,Em operação,62.46,4.39,362
1125,  Motor 03  ,manutencao,69.46,3.44,14
1126,Bomba 01,Desligado,64.01,1.55,0
1127,Robô 01  ,OPERANDO,62.04,3.78,376
1128,Motor 03 ,Fora de operação,76.63,1.66,0
1129, Motor 03,OPERANDO,67.27,2.78,258
1130,  Esteira 02  ,MANUTENÇÃO,72.61,2.9,5
1131, Motor 02,Ligado,78.92,3.14,183
1132,  Compressor 01,Em manutenção,54.29,3.12,19
1133, Compressor 01,Ligado,60.25,2.5,284
1134,Compressor 01,Fora de operação,62.76,2.66,0
1135,Robô 01 ,Fora de operação,58.04,1.76,0
1136,Esteira 01,OPERANDO,73.08,4.27,189
1137,Motor 03,Manutenção,58.6,2.46,10
1138,Motor 02,operando,63.2,3.41,352
1139,Esteira 02  ,Manutenção,63.62,1.85,25
1140, Robô 01,PARADO,66.97,2.15,0
1141,Motor 01,MANUTENÇÃO,64.95,4.01,12
1142,  Motor 02,Em manutenção,61.46,2.84,4
1143,  Motor 02  ,Em manutenção,65.69,4.31,16
1144,  Esteira 01  ,Ligado,64.43,2.79,366
1145,Robô 01,PARADO,65.45,1.76,0
1146,  Esteira 02,Fora de operação,70.13,2.47,0
1147,Robô 02  ,Parado,75.67,2.49,0
1148,Compressor 01  ,manutencao,61.49,2.24,5
1149, Robô 02,manutencao,65.84,3.73,3
1150,  Motor 01,Manutenção,70.31,1.53,6
1151,  Robô 02,parado,73.23,3.36,0
1152,Esteira 01,Manutenção,68.72,3.88,25
1153,Motor 02 ,Em operação,60.81,3.06,181
1154,  Motor 02  ,Parado,60.9,4.45,0
1155,Robô 02,Em manutenção,69.82,3.9,10
1156,  Compressor 01,MANUTENÇÃO,70.69,3.22,4
1157,Compressor 01  ,Manut.,60.75,4.61,13
1158,Motor 01  ,Em operação,57.32,2.5,322
1159,Robô 01,Ligado,61.44,2.68,414
1160,Bomba 01,OPERANDO,66.66,3.35,276
1161, Robô 01,Fora de operação,63.45,2.7,0
1162,Motor 02 ,manutencao,73.9,1.87,8
1163,Bomba 02,PARADO,71.83,2.43,0
1164, Esteira 02,Desligado,65.9,3.56,0
1165, Motor 01,Manut.,73.95,3.75,25
1166,Compressor 01  ,OPERANDO,72.83,5.21,367
1167,Robô 01 ,MANUTENÇÃO,61.4,4.61,3
1168,  Robô 01  ,OPERANDO,67.53,3.36,279
1169,Robô 01,Operando,66.21,3.38,397
1170,Robô 02,Parado,64.89,3.16,0
1171,  Robô 01  ,manutencao,63.48,4.31,9
1172,Esteira 01 ,Ligado,68.99,3.85,261
1173,  Compressor 01  ,operando,66.42,3.68,209
1174,Motor 01  ,Desligado,62.26,3.04,0
1175,Bomba 01  ,Parado,64.79,5.47,0
1176,Esteira 02  ,Ligado,69.87,3.86,408
1177,Bomba 01  ,PARADO,68.61,3.18,0
1178,Motor 01,parado,73.96,3.45,0
1179,  Motor 03  ,Fora de operação,74.65,2.21,0
1180,Compressor 01  ,Parado,62.06,4.8,0
1181,Robô 01,Manut.,67.28,1.98,4
1182,  Motor 02  ,PARADO,71.94,3.59,0
1183,  Compressor 01,Ligado,70.69,2.92,409
1184,Robô 02 ,Manut.,64.09,3.58,29
1185,Bomba 01 ,PARADO,64.43,3.13,0
1186,Motor 02 ,PARADO,62.84,3.25,0
1187,Bomba 01  ,Fora de operação,69.27,3.43,0
1188,Motor 02 ,Desligado,59.67,1.67,0
1189,  Robô 01,parado,62.65,2.7,0
1190,Esteira 01  ,OPERANDO,73.8,2.94,267
1191,  Esteira 01  ,Fora de operação,49.2,4.27,0
1192,Robô 02 ,Desligado,65.52,2.52,0
1193,  Motor 02  ,Manut.,63.84,1.25,3
1194,Robô 02  ,PARADO,65.55,3.5,0
1195, Compressor 01,Em operação,69.56,3.0,207
1196,  Robô 02,Parado,56.72,3.15,0
1197, Motor 02,Em manutenção,72.93,4.11,24
1198, Motor 01,Manutenção,72.1,4.09,12
1199,Robô 02  ,PARADO,70.55,4.53,0
1200,Bomba 01 ,Fora de operação,69.9,1.65,0
1201,  Bomba 02  ,Manut.,65.31,3.46,0
1202,Robô 02  ,parado,74.88,1.5,0
1203,Motor 01 ,Manut.,64.8,3.0,22
1204,Robô 01 ,operando,76.03,1.57,240
1205,  Bomba 02  ,Fora de operação,62.18,3.64,0
1206,  Bomba 02,parado,62.57,3.37,0
1207,  Motor 03,OPERANDO,69.61,4.01,416
1208,  Bomba 01,OPERANDO,63.6,5.07,212
1209,Motor 03,operando,64.67,2.65,406
1210,  Compressor 01  ,parado,70.73,3.02,0
1211,  Motor 03  ,MANUTENÇÃO,60.33,3.66,25
1212,  Robô 02,Fora de operação,70.57,4.18,0
1213,  Robô 01,parado,64.24,3.61,0
1214,Robô 02,Fora de operação,55.66,3.12,0
1215,Robô 01 ,parado,75.21,2.52,0
1216,Motor 01,Fora de operação,60.32,3.2,0
1217,  Robô 02,manutencao,76.93,3.88,16
1218,  Esteira 02,Desligado,79.96,4.09,0
1219, Motor 02,PARADO,59.96,2.02,0
1220,  Motor 02  ,Manutenção,58.06,2.78,19
1221,Motor 01 ,Desligado,68.4,1.99,0
1222,  Robô 01,Fora de operação,66.26,2.06,0
1223,Esteira 02 ,OPERANDO,82.46,3.6,371
1224,  Esteira 02  ,MANUTENÇÃO,64.7,2.96,15
1225, Robô 02,Fora de operação,87.22,4.07,0
1226,Robô 02,Em operação,63.37,3.15,199
1227,Esteira 02 ,OPERANDO,62.81,2.57,245
1228,  Motor 01  ,operando,54.79,1.77,369
1229,  Motor 03  ,PARADO,64.03,3.55,0
1230,  Esteira 01,OPERANDO,71.25,1.2,267
1231, Motor 02,Fora de operação,70.71,2.87,0
1232,  Compressor 01,MANUTENÇÃO,59.36,4.08,23
1233, Motor 03,Fora de operação,66.37,2.18,0
1234,Esteira 02,Operando,70.49,3.98,257
1235,  Compressor 01  ,MANUTENÇÃO,71.51,2.76,21
1236,  Bomba 02,Em operação,75.66,4.7,183
1237,  Esteira 02,parado,59.23,0.8,0
1238,Motor 01,Manut.,60.58,2.92,27
1239,Bomba 02  ,Manut.,63.78,2.45,8
1240,Esteira 02,Em operação,63.06,2.28,377
1241,  Esteira 01  ,Manutenção,63.09,2.75,10
1242,Motor 03 ,Desligado,67.91,3.11,0
1243,Motor 02,parado,69.68,3.37,0
1244,Compressor 01 ,Ligado,66.17,2.35,188
1245,Motor 01  ,operando,75.81,3.57,408
1246,Esteira 01  ,Manutenção,79.7,4.84,2
1247, Robô 02,parado,58.67,1.32,0
1248, Robô 02,Manut.,70.43,3.51,9
1249,  Compressor 01  ,Manut.,73.84,3.6,8
1250,  Bomba 02  ,Manut.,61.06,1.61,8
1251,Motor 03,Em operação,68.17,2.13,265
1252,Motor 01 ,Em manutenção,66.31,4.17,15
1253,Esteira 01  ,parado,70.54,4.15,0
1254,Motor 03  ,MANUTENÇÃO,58.23,3.68,3
1255,  Compressor 01  ,Em operação,69.17,3.34,326
1256,  Esteira 02,Operando,70.16,2.76,343
1257,Motor 01,Manutenção,63.9,3.46,10
1258,Bomba 02  ,Operando,50.48,2.87,305
1259,  Compressor 01,parado,73.8,1.65,0
1260,Motor 02  ,Ligado,84.38,3.15,389
1261,Compressor 01,Fora de operação,45.89,2.42,0
1262,  Bomba 01  ,Em operação,58.97,3.93,345
1263,Motor 02 ,Desligado,70.86,2.37,0
1264,Compressor 01 ,Manutenção,69.58,4.32,30
1265,  Bomba 02  ,Ligado,64.9,4.05,207
1266,  Bomba 01,operando,72.64,2.39,228
1267,Motor 03,Ligado,90.18,3.63,241
1268,  Compressor 01,operando,69.67,1.72,307
1269,  Robô 01,Operando,69.31,3.18,381
1270,  Motor 01,operando,69.43,4.51,313
1271,  Compressor 01  ,Em manutenção,69.8,2.7,18
1272,Esteira 01,Operando,66.26,1.95,184
1273,Compressor 01  ,Operando,67.47,4.55,183
1274,  Motor 03  ,Operando,77.72,2.05,204
1275,Compressor 01  ,OPERANDO,68.3,2.79,389
1276,Motor 02,PARADO,58.99,2.32,0
1277, Motor 02,parado,60.06,4.72,0
1278,Bomba 02 ,operando,76.06,2.9,215
1279, Bomba 01,MANUTENÇÃO,71.14,3.27,2
1280,Motor 02 ,OPERANDO,67.2,2.49,274
1281, Robô 01,PARADO,67.37,4.42,0
1282,Motor 03,MANUTENÇÃO,72.54,1.97,24
1283,Motor 03,Manut.,66.21,3.11,5
1284,  Motor 02  ,Manutenção,62.24,2.65,22
1285,  Compressor 01  ,OPERANDO,69.72,4.48,313
1286,  Compressor 01,Ligado,75.89,2.58,189
1287, Robô 02,manutencao,49.85,3.1,20
1288,Esteira 02 ,parado,72.13,3.12,0
1289,Motor 02  ,operando,56.77,1.75,318
1290, Robô 01,PARADO,68.31,1.64,0
1291,Esteira 02,Ligado,70.02,3.47,396
1292,  Compressor 01,OPERANDO,75.51,5.01,193
1293,Bomba 01 ,Ligado,61.21,3.46,386
1294,Compressor 01,operando,66.04,0.83,225
1295,Motor 03,PARADO,64.33,3.06,0
1296,  Esteira 01  ,PARADO,61.81,2.61,0
1297,  Esteira 01  ,Manutenção,71.06,2.67,3
1298, Bomba 01,operando,67.58,4.13,231
1299, Bomba 02,operando,59.08,3.31,407
1300, Bomba 02,Ligado,73.93,2.62,279
1301, Bomba 01,PARADO,65.13,1.71,0
1302, Esteira 02,Parado,74.49,4.2,0
1303,Motor 01 ,OPERANDO,73.0,3.82,287
1304,Motor 03 ,Ligado,74.2,2.21,382
1305, Robô 02,Fora de operação,80.52,2.73,0
1306,  Motor 02,Em manutenção,53.19,2.83,6
1307,  Robô 02,Em manutenção,65.84,3.14,13
1308, Esteira 01,Parado,62.45,3.38,0
1309, Robô 02,Manut.,66.37,3.05,1
1310,  Motor 01,manutencao,67.21,2.84,16
1311,  Bomba 02,MANUTENÇÃO,70.86,1.33,14
1312, Compressor 01,operando,65.97,3.04,367
1313, Bomba 02,OPERANDO,63.74,3.67,203
1314,  Motor 01,Manutenção,63.31,4.57,27
1315,  Robô 02  ,Fora de operação,74.62,3.27,0
1316,  Motor 03  ,parado,72.64,4.96,0
1317,  Compressor 01  ,Manutenção,76.83,3.11,12
1318,Bomba 01  ,Operando,63.62,4.7,358
1319,Robô 02  ,Fora de operação,70.4,1.41,0
1320,Motor 02  ,Manut.,58.67,5.09,16
1321,Bomba 01,operando,61.19,3.85,190
1322,Bomba 01 ,OPERANDO,60.47,1.85,323
1323, Esteira 01,Parado,67.25,3.59,0
1324,  Compressor 01  ,MANUTENÇÃO,51.5,1.88,6
1325,Esteira 01 ,Parado,73.64,2.39,0
1326,Bomba 02 ,Operando,72.94,3.46,304
1327,Robô 01  ,Em manutenção,74.9,4.2,21
1328,Robô 01 ,PARADO,57.9,1.86,0
1329, Motor 02,Manut.,69.23,2.82,12
1330,Motor 03 ,operando,71.35,3.61,358
1331,  Motor 03,OPERANDO,73.0,2.24,340
1332,Motor 01 ,parado,75.58,2.86,0
1333,  Motor 03,Parado,56.96,3.89,0
1334,Motor 01 ,Ligado,80.09,3.88,239
1335,  Robô 01  ,Parado,61.55,3.58,0
1336,  Bomba 01,Fora de operação,62.66,2.04,0
1337,  Robô 01,PARADO,65.76,3.6,0
1338, Esteira 02,MANUTENÇÃO,66.49,4.25,9
1339, Motor 01,Parado,63.25,5.54,0
1340, Robô 02,manutencao,62.67,2.96,5
1341, Motor 03,Ligado,83.56,5.24,327
1342,  Motor 03,Em operação,63.76,3.59,361
1343,  Motor 01  ,Parado,70.92,3.02,0
1344,Compressor 01  ,OPERANDO,63.52,2.99,186
1345,  Bomba 02,MANUTENÇÃO,71.73,3.98,10
1346,Motor 03,manutencao,59.02,2.76,20
1347,  Esteira 02,Manut.,62.84,5.43,18
1348,Motor 03  ,manutencao,73.3,2.5,22
1349,  Motor 02  ,PARADO,70.11,2.78,0
1350,Robô 01,Em operação,76.59,3.32,236
1351,Compressor 01 ,operando,62.58,4.31,229
1352,Robô 02  ,Ligado,69.33,1.43,230
1353,Motor 01,Desligado,73.16,1.88,0
1354,Motor 02  ,parado,69.09,3.92,0
1355,Robô 02  ,Operando,72.56,2.59,217
1356,Bomba 02 ,parado,63.0,3.69,0
1357,Bomba 01 ,PARADO,69.11,2.8,0
1358,  Compressor 01  ,parado,68.91,2.32,0
1359,  Bomba 02  ,Manut.,55.59,4.08,19
1360, Motor 02,Ligado,60.14,5.92,314
1361,Bomba 01,Manut.,78.39,2.68,2
1362,  Motor 01,Manutenção,73.22,2.57,17
1363,  Compressor 01  ,Fora de operação,67.13,2.56,0
1364,  Motor 03,Em operação,65.06,3.0,391
1365,Esteira 02  ,Em operação,55.52,3.16,237
1366,Motor 01,OPERANDO,65.61,5.59,393
1367,Compressor 01,Manutenção,64.09,2.39,5
1368,  Compressor 01  ,Manutenção,67.12,3.6,8
1369,Compressor 01,Fora de operação,66.74,1.78,0
1370,  Robô 02,Em manutenção,66.47,4.62,22
1371,Motor 02 ,Desligado,66.86,2.91,0
1372, Esteira 02,Fora de operação,72.73,3.42,0
1373,Motor 03 ,OPERANDO,73.26,3.41,342
1374,Bomba 01,Em operação,64.41,4.48,199
1375, Robô 01,MANUTENÇÃO,58.74,1.87,19
1376,Motor 03  ,Parado,76.12,1.75,0
1377,Esteira 02 ,Manutenção,64.87,2.2,17
1378,Robô 02 ,Em manutenção,69.35,3.53,9
1379,  Bomba 01,parado,58.73,4.95,0
1380, Motor 02,OPERANDO,53.79,3.06,383
1381,Robô 01  ,manutencao,71.19,2.04,17
1382,  Robô 01  ,MANUTENÇÃO,69.36,2.12,29
1383,Motor 02,Em manutenção,67.89,3.24,11
1384,  Esteira 02  ,Parado,71.86,3.93,0
1385,Robô 02  ,MANUTENÇÃO,71.23,2.99,9
1386,  Motor 01  ,Em manutenção,69.7,3.46,22
1387,  Motor 03  ,Ligado,65.3,3.74,200
1388,  Bomba 02  ,MANUTENÇÃO,67.6,2.71,24
1389,  Compressor 01,Operando,67.6,3.34,348
1390,Robô 01  ,Operando,51.98,3.52,191
1391,Motor 02 ,Manutenção,70.15,3.13,3
1392, Robô 02,Fora de operação,70.64,2.73,0
1393,Bomba 01,operando,74.07,4.41,251
1394,Robô 02 ,Parado,71.4,4.1,0
1395, Robô 02,Desligado,64.11,2.9,0
1396,Robô 02,Desligado,67.94,3.74,0
1397, Esteira 02,Manut.,67.02,3.01,23
1398, Motor 02,Manut.,56.02,3.06,11
1399, Robô 02,PARADO,65.46,2.68,0
1400,  Bomba 01,parado,68.12,3.8,0
1401,Motor 02 ,operando,58.72,3.36,306
1402,  Bomba 01  ,Em operação,65.11,3.0,263
1403,Compressor 01,parado,65.01,4.42,0
1404,  Esteira 02  ,Em manutenção,58.65,3.54,9
1405, Bomba 02,Em manutenção,79.16,3.91,15
1406, Bomba 01,Operando,75.14,3.09,206
1407,  Bomba 02,Desligado,65.4,2.75,0
1408,  Motor 03,parado,60.47,0.51,0
1409,Motor 03,Parado,73.29,2.96,0
1410,  Robô 02,operando,67.79,4.15,307
1411,  Esteira 02  ,MANUTENÇÃO,62.13,2.71,25
1412,Bomba 02 ,PARADO,58.43,0.98,0
1413,Compressor 01  ,Em operação,71.63,3.98,211
1414,  Esteira 02,PARADO,69.01,5.47,0
1415,Motor 01,manutencao,69.49,3.22,21
1416, Motor 01,parado,62.07,2.56,0
1417,Esteira 02  ,Fora de operação,69.3,3.33,0
1418,  Robô 01,MANUTENÇÃO,61.3,3.28,15
1419,Compressor 01  ,Em operação,54.7,2.62,318
1420,Robô 01,MANUTENÇÃO,74.28,3.31,29
1421,  Motor 02,PARADO,64.32,3.99,0
1422,Compressor 01,Operando,71.56,4.42,379
1423,  Esteira 02  ,OPERANDO,63.24,3.13,363
1424,  Bomba 02,MANUTENÇÃO,75.11,4.05,21
1425,  Robô 01  ,Desligado,59.85,2.6,0
1426,Motor 03  ,Operando,60.65,3.84,276
1427,  Robô 02  ,Parado,67.59,2.29,0
1428,Motor 01,Fora de operação,79.8,3.63,0
1429,  Bomba 01  ,Fora de operação,81.54,3.45,0
1430,  Bomba 01,operando,47.44,4.45,285
1431,Bomba 01,Manutenção,67.19,3.83,9
1432,Robô 02,Manut.,61.64,1.24,3
1433, Bomba 01,Operando,65.12,3.03,348
1434,Bomba 02  ,Desligado,71.49,2.64,0
1435,Compressor 01  ,Operando,73.79,3.01,279
1436,Bomba 01  ,operando,68.15,2.67,352
1437,Esteira 01 ,PARADO,55.09,3.07,0
1438, Bomba 01,Fora de operação,61.34,5.61,0
1439,  Esteira 01,Manutenção,74.07,1.66,26
1440, Robô 01,Em operação,66.44,3.94,326
1441, Bomba 02,Fora de operação,66.86,2.66,0
1442,Robô 02,Fora de operação,65.64,3.42,0
1443,  Robô 01,parado,70.12,4.83,0
1444,Esteira 02  ,MANUTENÇÃO,63.81,4.5,10
1445,  Esteira 01,parado,66.93,4.3,0
1446, Robô 01,Manut.,77.84,3.28,27
1447,Motor 03  ,PARADO,71.13,5.59,0
1448,Compressor 01 ,Manut.,58.75,1.71,27
1449,Bomba 02  ,manutencao,61.05,2.23,11
1450, Compressor 01,Ligado,73.23,4.33,256
1451,  Bomba 02,Parado,76.83,1.41,0
1452,  Esteira 01,Em operação,71.51,1.81,245
1453, Robô 02,parado,67.29,3.67,0
1454, Motor 01,MANUTENÇÃO,70.65,2.11,17
1455,  Bomba 02,Manutenção,70.9,2.72,8
1456,Motor 03,Em operação,68.39,2.32,320
1457,  Motor 03  ,Em manutenção,77.82,3.52,25
1458,Motor 01,Em manutenção,71.84,2.57,9
1459,  Motor 02,Manut.,60.3,4.21,2
1460,  Bomba 02  ,Em manutenção,69.16,3.48,23
1461,Robô 01,Desligado,62.26,1.97,0
1462,Robô 01 ,PARADO,70.86,2.61,0
1463,Motor 02 ,Parado,72.66,1.68,0
1464,  Esteira 01,Ligado,69.68,3.59,250
1465,  Compressor 01,Em operação,68.55,2.84,316
1466,  Bomba 01  ,operando,64.02,4.06,354
1467,Esteira 01 ,Manut.,67.84,2.55,15
1468,Bomba 01 ,Operando,57.72,1.38,188
1469,  Motor 01  ,Manut.,68.25,2.38,17
1470,Bomba 02 ,Manutenção,73.42,2.86,25
1471,Motor 02  ,Em manutenção,67.65,4.18,0
1472,Bomba 02 ,Em operação,77.98,4.1,240
1473, Esteira 02,Em manutenção,79.02,1.68,20
1474,  Bomba 01  ,parado,68.37,2.32,0
1475,  Motor 02,PARADO,65.69,0.82,0
1476,  Bomba 01  ,parado,76.27,1.8,0
1477,  Motor 03  ,Em operação,60.49,3.06,334
1478,  Robô 01  ,Parado,65.42,3.17,0
1479,  Motor 01  ,Manutenção,70.06,4.09,20
1480,Motor 03,parado,68.84,3.91,0
1481,Robô 02,operando,71.62,4.11,376
1482,Motor 03  ,Manutenção,52.99,4.36,14
1483,  Compressor 01  ,OPERANDO,66.28,4.62,391
1484,Bomba 01 ,Ligado,72.78,3.58,280
1485,Bomba 02  ,Ligado,68.5,3.13,322
1486,  Robô 02  ,Ligado,82.77,1.61,230
1487,  Esteira 02  ,Em manutenção,70.46,3.98,13
1488,Robô 02 ,OPERANDO,72.68,3.61,325
1489,Motor 02,manutencao,55.1,2.82,29
1490,  Compressor 01  ,PARADO,75.14,4.17,0
1491,Esteira 01 ,Em operação,66.85,2.12,290
1492,Esteira 01  ,Ligado,72.71,3.08,353
1493,  Esteira 01,OPERANDO,63.7,3.41,254
1494, Esteira 02,Fora de operação,61.96,3.33,0
1495,  Robô 02  ,Manutenção,66.03,3.14,4
1496,  Bomba 01  ,parado,62.72,1.64,0
1497,  Bomba 02  ,Fora de operação,66.88,3.55,0
1498,Motor 01,Parado,74.17,2.63,0
1499,Bomba 01  ,Manutenção,76.25,2.82,23
1500,Motor 01,Em operação,60.15,3.07,281
1501, Bomba 01,Manut.,58.41,2.62,8
1502,Motor 03  ,PARADO,80.0,2.23,0
1503,Motor 03,Parado,65.16,2.07,0
1504,Esteira 02,Parado,70.52,3.24,0
1505,  Esteira 02  ,Parado,72.11,2.74,0
1506,Esteira 02  ,Em manutenção,67.4,2.32,10
1507, Bomba 02,Parado,66.33,1.94,0
1508,Motor 03  ,Em manutenção,75.81,2.44,14
1509, Motor 01,OPERANDO,71.19,3.31,300
1510, Esteira 02,manutencao,63.6,3.2,28
1511,Compressor 01,PARADO,60.18,4.33,0
1512,  Compressor 01,PARADO,75.49,4.14,0
1513,Motor 03,Parado,78.73,4.22,0
1514, Motor 03,manutencao,61.42,3.06,28
1515, Robô 02,Fora de operação,67.64,3.1,0
1516, Robô 02,parado,71.62,2.74,0
1517,  Compressor 01  ,operando,68.22,2.95,354
1518,  Motor 02,Parado,52.49,1.78,0
1519, Bomba 01,Operando,78.52,4.02,348
1520,  Compressor 01,Manutenção,76.03,2.73,0
1521,Bomba 01,Manutenção,61.47,2.34,30
1522, Robô 02,Ligado,75.22,1.74,252
1523,Bomba 01,manutencao,82.57,4.16,12
1524,  Motor 02,Em operação,74.92,5.43,401
1525,Bomba 02,Operando,69.5,2.62,379
1526,Bomba 02 ,Manutenção,67.16,1.64,3
1527,  Esteira 02,MANUTENÇÃO,55.44,3.85,9
1528, Robô 02,Parado,60.31,1.47,0
1529, Robô 01,PARADO,60.47,3.43,0
1530,Esteira 02  ,Fora de operação,56.58,3.88,0
1531,Bomba 01  ,OPERANDO,60.25,3.52,190
1532,Robô 01 ,PARADO,62.49,1.81,0
1533,  Motor 03,Desligado,61.14,2.21,0
1534,  Esteira 02,parado,78.06,3.96,0
1535, Esteira 02,OPERANDO,64.63,2.33,243
1536,  Robô 01,Em operação,58.95,2.57,414
1537,Motor 01  ,operando,59.79,3.03,298
1538,Robô 02 ,Parado,66.91,3.51,0
1539,Robô 01,operando,66.54,1.99,381
1540,  Motor 03,Operando,79.41,4.12,256
1541,Bomba 01  ,manutencao,56.99,3.52,19
1542,Esteira 02 ,Manut.,70.11,2.63,5
1543,  Motor 02  ,Fora de operação,66.39,4.59,0
1544,Bomba 02  ,Operando,70.48,3.12,223
1545,  Compressor 01,manutencao,58.52,3.92,23
1546,  Robô 02  ,PARADO,62.82,4.83,0
1547,Robô 02 ,manutencao,62.06,1.74,12
1548,Esteira 02,OPERANDO,70.01,3.59,388
1549,  Motor 01  ,Ligado,70.03,2.57,346
1550,  Motor 03  ,Ligado,57.97,3.65,382
1551, Robô 01,operando,64.54,4.16,301
1552,Bomba 02,operando,69.03,3.6,359
1553,  Compressor 01,PARADO,74.59,3.23,0
1554, Esteira 01,Em operação,54.98,2.3,193
1555,Bomba 01,operando,59.45,1.95,286
1556,  Compressor 01  ,Fora de operação,59.67,2.38,0
1557,Esteira 02,PARADO,60.21,3.81,0
1558,  Robô 02  ,Manut.,70.29,2.04,22
1559,Motor 01  ,Operando,61.62,3.51,196
1560,  Esteira 02  ,parado,69.68,2.78,0
1561,  Robô 02  ,Parado,59.9,3.44,0
1562,Motor 03 ,manutencao,69.28,3.96,7
1563, Robô 01,Fora de operação,72.36,2.61,0
1564,  Robô 02  ,Manutenção,52.78,3.51,23
1565,  Bomba 02,Em manutenção,76.49,2.57,11
1566, Compressor 01,Fora de operação,69.85,4.58,0
1567,  Motor 02  ,PARADO,70.22,3.58,0
1568,  Robô 02,operando,71.52,0.79,306
1569, Esteira 02,Ligado,42.09,1.77,271
1570,Esteira 02 ,Manutenção,74.13,4.68,28
1571,Robô 01,MANUTENÇÃO,73.84,3.51,19
1572,Esteira 01,Desligado,67.88,3.86,0
1573,Bomba 01 ,MANUTENÇÃO,80.74,3.69,8
1574,  Motor 03  ,Em manutenção,56.63,2.96,22
1575,  Motor 01,MANUTENÇÃO,54.05,3.61,3
1576,Motor 02  ,Fora de operação,70.41,0.72,0
1577,Robô 01,Desligado,74.78,3.97,0
1578,Esteira 01 ,OPERANDO,65.51,1.55,375
1579,  Robô 01,manutencao,69.78,2.68,11
1580, Bomba 01,operando,71.37,2.22,286
1581, Motor 01,Em manutenção,69.32,2.25,16
1582,Motor 03,Em operação,58.83,4.3,272
1583, Esteira 01,MANUTENÇÃO,67.16,2.05,7
1584,  Motor 03,parado,80.02,2.05,0
1585,  Robô 01  ,Parado,74.1,2.73,0
1586,  Motor 01  ,MANUTENÇÃO,64.36,3.06,10
1587,  Bomba 01,MANUTENÇÃO,68.28,3.41,24
1588,  Motor 01  ,Manut.,57.48,1.42,1
1589,Robô 01 ,parado,58.36,3.97,0
1590,Robô 01 ,manutencao,66.3,0.91,0
1591,Esteira 02  ,Fora de operação,76.54,2.36,0
1592,  Compressor 01  ,Ligado,74.45,2.19,338
1593,  Compressor 01  ,Parado,76.29,1.97,0
1594, Bomba 02,Manut.,66.39,3.36,10
1595,  Bomba 02  ,manutencao,66.77,2.58,17
1596, Esteira 02,operando,60.96,3.04,267
1597,Motor 03,Operando,73.73,2.31,246
1598,Esteira 01 ,manutencao,59.65,3.65,23
1599,Motor 01 ,Em operação,62.43,2.43,192
1600,  Motor 02,Em operação,66.36,3.06,266
1601,  Esteira 01  ,Fora de operação,53.4,2.25,0
1602,Robô 01  ,Ligado,63.62,3.76,380
1603,  Robô 02  ,OPERANDO,65.12,1.92,243
1604,Motor 02 ,Desligado,55.68,2.18,0
1605,  Bomba 01,operando,71.46,3.94,285
1606,Motor 02,Operando,63.71,3.34,234
1607,Compressor 01,Parado,63.85,2.19,0
1608,Robô 01  ,MANUTENÇÃO,62.68,3.58,15
1609,  Bomba 02,manutencao,74.37,2.61,13
1610, Motor 03,Desligado,74.7,4.23,0
1611,  Motor 03  ,Desligado,69.29,2.72,0
1612,  Esteira 01,PARADO,71.0,3.22,0
1613,Robô 01 ,Manut.,76.06,2.7,13
1614,Motor 02,Parado,65.19,2.98,0
1615,Motor 03,Parado,64.71,4.01,0
1616,  Esteira 02,Operando,67.99,2.56,330
1617,Bomba 02,Manut.,78.56,1.81,6
1618,  Motor 03  ,PARADO,75.82,3.12,0
1619,Motor 02,parado,61.02,3.2,0
1620,Compressor 01 ,MANUTENÇÃO,57.48,4.42,26
1621, Robô 02,MANUTENÇÃO,73.42,4.19,24
1622,  Compressor 01  ,PARADO,73.7,4.4,0
1623,Motor 02  ,Manutenção,62.06,2.41,28
1624,Bomba 02 ,Desligado,77.0,3.52,0
1625,  Compressor 01  ,Em operação,58.46,1.51,361
1626,Motor 01  ,Manutenção,70.14,1.6,17
1627,  Motor 02  ,Desligado,82.01,4.37,0
1628,Robô 01  ,MANUTENÇÃO,75.6,3.52,6
1629,Compressor 01  ,Manut.,77.19,3.27,17
1630,Motor 03,Em operação,68.2,2.37,360
1631,  Robô 02,operando,70.35,1.82,282
1632,Robô 02,PARADO,67.98,2.93,0
1633, Bomba 02,parado,75.48,3.28,0
1634,Bomba 02 ,operando,69.41,3.4,223
1635, Esteira 02,OPERANDO,66.89,3.53,258
1636,  Bomba 02  ,OPERANDO,83.63,4.02,226
1637,  Motor 01  ,Operando,66.05,3.54,216
1638,Bomba 02 ,Em operação,57.69,4.42,210
1639, Motor 01,Ligado,67.12,1.77,306
1640,Robô 01  ,parado,72.27,2.85,0
1641,  Bomba 01,Desligado,60.28,3.73,0
1642,  Bomba 02  ,Ligado,68.16,3.0,321
1643,  Robô 02  ,operando,67.21,4.37,381
1644,Motor 03 ,Fora de operação,64.56,3.33,0
1645, Robô 01,MANUTENÇÃO,73.63,2.91,5
1646,Esteira 01  ,parado,75.65,2.79,0
1647,Motor 01,Em manutenção,54.16,3.51,9
1648,Motor 03,Operando,74.34,2.63,333
1649,  Esteira 02  ,parado,80.46,3.09,0
1650,Esteira 01  ,Em manutenção,64.87,3.08,23
1651,Robô 01  ,operando,64.8,4.05,211
1652,  Motor 03  ,Desligado,81.37,3.08,0
1653,Esteira 01  ,Desligado,72.91,2.87,0
1654,  Bomba 01  ,Em operação,77.89,2.9,249
1655,  Esteira 01  ,Parado,62.77,4.03,0
1656,Robô 02 ,Operando,70.22,2.82,416
1657,Motor 01  ,PARADO,67.97,3.1,0
1658,  Motor 03,Desligado,75.63,2.15,0
1659,Bomba 02  ,operando,69.35,1.69,199
1660,Robô 01,Manut.,72.15,1.8,21
1661,Motor 02 ,Em manutenção,60.23,4.05,12
1662,  Motor 03  ,Operando,71.77,3.78,229
1663,Compressor 01,Ligado,66.49,1.42,354
1664, Bomba 01,operando,70.97,1.82,386
1665, Esteira 01,PARADO,68.88,3.04,0
1666,  Compressor 01  ,manutencao,66.34,3.03,26
1667,Bomba 02,Em manutenção,65.59,4.26,5
1668, Robô 01,Manutenção,66.27,1.61,19
1669, Robô 02,operando,57.14,2.23,212
1670,Esteira 02  ,Em manutenção,68.18,4.31,25
1671, Esteira 02,Em manutenção,57.49,0.31,22
1672,Robô 01  ,Em operação,60.88,1.22,180
1673,  Bomba 02  ,Manutenção,69.14,2.99,30
1674,  Bomba 01,Em manutenção,72.6,3.08,21
1675,  Robô 01,PARADO,59.39,4.39,0
1676,Esteira 01,Em operação,74.52,2.5,260
1677,  Motor 01,Ligado,59.68,4.87,386
1678,  Motor 01  ,Ligado,74.28,2.96,199
1679, Esteira 01,OPERANDO,65.8,3.42,340
1680,Motor 02,PARADO,65.6,3.19,0
1681,Bomba 01 ,Ligado,71.02,3.56,267
1682,Motor 01 ,Desligado,71.59,0.79,0
1683,Robô 02  ,PARADO,67.87,1.7,0
1684,Robô 02,operando,82.41,2.74,276
1685,  Bomba 01  ,operando,67.51,2.75,385
1686,Compressor 01,Em operação,61.29,2.42,206
1687,Motor 01  ,Operando,65.09,4.04,204
1688,  Robô 02,Ligado,75.12,1.78,339
1689,  Motor 01,parado,59.79,3.34,0
1690,Robô 02  ,operando,58.2,5.09,380
1691,  Motor 01,Desligado,64.84,3.68,0
1692,Motor 02,Fora de operação,64.86,1.79,0
1693,Esteira 01  ,OPERANDO,63.5,2.52,287
1694,  Compressor 01  ,Fora de operação,62.09,3.35,0
1695,Motor 01,OPERANDO,64.17,4.09,346
1696,Bomba 01 ,Fora de operação,76.09,1.96,0
1697,  Motor 03,Em operação,62.38,2.6,182
1698,Robô 01  ,Manutenção,65.95,2.79,16
1699,Robô 01,parado,56.34,5.38,0
1700,Esteira 01,Parado,69.96,4.15,0
1701,Compressor 01  ,manutencao,62.51,4.25,30
1702,Bomba 01  ,Em operação,63.37,3.39,296
1703,  Motor 01,Ligado,75.75,2.41,357
1704,  Esteira 01,Fora de operação,68.84,4.21,0
1705,  Bomba 01  ,parado,68.24,3.71,0
1706,Motor 01 ,Operando,68.55,3.21,209
1707,Motor 03 ,PARADO,70.18,4.35,0
1708,Bomba 01,Operando,68.8,3.88,236
1709,  Esteira 02  ,OPERANDO,62.24,4.17,225
1710,Esteira 01,OPERANDO,75.48,1.27,185
1711,  Motor 03,Manutenção,67.79,2.63,29
1712,Esteira 01 ,PARADO,67.79,4.92,0
1713,Motor 03  ,MANUTENÇÃO,81.46,3.07,28
1714,Motor 02,OPERANDO,69.74,2.74,228
1715,Esteira 01  ,parado,64.9,2.28,0
1716,  Bomba 02  ,Ligado,77.45,2.29,330
1717,Esteira 01  ,Em operação,68.54,2.24,193
1718, Esteira 02,Em manutenção,57.74,3.03,15
1719,  Esteira 01  ,operando,69.68,1.37,337
1720, Motor 02,Desligado,55.95,4.44,0
1721,Robô 01 ,PARADO,62.63,3.03,0
1722,Bomba 01  ,manutencao,49.62,3.36,15
1723,Esteira 02  ,parado,59.0,1.75,0
1724, Motor 01,Ligado,73.06,2.43,240
1725, Bomba 02,Em operação,60.93,3.54,220
1726,Bomba 01 ,Desligado,77.07,3.95,0
1727,  Esteira 02,Desligado,61.48,4.16,0
1728,Compressor 01  ,Fora de operação,63.04,4.04,0
1729,  Bomba 02,Parado,69.05,2.28,0
1730,Bomba 02,OPERANDO,61.86,3.38,199
1731,Bomba 01,Em operação,71.61,2.1,344
1732,Motor 02 ,Manut.,67.49,3.6,11
1733,Motor 01  ,Ligado,61.73,4.4,244
1734,  Esteira 02  ,Em manutenção,68.57,1.18,6
1735, Robô 02,Em manutenção,67.17,1.46,29
1736,Esteira 02,MANUTENÇÃO,63.02,4.87,25
1737,  Bomba 02,Em manutenção,58.05,2.4,15
1738, Robô 01,Em manutenção,62.98,3.53,23
1739,  Esteira 01,Ligado,54.77,2.93,373
1740,  Compressor 01  ,Em manutenção,54.96,3.53,10
1741,  Esteira 01,MANUTENÇÃO,73.8,2.73,14
1742,Compressor 01  ,Operando,60.51,4.03,212
1743,  Esteira 02  ,Operando,56.73,3.1,270
1744, Bomba 01,parado,56.55,3.85,0
1745,Robô 01 ,Parado,59.26,2.43,0
1746, Motor 01,OPERANDO,89.26,2.64,325
1747,Robô 02  ,Fora de operação,80.14,1.02,0
1748,  Esteira 01,operando,62.58,2.96,207
1749,Bomba 01  ,PARADO,63.17,2.45,0
1750,Motor 03,Manutenção,65.31,3.02,22
1751,  Robô 02,Operando,68.03,3.45,278
1752, Esteira 02,Ligado,64.82,4.28,296
1753,Motor 01 ,Desligado,73.21,3.16,0
1754,  Bomba 02,OPERANDO,70.67,3.07,287
1755,  Compressor 01  ,operando,55.4,4.49,232
1756, Motor 03,Em operação,56.97,3.75,301
1757,Motor 03  ,Fora de operação,75.64,2.6,0
1758,  Robô 01  ,Manutenção,62.46,3.27,4
1759,Compressor 01,Em manutenção,56.75,4.17,16
1760,Bomba 01  ,Manut.,59.21,3.16,1
1761,Motor 02 ,Manutenção,72.67,2.35,22
1762,  Esteira 02,Fora de operação,73.07,1.36,0
1763, Bomba 02,OPERANDO,76.2,2.14,297
1764,  Bomba 02  ,OPERANDO,66.0,2.68,358
1765, Motor 01,Manut.,70.85,2.52,20
1766,Robô 01 ,Manutenção,76.37,2.32,23
1767,  Esteira 01,parado,75.87,3.04,0
1768,Bomba 01,MANUTENÇÃO,76.42,4.15,10
1769,  Bomba 02,OPERANDO,66.86,4.29,298
1770,Motor 01,Manutenção,63.02,1.54,12
1771,  Bomba 01  ,parado,71.34,2.31,0
1772,Motor 01 ,operando,66.04,2.58,351
1773,  Compressor 01,PARADO,75.03,3.62,0
1774,  Esteira 01  ,PARADO,75.25,4.53,0
1775, Motor 03,Em manutenção,70.2,3.15,9
1776,Motor 02  ,manutencao,64.82,3.35,24
1777,  Motor 01  ,Em operação,70.76,3.87,235
1778,  Motor 01  ,Desligado,69.28,4.61,0
1779,  Robô 01  ,Manutenção,63.87,1.02,12
1780,  Esteira 02,Operando,65.2,2.92,276
1781, Esteira 01,Parado,70.93,2.74,0
1782,  Motor 01,Operando,73.33,3.04,229
1783, Motor 02,Manut.,77.92,4.18,21
1784,  Motor 03  ,OPERANDO,75.07,3.43,388
1785,Bomba 01 ,Desligado,60.15,2.1,0
1786,  Robô 01,parado,70.52,3.58,0
1787,Bomba 01 ,OPERANDO,77.15,3.24,183
1788, Bomba 02,PARADO,68.92,4.54,0
1789,  Esteira 02  ,Fora de operação,65.22,3.37,0
1790,  Esteira 01,Em operação,67.91,1.93,206
1791,Robô 01  ,OPERANDO,66.96,3.55,263
1792,  Bomba 02  ,Manut.,77.61,2.83,10
1793,  Motor 03  ,MANUTENÇÃO,71.57,2.52,27
1794,Compressor 01,Parado,82.34,3.34,0
1795,  Compressor 01,Desligado,63.77,2.54,0
1796,  Robô 02  ,Operando,68.06,4.48,409
1797,Motor 02 ,Ligado,66.11,1.42,338
1798,Motor 02,OPERANDO,62.86,3.69,218
1799, Bomba 02,Manutenção,82.42,3.63,19
1800,  Compressor 01  ,Manut.,64.32,3.81,20
1801,Motor 01  ,MANUTENÇÃO,77.02,2.9,9
1802, Motor 01,Em manutenção,66.31,2.19,6
1803,Robô 01,Manut.,85.16,1.62,25
1804,Esteira 01  ,Em manutenção,62.47,3.7,14
1805,Motor 01,Em manutenção,49.67,3.23,1
1806, Motor 03,OPERANDO,74.86,3.83,392
1807, Esteira 01,Desligado,76.92,3.86,0
1808, Esteira 02,manutencao,69.38,4.09,19
1809,Esteira 01 ,Em operação,50.73,1.89,231
1810,  Esteira 02,operando,73.3,2.81,276
1811,  Motor 03,PARADO,58.51,3.74,0
1812, Bomba 02,Em manutenção,74.69,2.77,24
1813,  Bomba 02,Em manutenção,80.2,4.19,9
1814,Robô 02  ,OPERANDO,62.89,2.9,277
1815,Compressor 01 ,PARADO,65.14,4.36,0
1816,Compressor 01,Parado,72.15,3.95,0
1817, Motor 03,Operando,75.22,3.19,365
1818,  Bomba 01,parado,81.84,2.03,0
1819,  Bomba 01,PARADO,59.64,5.87,0
1820,  Motor 02,Manut.,82.33,3.65,12
1821, Robô 02,Ligado,68.43,0.6,377
1822,Bomba 01  ,manutencao,56.34,3.21,22
1823,  Motor 01  ,parado,77.22,2.37,0
1824,  Esteira 01,Operando,72.84,2.65,360
1825,  Motor 01  ,Manutenção,63.67,2.48,14
1826,Motor 03 ,Ligado,53.19,1.63,395
1827,Motor 03,operando,68.32,1.67,414
1828,  Bomba 02,manutencao,54.1,1.99,16
1829,  Esteira 01,OPERANDO,69.57,2.43,257
1830,Robô 01  ,Manutenção,74.04,2.23,23
1831,  Bomba 02  ,Em manutenção,75.44,3.85,24
1832, Bomba 01,Em operação,66.87,0.79,281
1833,Esteira 02,OPERANDO,67.16,3.05,197
1834,Bomba 02  ,parado,60.58,1.76,0
1835, Motor 03,Parado,68.46,3.59,0
1836, Compressor 01,Desligado,74.26,2.75,0
1837, Esteira 01,Ligado,71.15,3.33,374
1838,Esteira 01 ,Manut.,72.22,2.32,29
1839,Robô 02,Em manutenção,65.13,2.79,2
1840,Bomba 02,Em operação,68.58,3.2,240
1841,  Compressor 01,Manutenção,67.06,2.96,8
1842,  Motor 01  ,Fora de operação,67.5,2.82,0
1843,Esteira 01  ,MANUTENÇÃO,76.5,3.16,30
1844,  Esteira 02,PARADO,67.41,1.74,0
1845,Bomba 01 ,Manutenção,87.9,0.63,26
1846,Esteira 01 ,Manutenção,59.27,3.92,11
1847,Bomba 01,Operando,56.56,3.51,365
1848,Motor 03,Fora de operação,73.17,3.96,0
1849,Esteira 01 ,PARADO,59.44,2.11,0
1850,Compressor 01  ,parado,66.7,3.03,0
1851,Bomba 01,Manutenção,65.63,3.34,25
1852,  Bomba 01  ,PARADO,67.83,4.25,0
1853,Robô 02,Parado,52.43,4.11,0
1854,  Compressor 01  ,Em manutenção,66.0,2.66,12
1855,Esteira 02  ,Ligado,63.65,1.14,404
1856,  Robô 02  ,Desligado,75.05,3.33,0
1857,Motor 02 ,Em manutenção,62.9,1.98,27
1858, Compressor 01,Manut.,63.72,3.26,21
1859, Robô 01,Ligado,69.8,4.72,348
1860,Motor 02,parado,68.7,3.09,0
1861,  Bomba 01,MANUTENÇÃO,64.88,4.66,21
1862,  Compressor 01  ,operando,58.98,1.15,342
1863,Compressor 01,MANUTENÇÃO,61.92,1.21,29
1864,Robô 02  ,operando,62.79,2.34,363
1865,  Bomba 02  ,Manutenção,70.98,0.56,13
1866, Esteira 01,Em operação,69.24,3.38,202
1867,  Bomba 01  ,Fora de operação,77.68,2.46,0
1868,Motor 02  ,Parado,71.23,3.72,0
1869,Bomba 02  ,manutencao,69.5,3.1,17
1870,  Esteira 01,parado,64.17,3.96,0
1871,Motor 03  ,Manutenção,63.02,2.68,12
1872,Motor 01  ,Em manutenção,63.21,3.24,30
1873, Esteira 02,PARADO,65.32,2.59,0
1874, Esteira 02,manutencao,60.62,1.55,22
1875,Motor 01  ,Parado,59.29,5.94,0
1876,Motor 02 ,Em manutenção,64.85,2.0,26
1877,  Esteira 01,Em operação,65.07,2.17,387
1878, Bomba 01,Em manutenção,64.18,1.2,29
1879,  Esteira 01  ,manutencao,80.26,3.75,5
1880,  Compressor 01  ,parado,63.1,4.85,0
1881,Motor 03,Desligado,61.28,3.76,0
1882,Compressor 01 ,MANUTENÇÃO,64.9,3.34,23
1883,Esteira 02 ,manutencao,76.63,2.38,17
1884,Bomba 02,OPERANDO,61.48,4.69,401
1885,  Motor 01  ,Em operação,62.96,3.26,215
1886,  Compressor 01  ,PARADO,66.0,3.64,0
1887,  Esteira 01  ,Ligado,66.91,2.97,365
1888,Robô 02,Manutenção,70.06,1.17,12
1889,  Bomba 02  ,Em manutenção,68.17,3.4,11
1890, Compressor 01,Operando,73.24,3.91,266
1891,  Robô 02,OPERANDO,62.03,2.37,188
1892, Motor 02,parado,56.34,3.21,0
1893,  Motor 03  ,manutencao,59.39,4.18,25
1894,  Motor 02,Em manutenção,69.85,2.21,20
1895,Compressor 01 ,Operando,69.12,3.38,305
1896, Robô 01,Operando,49.31,1.57,302
1897,  Esteira 02  ,manutencao,74.78,3.85,12
1898,  Compressor 01  ,manutencao,58.67,3.63,3
1899,Bomba 01,manutencao,77.48,2.14,5
1900,  Bomba 02  ,Operando,56.86,4.24,380
1901,  Robô 01,operando,57.79,2.94,362
1902, Motor 02,Manutenção,70.54,2.72,19
1903,Motor 03,Desligado,61.25,3.38,0
1904, Motor 01,Fora de operação,68.13,3.67,0
1905,Robô 01 ,Em manutenção,67.06,2.68,3
1906,Robô 01 ,Parado,71.2,2.97,0
1907, Motor 01,Em operação,83.2,3.79,411
1908,  Esteira 02  ,Desligado,58.36,3.55,0
1909,Bomba 01  ,Manut.,73.5,3.02,17
1910, Robô 01,manutencao,77.53,4.18,7
1911, Motor 01,OPERANDO,62.93,4.9,214
1912,Robô 02  ,Ligado,62.27,2.66,366
1913,  Robô 02,operando,61.82,2.86,346
1914,  Motor 03,PARADO,71.64,3.48,0
1915,  Bomba 02  ,OPERANDO,64.39,3.01,367
1916,  Esteira 02  ,manutencao,60.24,1.85,18
1917,Robô 01  ,OPERANDO,63.46,3.38,381
1918,  Bomba 02,Operando,72.14,2.93,249
1919,Motor 02  ,operando,64.12,2.16,264
1920,Motor 02 ,Manut.,64.2,3.79,27
1921,Esteira 01 ,Operando,82.94,4.71,236
1922,Bomba 02,MANUTENÇÃO,70.89,2.82,23
1923,Esteira 02  ,Em manutenção,68.1,2.68,11
1924,Robô 02 ,Desligado,66.58,3.55,0
1925, Motor 01,Parado,73.57,2.77,0
1926,  Bomba 01  ,Manutenção,75.45,2.85,19
1927,  Bomba 02,Fora de operação,67.67,3.2,0
1928,  Robô 01  ,OPERANDO,64.87,2.64,325
1929,Esteira 02,Manut.,64.08,0.42,22
1930,  Esteira 01  ,Fora de operação,60.25,3.64,0
1931,Compressor 01 ,MANUTENÇÃO,61.36,3.26,30
1932,Bomba 02  ,manutencao,76.44,1.86,9
1933,Motor 02 ,parado,68.74,1.18,0
1934,Motor 02,manutencao,67.19,3.54,18
1935,Motor 01,manutencao,63.4,5.35,25
1936,  Motor 01,Manutenção,55.68,3.01,15
1937,Compressor 01  ,Manutenção,81.65,3.07,22
1938,  Motor 02,Operando,55.54,1.63,370
1939,  Motor 01  ,parado,63.58,1.51,0
1940,  Esteira 01  ,Manutenção,79.42,2.53,28
1941,  Robô 01  ,Fora de operação,74.37,3.39,0
1942,  Motor 03  ,Manut.,73.28,2.28,7
1943,Motor 03,Parado,71.48,2.08,0
1944,  Motor 01,PARADO,62.09,3.77,0
1945,Motor 02 ,Manut.,61.3,1.4,27
1946,Motor 02 ,Em operação,61.54,3.18,180
1947,  Robô 02,Ligado,81.26,2.03,344
1948,Robô 01,Manut.,57.55,3.42,15
1949,Motor 01 ,Operando,62.33,2.51,270
1950,Motor 02,Parado,70.47,2.69,0
1951,Bomba 01,operando,62.79,3.38,315
1952, Robô 01,parado,72.76,3.91,0
1953,  Motor 03  ,Em operação,68.05,4.09,256
1954,  Bomba 01,Manut.,72.29,4.76,3
1955,  Compressor 01  ,Em manutenção,63.43,3.3,23
1956,Bomba 02,Parado,75.19,2.05,0
1957, Motor 02,Em operação,73.79,3.35,370
1958,Bomba 01,OPERANDO,58.44,1.0,350
1959,Esteira 02,parado,58.83,3.18,0
1960,Motor 03 ,MANUTENÇÃO,68.31,1.04,16
1961, Bomba 02,operando,78.98,2.63,212
1962,Motor 03 ,Desligado,77.59,3.23,0
1963,  Motor 01  ,Em manutenção,56.51,5.39,23
1964,  Motor 01,PARADO,65.02,4.22,0
1965, Bomba 02,Fora de operação,71.82,4.08,0
1966,Esteira 01 ,MANUTENÇÃO,71.11,3.62,22
1967,  Esteira 01  ,Em manutenção,59.84,3.59,25
1968,  Motor 02  ,manutencao,62.57,3.09,27
1969,  Robô 02  ,Manutenção,69.11,3.51,12
1970,Motor 01 ,Ligado,73.66,2.65,337
1971,Esteira 01,Em manutenção,73.8,3.42,9
1972, Esteira 01,Parado,64.77,3.26,0
1973,  Bomba 02  ,Operando,65.15,3.85,251
1974,  Bomba 01  ,parado,67.28,5.22,0
1975,Motor 03,Operando,77.95,3.63,234
1976,  Esteira 02,Em operação,69.71,2.85,227
1977,  Esteira 02,Parado,65.28,3.52,0
1978,  Motor 01  ,Desligado,67.47,2.58,0
1979,  Bomba 01  ,MANUTENÇÃO,59.17,4.43,16
1980,Robô 02 ,Ligado,64.18,2.54,278
1981,Motor 02,OPERANDO,60.48,2.11,190
1982,  Robô 02  ,Em manutenção,71.0,4.55,29
1983,Motor 02,Desligado,62.65,2.52,0
1984, Compressor 01,Desligado,66.62,2.81,0
1985,  Esteira 01,Desligado,63.47,1.05,0
1986,Robô 01 ,Manut.,60.43,4.15,3
1987,Bomba 02,PARADO,52.85,4.23,0
1988,Robô 01,OPERANDO,58.22,2.2,213
1989,Esteira 02,Fora de operação,84.41,4.1,0
1990,  Esteira 01  ,Em manutenção,58.5,4.01,27
1991,Robô 01,OPERANDO,59.28,3.55,323
1992,  Bomba 02,Fora de operação,66.4,3.73,0
1993,Motor 03  ,Ligado,66.22,3.03,417
1994,  Robô 01,Desligado,64.76,1.92,0
1995, Esteira 02,Em operação,64.7,1.88,223
1996,Esteira 01,Desligado,67.15,3.38,0
1997,Motor 03 ,Manut.,76.55,4.61,1
1998, Esteira 01,Desligado,74.54,4.06,0
1999,Robô 02 ,Parado,76.48,3.88,0
2000,Robô 01 ,manutencao,77.0,4.69,9
2001,Bomba 01,Manutenção,72.25,1.39,7
2002, Esteira 02,Em operação,75.55,2.88,402
2003,Robô 02,manutencao,66.82,2.12,20
2004,  Esteira 02  ,Manutenção,63.23,2.69,14
2005,Esteira 01 ,Em operação,69.82,4.45,399
2006, Bomba 02,PARADO,68.29,4.7,0
2007, Bomba 01,Manut.,58.88,3.25,14
2008, Motor 03,Ligado,51.81,2.08,226
2009,Esteira 02,Em operação,69.28,3.63,280
2010, Robô 02,operando,71.58,3.93,296
2011,Bomba 02,manutencao,55.88,2.83,25
2012,Motor 01  ,operando,65.97,3.24,391
2013,  Motor 01  ,Manut.,72.09,3.31,2
2014, Esteira 02,Manutenção,56.94,2.06,0
2015,Motor 02  ,manutencao,72.7,1.32,2
2016, Esteira 01,PARADO,67.9,0.99,0
2017,Motor 03 ,Parado,61.81,3.2,0
2018,  Robô 01  ,Em operação,64.5,2.73,391
2019,Motor 01,Desligado,64.57,4.25,0
2020, Bomba 02,Operando,68.31,2.98,289
2021, Bomba 02,Parado,64.19,2.51,0
2022,  Bomba 02  ,Manut.,63.7,1.0,15
2023,Motor 03,Ligado,81.03,4.59,271
2024,Motor 02  ,Parado,78.68,4.63,0
2025,Motor 02,Fora de operação,71.31,3.96,0
2026,Bomba 01  ,OPERANDO,65.29,2.58,350
2027,Esteira 02  ,Em manutenção,63.71,5.09,8
2028,  Compressor 01  ,Parado,78.65,2.35,0
2029,Motor 02,Em manutenção,70.63,2.87,20
2030,Motor 03 ,OPERANDO,58.35,4.11,381
2031,Compressor 01,operando,51.35,1.91,251
2032,Motor 03,Parado,71.43,3.08,0
2033,Bomba 02 ,Parado,58.98,3.14,0
2034,Bomba 02  ,MANUTENÇÃO,64.5,2.69,30
2035,  Esteira 01,parado,58.71,2.72,0
2036,Compressor 01  ,Desligado,69.99,2.21,0
2037,  Robô 02  ,parado,55.05,2.81,0
2038,  Esteira 01  ,operando,67.05,3.18,397
2039,Motor 01 ,Desligado,63.3,3.19,0
2040,Motor 02,Manut.,59.05,4.68,27
2041,Motor 03 ,PARADO,75.46,4.64,0
2042, Bomba 02,Ligado,68.11,2.8,215
2043,  Motor 02  ,manutencao,74.08,4.37,22
2044,Bomba 02 ,Operando,63.9,1.69,198
2045,Compressor 01  ,Em manutenção,69.15,3.57,4
2046, Motor 02,operando,80.16,3.25,286
2047, Motor 03,PARADO,66.53,1.44,0
2048,  Esteira 02,parado,65.7,2.03,0
2049,Motor 01 ,operando,75.05,4.81,188
2050, Robô 02,Desligado,70.76,3.95,0
2051,  Bomba 02  ,Manut.,56.42,3.55,8
2052,Robô 02  ,Em operação,65.14,2.08,220
2053,Esteira 02,Desligado,54.65,4.81,0
2054,  Esteira 01,Fora de operação,73.56,3.44,0
2055,Robô 01  ,Em manutenção,76.51,3.82,15
2056,  Bomba 01  ,Manutenção,61.33,3.65,1
2057,  Bomba 01  ,parado,68.14,3.55,0
2058,Motor 02 ,Fora de operação,68.14,2.21,0
2059,Esteira 01 ,OPERANDO,64.51,3.01,332
2060,Motor 01 ,Ligado,57.54,2.64,188
2061,Esteira 01 ,operando,75.93,2.91,324
2062,Compressor 01,Operando,60.38,5.3,182
2063,Bomba 01 ,parado,60.92,3.1,0
2064,  Bomba 02  ,Parado,77.76,2.85,0
2065,Motor 02 ,parado,73.59,2.38,0
2066, Robô 01,Operando,61.14,2.59,330
2067,Motor 01 ,OPERANDO,71.53,4.01,406
2068,  Motor 02  ,Ligado,76.5,1.89,347
2069,  Motor 03  ,OPERANDO,75.25,3.05,366
2070,  Robô 02  ,Desligado,72.79,2.71,0
2071,Motor 03 ,Em operação,58.2,4.61,290
2072,  Motor 01  ,MANUTENÇÃO,64.88,2.43,19
2073,Robô 02,OPERANDO,46.42,1.79,204
2074, Motor 01,MANUTENÇÃO,73.05,2.18,25
2075,  Motor 02,operando,62.9,3.27,255
2076,Motor 03,Em operação,61.2,2.67,198
2077,  Motor 03  ,MANUTENÇÃO,47.14,3.81,8
2078,  Compressor 01  ,Manut.,69.29,3.5,18
2079,Compressor 01,Parado,71.48,2.32,0
2080,  Robô 02  ,OPERANDO,59.18,3.54,339
2081,Bomba 01 ,operando,63.56,2.02,247
2082,Motor 01  ,Manutenção,78.59,3.72,22
2083,Robô 01,OPERANDO,70.5,2.44,220
2084,  Robô 02,Em manutenção,73.22,3.54,14
2085,Motor 02 ,PARADO,58.51,3.34,0
2086,Compressor 01,operando,68.42,3.53,416
2087,  Bomba 02,Ligado,64.92,3.31,267
2088,  Robô 02,Ligado,64.65,2.01,251
2089,Compressor 01,Desligado,71.4,4.03,0
2090,Esteira 01 ,Fora de operação,76.31,3.37,0
2091,Bomba 02,Manut.,71.44,1.45,15
2092,Esteira 01,Ligado,78.68,1.28,355
2093,Bomba 02 ,Em operação,65.08,2.79,197
2094,  Esteira 02,operando,63.7,4.61,403
2095,Bomba 02  ,Ligado,64.38,2.42,392
2096,Motor 01,Manut.,72.22,2.57,24
2097, Esteira 02,Ligado,62.74,3.95,301
2098,  Robô 01  ,MANUTENÇÃO,72.75,4.41,11
2099,  Robô 02,Em manutenção,79.21,3.21,19
2100,Esteira 01,manutencao,62.22,1.9,10
2101,Bomba 01,OPERANDO,79.98,1.69,307
2102,Bomba 01,MANUTENÇÃO,74.02,2.91,16
2103,  Motor 01,Em manutenção,73.2,1.99,20
2104,Robô 02,Operando,70.81,5.83,287
2105, Robô 01,Fora de operação,62.35,3.74,0
2106,  Esteira 01  ,Fora de operação,73.47,2.83,0
2107,Bomba 01,Em operação,73.58,2.39,402
2108,  Motor 02  ,PARADO,62.42,2.21,0
2109,Bomba 02 ,Parado,70.48,2.17,0
2110,Bomba 01,Manut.,70.33,4.04,5
2111,Robô 01  ,OPERANDO,60.38,2.84,396
2112,  Bomba 02  ,Em operação,62.11,0.85,411
2113,Motor 02,MANUTENÇÃO,68.58,2.73,0
2114,  Robô 02,operando,55.32,3.14,417
2115,Robô 01,Manutenção,58.33,3.55,1
2116,  Esteira 02,Ligado,68.31,4.19,277
2117, Motor 02,Em manutenção,63.46,3.2,30
2118,  Compressor 01,Manut.,71.68,1.69,23
2119,Bomba 02,Parado,68.67,1.93,0
2120,  Esteira 02  ,Em operação,61.67,5.12,412
2121,  Bomba 02  ,Ligado,82.32,3.16,188
2122,Motor 01,OPERANDO,70.38,1.24,312
2123,Robô 02 ,Parado,71.37,4.24,0
2124, Bomba 02,Desligado,71.52,2.99,0
2125,Bomba 02,MANUTENÇÃO,73.74,2.66,30
2126,  Bomba 02  ,OPERANDO,61.97,3.6,220
2127, Bomba 02,operando,66.1,2.6,210
2128,  Robô 02,Em manutenção,68.19,0.88,26
2129, Robô 01,Parado,67.89,3.52,0
2130,Bomba 02,Manutenção,67.51,2.53,19
2131,Robô 01,Fora de operação,58.48,4.21,0
2132,  Motor 03,Manutenção,62.53,2.41,7
2133,Esteira 01 ,Ligado,61.88,2.93,379
2134,Bomba 02 ,Manutenção,69.76,3.23,4
2135,  Motor 01  ,Fora de operação,69.28,2.74,0
2136,Robô 02,operando,70.43,3.71,226
2137,Motor 02,PARADO,75.66,1.27,0
2138,  Esteira 01,operando,65.53,3.11,198
2139,  Compressor 01  ,operando,68.8,4.11,407
2140,  Bomba 01  ,Manut.,63.05,3.28,9
2141, Motor 01,Manutenção,58.28,2.54,1
2142,Motor 02 ,Parado,57.39,3.24,0
2143,Robô 01,OPERANDO,61.69,3.0,211
2144,Esteira 01  ,Operando,58.76,2.83,374
2145, Motor 03,Em manutenção,57.1,4.71,0
2146, Bomba 01,Ligado,76.29,3.87,212
2147,Esteira 02 ,PARADO,67.96,3.52,0
2148,  Robô 01  ,Em operação,54.53,3.47,291
2149,  Robô 01,Manut.,68.51,3.68,21
2150,  Esteira 02,operando,56.67,2.24,259
2151, Motor 03,manutencao,52.55,3.26,13
2152,  Robô 02  ,Em operação,70.93,1.82,335
2153,  Bomba 02,Ligado,60.82,2.7,341
2154,  Motor 02,OPERANDO,80.55,1.49,244
2155,  Robô 02,Em operação,55.61,1.86,315
2156,  Bomba 01,Operando,76.57,4.3,289
2157,Motor 03 ,Ligado,76.19,3.74,275
2158,Motor 03 ,operando,77.67,3.19,363
2159, Bomba 01,PARADO,61.38,2.74,0
2160,Esteira 01  ,operando,59.85,3.99,314
2161,Esteira 01,Desligado,65.32,4.45,0
2162,Motor 02  ,Manut.,60.57,1.9,13
2163,Bomba 01 ,Ligado,71.11,4.8,307
2164,Motor 01 ,parado,72.63,3.85,0
2165,Robô 02 ,Fora de operação,60.2,3.98,0
2166,Esteira 02,Manutenção,68.9,1.82,0
2167,Compressor 01 ,OPERANDO,70.87,2.25,409
2168,Robô 01  ,Operando,66.34,3.25,300
2169,  Motor 02,manutencao,65.07,3.93,11
2170,Bomba 02,Desligado,68.26,1.95,0
2171,  Motor 01,Em operação,64.46,2.06,397
2172,Motor 02 ,Fora de operação,70.98,3.53,0
2173, Motor 01,operando,80.9,3.02,365
2174, Bomba 02,OPERANDO,76.56,3.94,387
2175,Bomba 01  ,Operando,79.9,2.29,246
2176,Motor 01,Operando,69.61,2.97,264
2177,  Robô 02,Em operação,61.95,0.94,329
2178,Compressor 01,OPERANDO,65.33,3.61,329
2179,  Bomba 02  ,PARADO,62.82,2.04,0
2180,Esteira 01  ,PARADO,56.87,0.78,0
2181,  Bomba 01  ,PARADO,67.83,3.87,0
2182,  Esteira 02  ,operando,58.98,4.62,242
2183,  Esteira 01  ,operando,74.28,3.63,234
2184,  Motor 01  ,Ligado,60.23,3.3,304
2185,Motor 02 ,Ligado,71.64,1.54,311
2186,Bomba 01 ,manutencao,63.12,3.26,16
2187, Motor 02,Ligado,72.98,2.61,295
2188,Robô 02  ,Ligado,67.85,2.47,251
2189, Bomba 02,Manutenção,62.03,4.99,20
2190, Motor 02,PARADO,75.24,1.94,0
2191,Esteira 01,Manut.,61.65,3.29,15
2192,  Robô 01,Parado,65.44,5.38,0
2193,Motor 02 ,parado,68.66,4.08,0
2194,Bomba 02  ,Parado,72.28,3.36,0
2195,Motor 02,Manutenção,55.12,4.64,6
2196, Esteira 02,parado,69.5,3.82,0
2197,  Robô 02,Desligado,57.32,3.71,0
2198,Esteira 01,Ligado,78.14,4.51,327
2199, Esteira 02,operando,61.49,2.94,405
2200,  Robô 02  ,manutencao,61.23,3.66,7
2201,  Esteira 02,Ligado,69.25,3.69,343
2202,  Esteira 02  ,Fora de operação,66.87,3.18,0
2203,Motor 03  ,Manut.,64.56,2.02,9
2204, Esteira 01,Parado,65.24,2.55,0
2205,  Bomba 01,OPERANDO,77.08,2.75,289
2206,Bomba 01,OPERANDO,81.26,2.77,223
2207,Motor 01  ,Parado,76.09,2.85,0
2208, Compressor 01,PARADO,77.0,4.27,0
2209,  Robô 02  ,Em operação,71.37,2.05,222
2210,Motor 03,operando,63.16,4.64,295
2211,  Compressor 01  ,Parado,72.39,3.05,0
2212,Compressor 01 ,Parado,54.31,3.58,0
2213,  Esteira 02  ,Parado,76.38,2.01,0
2214,  Robô 02,operando,65.94,4.3,343
2215, Motor 01,parado,73.36,1.95,0
2216,Motor 03 ,PARADO,76.02,3.35,0
2217,Bomba 02 ,Ligado,66.84,2.44,276
2218,Motor 02 ,Manut.,60.86,2.2,29
2219,Compressor 01  ,OPERANDO,65.99,4.6,407
2220,  Bomba 01,Fora de operação,47.58,4.69,0
2221, Esteira 02,Operando,57.44,2.35,393
2222,Robô 02,parado,69.54,1.86,0
2223,Bomba 01 ,operando,75.08,2.88,355
2224,  Motor 03,Manutenção,77.71,5.21,19
2225,  Robô 01  ,OPERANDO,65.09,3.88,384
2226,Esteira 02,PARADO,72.52,3.31,0
2227,Robô 02,Operando,66.29,3.11,270
2228,Motor 01,Em operação,76.32,4.66,381
2229,  Robô 01  ,MANUTENÇÃO,50.9,2.18,22
2230, Esteira 02,manutencao,70.05,4.35,2
2231, Esteira 02,Operando,60.54,3.26,387
2232,  Bomba 02,parado,70.11,3.01,0
2233,Esteira 02 ,Fora de operação,63.64,4.3,0
2234,Bomba 01  ,OPERANDO,65.1,2.49,214
2235,Bomba 02  ,Ligado,66.07,3.5,325
2236,Compressor 01  ,OPERANDO,56.83,4.54,291
2237, Motor 02,Desligado,61.33,3.41,0
2238,  Bomba 01,Parado,60.43,3.56,0
2239,  Bomba 02,Operando,68.38,2.98,376
2240,Bomba 02,MANUTENÇÃO,76.68,4.78,25
2241,Esteira 01  ,Desligado,60.19,4.1,0
2242,Robô 02 ,Operando,67.23,2.1,283
2243,  Motor 01,MANUTENÇÃO,67.69,1.9,26
2244,Motor 01,Operando,64.41,6.0,207
2245,Bomba 01  ,operando,70.95,1.94,356
2246,Bomba 01,operando,66.37,1.6,369
2247,  Motor 01  ,Ligado,58.05,2.97,306
2248, Motor 03,Manut.,60.84,1.35,9
2249,  Esteira 02  ,Manut.,75.06,3.15,22
2250,Esteira 01,operando,76.53,3.1,210
2251,Robô 01,Ligado,69.25,4.19,393
2252,  Robô 01,parado,70.35,3.27,0
2253,  Bomba 02,OPERANDO,72.74,1.36,319
2254,Esteira 02  ,Manutenção,57.48,3.65,3
2255, Bomba 02,Manutenção,70.83,3.17,23
2256, Esteira 01,Desligado,66.54,1.84,0
2257,  Compressor 01,Em operação,66.21,3.55,330
2258,Compressor 01 ,Manutenção,65.91,4.08,25
2259,  Motor 02,parado,68.54,2.58,0
2260,  Esteira 02,operando,66.04,3.04,257
2261,  Motor 01  ,Manutenção,74.63,2.24,1
2262, Bomba 01,PARADO,72.73,2.35,0
2263, Motor 01,Parado,53.09,3.09,0
2264,Esteira 01 ,Manut.,65.11,2.14,2
2265,  Motor 03  ,OPERANDO,60.34,4.38,266
2266,  Compressor 01  ,Em manutenção,68.29,2.31,24
2267,  Esteira 02,operando,75.71,2.38,276
2268,Compressor 01  ,Manutenção,71.66,4.52,16
2269,Robô 01 ,OPERANDO,63.99,1.84,328
2270,Bomba 01  ,Fora de operação,68.26,2.77,0
2271,  Motor 01  ,OPERANDO,68.19,4.57,307
2272,Compressor 01 ,MANUTENÇÃO,68.39,4.81,29
2273,Esteira 01,Manut.,75.27,2.0,12
2274,Bomba 02,Operando,64.37,2.78,396
2275,  Motor 02,MANUTENÇÃO,60.04,4.1,0
2276,Motor 03 ,operando,64.84,2.18,343
2277,Robô 02  ,Ligado,69.72,4.2,353
2278, Esteira 02,Ligado,66.63,2.03,315
2279,Esteira 01,Fora de operação,84.54,3.48,0
2280, Motor 02,Operando,72.45,1.13,272
2281,Bomba 02  ,Desligado,71.21,2.41,0
2282,  Robô 01,Ligado,71.5,1.97,301
2283,Robô 01 ,Parado,60.41,2.23,0
2284,Motor 03,PARADO,60.89,3.53,0
2285,Motor 02  ,operando,72.89,3.97,205
2286,  Motor 02,Ligado,75.28,3.5,185
2287,Esteira 01 ,Manut.,70.28,2.22,11
2288, Motor 02,Em operação,75.17,3.69,398
2289,Robô 01  ,Desligado,63.3,4.38,0
2290,  Robô 01  ,Manut.,73.06,3.82,29
2291,  Esteira 02  ,Operando,74.17,3.31,231
2292,Bomba 01,OPERANDO,70.66,4.87,264
2293, Motor 01,PARADO,82.27,4.18,0
2294,  Robô 02  ,Em manutenção,67.18,2.83,2
2295,Bomba 02  ,manutencao,64.82,2.83,17
2296, Compressor 01,Em operação,66.45,2.64,307
2297, Robô 01,Manutenção,62.3,4.02,25
2298,Esteira 01,Manut.,78.34,3.69,25
2299,Esteira 01  ,Fora de operação,73.77,1.94,0
2300,Motor 01  ,PARADO,78.29,3.65,0
2301,  Motor 03,manutencao,63.58,3.34,14
2302,Motor 02  ,Manut.,63.9,3.58,13
2303, Motor 01,Ligado,67.83,3.18,285
2304,Robô 01  ,Operando,68.21,3.09,364
2305,Esteira 01,operando,74.05,3.47,252
2306,Motor 01 ,Parado,55.22,1.84,0
2307, Esteira 02,Fora de operação,58.79,3.98,0
2308,Motor 02,Em operação,71.4,2.84,360
2309, Bomba 01,PARADO,63.17,0.78,0
2310,Robô 01 ,Em manutenção,62.13,2.09,8
2311,  Bomba 01  ,Desligado,64.67,3.09,0
2312,  Bomba 02  ,Fora de operação,64.18,3.13,0
2313,Motor 03  ,Ligado,63.99,4.29,211
2314,  Bomba 01  ,Em manutenção,67.45,2.84,7
2315,  Compressor 01  ,MANUTENÇÃO,63.7,3.24,15
2316,Motor 01 ,Em operação,61.97,2.65,201
2317,Motor 01 ,Em manutenção,60.68,2.36,27
2318,  Bomba 02,PARADO,71.57,3.29,0
2319,  Motor 03  ,parado,56.93,2.8,0
2320,Motor 01  ,MANUTENÇÃO,66.07,3.29,19
2321,Bomba 01 ,MANUTENÇÃO,67.1,2.4,0
2322,  Bomba 01  ,Em manutenção,56.87,1.71,25
2323,Motor 01,Desligado,58.46,4.13,0
2324,Esteira 02  ,PARADO,57.1,3.83,0
2325,Robô 01 ,OPERANDO,74.61,2.82,416
2326, Esteira 01,Manut.,79.49,3.27,30
2327,Esteira 02,Ligado,67.78,2.27,326
2328,Bomba 02,Fora de operação,66.16,3.88,0
2329,  Esteira 02  ,MANUTENÇÃO,67.15,2.94,9
2330,  Robô 02  ,Parado,73.98,1.44,0
2331,  Compressor 01,Operando,59.71,3.51,271
2332,  Compressor 01  ,Em manutenção,60.27,2.74,18
2333,Motor 02 ,Manut.,62.33,2.55,2
2334, Compressor 01,Em operação,67.56,2.3,402
2335, Compressor 01,Ligado,64.3,2.69,338
2336, Motor 01,operando,64.48,2.57,309
2337,Compressor 01  ,Parado,77.74,3.51,0
2338,  Motor 01  ,Em operação,68.25,3.07,396
2339,Bomba 01  ,manutencao,71.92,3.3,3
2340,Motor 02  ,PARADO,69.13,3.36,0
2341,Esteira 01 ,Fora de operação,58.01,4.44,0
2342,Bomba 02,Manutenção,61.89,3.46,0
2343,Bomba 01  ,MANUTENÇÃO,54.85,5.19,28
2344,  Bomba 01,Em operação,64.02,2.69,191
2345, Esteira 02,Manut.,64.21,2.84,6
2346,Bomba 01  ,manutencao,68.61,1.93,18
2347, Bomba 01,parado,67.88,2.87,0
2348,  Motor 03,MANUTENÇÃO,69.83,3.09,2
2349,Esteira 01  ,Desligado,76.87,3.08,0
2350,Bomba 02  ,manutencao,77.4,4.52,25
2351,Motor 01  ,PARADO,62.42,2.08,0
2352,Bomba 01 ,Ligado,70.0,2.39,242
2353, Bomba 01,MANUTENÇÃO,67.73,2.16,14
2354,  Bomba 01  ,operando,64.34,2.08,405
2355,Bomba 02 ,operando,62.03,4.05,414
2356,  Bomba 01  ,PARADO,60.97,2.43,0
2357, Bomba 02,Fora de operação,76.67,0.5,0
2358, Robô 01,MANUTENÇÃO,75.82,2.29,21
2359,Motor 03  ,Em operação,68.82,2.22,210
2360,  Motor 02,parado,63.03,3.08,0
2361,  Compressor 01  ,Manut.,69.13,0.98,28
2362,Compressor 01,OPERANDO,70.97,3.64,321
2363,  Compressor 01  ,operando,68.29,3.29,290
2364,  Motor 01  ,OPERANDO,70.72,3.07,401
2365,  Robô 01,Manut.,63.77,3.34,22
2366, Robô 01,manutencao,65.29,3.97,26
2367,Bomba 01  ,Fora de operação,50.32,0.96,0
2368,Motor 01,manutencao,82.05,1.93,29
2369,  Bomba 02  ,PARADO,66.56,2.03,0
2370,  Compressor 01  ,OPERANDO,65.83,1.5,330
2371,Robô 01,OPERANDO,74.44,2.28,274
2372,  Compressor 01,Parado,59.27,3.55,0
2373,Robô 02 ,MANUTENÇÃO,71.82,3.58,10
2374,Motor 01  ,Desligado,74.36,2.31,0
2375,Bomba 02 ,Parado,58.21,4.22,0
2376,Motor 03,Em manutenção,80.63,2.4,23
2377,  Esteira 01,Desligado,64.46,5.13,0
2378,Bomba 01,Parado,66.24,3.59,0
2379,  Esteira 02,PARADO,67.7,3.7,0
2380,Esteira 02  ,MANUTENÇÃO,70.99,3.55,8
2381,Motor 03,Ligado,59.1,2.72,223
2382,Motor 01  ,Manut.,81.27,3.62,17
2383,Esteira 01,PARADO,67.79,2.9,0
2384,Esteira 01 ,Fora de operação,60.2,3.58,0
2385,  Motor 03,Em operação,76.67,2.32,415
2386,  Motor 02,Manut.,62.02,3.42,27
2387,Motor 03 ,manutencao,58.0,0.81,25
2388,  Motor 02  ,MANUTENÇÃO,67.47,3.49,5
2389,Robô 01 ,Em operação,56.07,3.57,352
2390,  Motor 02  ,manutencao,60.69,5.19,13
2391,  Motor 02  ,MANUTENÇÃO,62.49,3.01,17
2392,  Motor 01  ,Manutenção,70.79,3.13,12
2393,  Esteira 01  ,Ligado,66.62,3.67,388
2394,  Motor 03  ,PARADO,66.05,3.75,0
2395,Motor 02  ,Em manutenção,66.19,2.42,13
2396,  Motor 02,Desligado,58.57,2.09,0
2397,  Motor 01,manutencao,66.44,4.07,18
2398,  Esteira 01  ,Parado,56.81,3.24,0
2399,Motor 03 ,Em manutenção,67.66,3.93,15
2400,  Compressor 01  ,parado,59.84,2.38,0
2401,Esteira 02,Ligado,77.99,4.44,373
2402,  Esteira 02,PARADO,62.29,4.41,0
2403, Motor 02,PARADO,76.91,2.7,0
2404,  Bomba 01  ,parado,63.62,1.45,0
2405,  Compressor 01,Fora de operação,62.64,3.48,0
2406,Esteira 02 ,Desligado,69.97,5.0,0
2407,Bomba 02,Desligado,67.74,2.33,0
2408,  Bomba 01,parado,69.67,2.12,0
2409,Esteira 02,Em operação,62.1,3.16,342
2410,Motor 01 ,PARADO,59.3,3.8,0
2411,Motor 03  ,Ligado,67.62,2.62,337
2412,Robô 02 ,OPERANDO,65.89,2.98,364
2413,  Motor 01,operando,68.2,2.22,270
2414,Robô 01,Manutenção,71.58,3.31,17
2415, Esteira 01,Em manutenção,53.47,2.66,7
2416, Esteira 02,Manut.,61.92,3.84,17
2417,Esteira 01,Operando,73.63,1.72,314
2418,Motor 02  ,parado,67.53,2.82,0
2419,Esteira 02 ,Operando,68.51,4.81,243
2420,Motor 01 ,manutencao,75.74,4.33,20
2421, Bomba 02,Em manutenção,66.67,2.31,2
2422,Motor 02,Desligado,64.93,1.43,0
2423,Bomba 02,Operando,66.6,1.85,415
2424,Motor 03,manutencao,61.07,2.58,26
2425,Robô 02 ,MANUTENÇÃO,63.25,4.17,0
2426,Esteira 02 ,PARADO,68.61,3.85,0
2427,  Robô 02,parado,66.21,3.53,0
2428,Bomba 02  ,Em operação,51.8,3.33,316
2429, Robô 01,parado,75.16,3.23,0
2430,Bomba 02 ,MANUTENÇÃO,63.79,2.96,7
2431,Robô 02,parado,68.01,2.02,0
2432,Compressor 01  ,operando,63.08,2.4,387
2433,Motor 02,Desligado,73.8,4.85,0
2434,Compressor 01  ,Ligado,73.15,3.61,394
2435,Compressor 01  ,manutencao,73.32,1.67,1
2436,Compressor 01 ,parado,64.61,3.94,0
2437,Motor 03,Parado,63.46,1.85,0
2438,Motor 01 ,manutencao,69.28,4.34,15
2439,  Robô 01,Parado,71.97,2.92,0
2440,  Compressor 01  ,PARADO,53.21,2.92,0
2441,Motor 02,parado,64.87,2.18,0
2442, Motor 01,Desligado,66.95,2.5,0
2443,Compressor 01,Operando,73.16,2.33,340
2444,  Robô 01,OPERANDO,66.94,1.84,282
2445,Motor 01 ,operando,61.63,3.43,416
2446,Esteira 02  ,Parado,61.94,2.46,0
2447, Motor 03,Em operação,62.32,3.0,337
2448,Bomba 01  ,Fora de operação,66.94,4.21,0
2449,  Bomba 01  ,manutencao,83.05,3.05,5
2450,  Robô 01  ,Em manutenção,60.96,3.24,5
2451,  Motor 03,operando,67.74,3.1,359
2452, Esteira 01,manutencao,73.44,3.72,3
2453,Motor 01  ,PARADO,64.84,2.89,0
2454, Robô 01,Parado,55.92,1.44,0
2455,Esteira 02 ,Em manutenção,73.27,2.54,23
2456,Esteira 02 ,Fora de operação,68.74,0.78,0
2457,Robô 01  ,Manutenção,65.48,2.76,4
2458,  Motor 02  ,Ligado,65.98,3.87,206
2459,Motor 03  ,Fora de operação,62.78,2.32,0
2460,Robô 02  ,Fora de operação,64.84,4.89,0
2461,  Robô 02  ,Manut.,62.81,3.2,25
2462, Esteira 01,operando,75.74,2.51,216
2463,  Motor 03,Em manutenção,69.82,3.1,1
2464,Motor 03  ,MANUTENÇÃO,57.38,3.65,10
2465,Esteira 02  ,MANUTENÇÃO,73.64,3.96,12
2466,  Bomba 02  ,PARADO,58.81,4.61,0
2467,Bomba 01  ,operando,76.99,1.81,222
2468,  Esteira 02  ,OPERANDO,71.8,2.02,305
2469,  Esteira 02  ,operando,60.01,2.72,269
2470,Motor 03,Em manutenção,61.79,3.94,21
2471,  Bomba 01  ,parado,69.02,4.35,0
2472,  Esteira 01,Parado,72.01,4.6,0
2473, Motor 01,PARADO,64.04,3.6,0
2474,Robô 02 ,Parado,72.58,3.63,0
2475,Esteira 02  ,Manut.,72.57,3.17,20
2476,  Esteira 02  ,PARADO,48.44,5.07,0
2477,Esteira 02 ,Manutenção,75.54,3.56,0
2478,Compressor 01  ,Manutenção,62.85,3.27,23
2479,Robô 01,Operando,60.42,4.11,362
2480,  Motor 03  ,manutencao,73.05,4.85,2
2481,Bomba 02,Operando,56.67,3.65,260
2482,Motor 02  ,Em operação,71.57,3.03,337
2483,Motor 01 ,Em manutenção,59.93,1.21,28
2484,Motor 03  ,manutencao,74.93,2.69,30
2485,  Bomba 02,Em manutenção,65.77,2.79,6
2486, Robô 01,manutencao,66.55,3.71,1
2487,Esteira 02  ,Ligado,64.3,2.15,342
2488,Motor 01 ,Em operação,63.75,2.91,299
2489,  Robô 02  ,operando,59.86,2.65,209
2490, Motor 02,manutencao,72.24,3.55,20
2491, Motor 01,MANUTENÇÃO,76.96,3.19,14
2492,  Motor 02  ,Ligado,63.24,4.51,410
2493,  Esteira 01  ,MANUTENÇÃO,66.55,2.24,12
2494, Esteira 02,Em operação,70.87,3.77,237
2495,Esteira 01 ,Manut.,73.11,5.74,8
2496,Compressor 01 ,operando,57.81,3.18,269
2497,  Robô 01,Em manutenção,58.02,1.72,1
2498,  Robô 02,OPERANDO,62.32,2.94,359
2499,Bomba 02 ,Manutenção,71.66,1.45,6
2500,  Bomba 01  ,Desligado,56.06,2.57,0
2501,Esteira 02,Desligado,67.79,2.34,0
2502,Compressor 01 ,Operando,74.45,2.53,341
2503,  Motor 03,OPERANDO,60.95,3.28,324
2504,  Bomba 02  ,Fora de operação,72.03,2.59,0
2505,  Motor 02  ,Parado,67.6,3.01,0
2506,  Bomba 02,Parado,59.17,4.95,0
2507,Motor 03 ,Em operação,71.59,4.17,372
2508,  Motor 01,MANUTENÇÃO,60.02,2.2,22
2509,  Bomba 02  ,parado,61.84,3.22,0
2510,Bomba 01  ,Parado,59.95,3.21,0
2511, Motor 01,MANUTENÇÃO,81.68,2.19,3
2512,  Bomba 02,MANUTENÇÃO,65.88,4.4,18
2513, Motor 01,Desligado,69.97,3.83,0
2514,  Robô 02  ,Desligado,72.97,5.64,0
2515, Motor 03,Manutenção,58.14,5.3,2
2516, Esteira 02,MANUTENÇÃO,63.01,3.93,14
2517,  Motor 01  ,OPERANDO,68.32,3.68,258
2518, Motor 02,Ligado,71.7,2.27,365
2519, Esteira 01,Manutenção,55.62,2.51,0
2520, Compressor 01,Parado,74.16,3.84,0
2521,  Bomba 02  ,Ligado,75.88,2.33,392
2522,  Compressor 01  ,Ligado,67.26,2.65,212
2523, Bomba 01,parado,69.18,0.99,0
2524,Bomba 02  ,parado,60.69,2.9,0
2525,Robô 02,Ligado,70.3,2.69,240
2526,Bomba 01 ,Parado,66.6,3.1,0
2527,  Robô 02,Manut.,71.48,3.44,15
2528,Esteira 01,Ligado,66.01,3.52,278
2529,  Motor 03,OPERANDO,65.49,4.07,390
2530,Compressor 01,Em operação,74.08,2.83,221
2531,  Bomba 02  ,Desligado,70.95,2.13,0
2532,Motor 02 ,Manutenção,65.89,1.65,12
2533, Motor 01,Parado,72.75,3.96,0
2534,Compressor 01,PARADO,61.08,1.87,0
2535,Bomba 02,Em operação,56.73,3.85,209
2536,  Robô 02,Desligado,61.47,3.91,0
2537,Bomba 01  ,Parado,70.36,3.51,0
2538,Bomba 02  ,MANUTENÇÃO,59.2,4.1,4
2539,Motor 01 ,Manut.,65.58,2.36,16
2540,  Robô 02  ,Em manutenção,64.88,3.19,9
2541,Motor 01,Em manutenção,60.32,3.16,28
2542,  Robô 02  ,Parado,66.91,4.01,0
2543,Esteira 02,Desligado,66.37,3.93,0
2544,Bomba 02,PARADO,62.5,4.37,0
2545,Robô 02,Parado,66.02,1.88,0
2546, Bomba 02,OPERANDO,69.7,3.32,366
2547,  Motor 03  ,PARADO,61.91,3.44,0
2548,  Compressor 01  ,Fora de operação,67.48,4.97,0
2549,Robô 01  ,PARADO,73.02,3.32,0
2550, Motor 01,Fora de operação,76.87,2.89,0
2551,  Motor 02,Desligado,69.81,3.05,0
2552,  Esteira 02,parado,83.99,3.44,0
2553,  Esteira 02  ,Manutenção,66.87,2.69,29
2554,Bomba 02,MANUTENÇÃO,68.95,3.83,9
2555,Robô 02  ,Desligado,70.19,2.51,0
2556,Motor 01 ,Fora de operação,55.33,3.39,0
2557,Bomba 02 ,manutencao,65.32,2.51,16
2558,Motor 01  ,parado,75.89,2.29,0
2559,Esteira 02,parado,70.25,4.78,0
2560,Motor 03 ,Em operação,54.97,3.51,342
2561,Bomba 01,Ligado,68.73,4.65,236
2562,Motor 02  ,Em operação,65.69,1.74,297
2563,  Robô 02,Manutenção,59.78,2.4,15
2564,Robô 01,Parado,63.52,3.88,0
2565, Compressor 01,PARADO,72.02,2.17,0
2566,  Robô 01  ,OPERANDO,64.5,2.42,188
2567,Robô 02,Manutenção,46.79,3.34,2
2568,  Esteira 01  ,Desligado,63.04,3.71,0
2569,  Bomba 01,Manutenção,63.01,3.22,18
2570,Motor 03  ,Parado,60.34,2.69,0
2571,Motor 01 ,Desligado,66.21,0.2,0
2572,Bomba 02  ,OPERANDO,54.67,4.79,211
2573,  Motor 02,Ligado,67.82,3.57,254
2574, Motor 03,MANUTENÇÃO,68.96,1.5,12
2575,  Robô 01,Parado,67.06,2.06,0
2576,Robô 02 ,Parado,68.27,1.7,0
2577,Bomba 01  ,Desligado,62.1,2.96,0
2578,  Bomba 02,MANUTENÇÃO,54.24,3.52,14
2579, Motor 03,parado,64.94,4.3,0
2580,  Bomba 01,Manutenção,74.16,5.03,12
2581,  Robô 02  ,parado,74.1,2.93,0
2582,Motor 01  ,Ligado,73.27,4.16,200
2583,Robô 02  ,manutencao,65.74,3.22,19
2584, Esteira 01,Fora de operação,59.51,2.02,0
2585,Bomba 01,manutencao,57.06,2.05,12
2586,Robô 01  ,Em manutenção,72.42,5.17,14
2587,  Bomba 01  ,Em manutenção,67.53,4.23,22
2588,Esteira 01 ,OPERANDO,63.04,5.14,232
2589,  Robô 02,PARADO,67.3,4.46,0
2590, Esteira 01,PARADO,63.6,3.1,0
2591,Robô 02 ,Em manutenção,70.62,2.82,14
2592,Motor 02,manutencao,77.31,3.4,27
2593,  Robô 01,Em manutenção,57.8,4.25,30
2594,  Esteira 02  ,Desligado,75.78,4.29,0
2595,  Robô 01  ,Operando,54.84,3.81,195
2596,  Esteira 02,Em manutenção,72.26,1.56,11
2597,  Bomba 02  ,Manut.,56.89,2.99,13
2598,Motor 02,OPERANDO,73.75,1.72,328
2599,  Motor 02  ,OPERANDO,60.16,4.19,216
2600,  Esteira 01,Ligado,66.43,3.99,357
2601,  Motor 02,Manut.,64.03,1.48,24
2602,Esteira 02 ,Em operação,64.66,2.27,295
2603,Esteira 02  ,Em operação,57.18,2.15,217
2604,Robô 01 ,Operando,68.22,4.05,272
2605,Esteira 02 ,manutencao,72.41,4.29,15
2606,  Compressor 01  ,Em operação,74.15,4.59,212
2607,Motor 03  ,Em operação,70.42,2.5,238
2608, Motor 01,Fora de operação,63.97,4.35,0
2609,Esteira 02 ,manutencao,52.87,2.99,16
2610,  Bomba 02,Fora de operação,82.18,1.53,0
2611,Motor 03  ,Em manutenção,58.48,3.09,12
2612,  Compressor 01  ,OPERANDO,72.53,2.27,303
2613,Bomba 02,Manutenção,73.06,2.8,9
2614, Esteira 01,OPERANDO,64.85,4.81,382
2615,  Motor 02  ,Ligado,62.18,3.97,413
2616,  Motor 01  ,Em manutenção,72.17,1.5,28
2617,  Esteira 01  ,Ligado,65.82,3.3,340
2618,Motor 02 ,Desligado,75.11,3.62,0
2619,  Robô 01  ,Desligado,79.94,1.2,0
2620,  Motor 01,Fora de operação,61.81,2.99,0
2621,  Motor 03  ,Manut.,63.94,2.49,22
2622, Compressor 01,Operando,72.46,3.0,251
2623,  Motor 02  ,Ligado,65.37,0.88,411
2624,Motor 03  ,Em operação,71.67,3.37,329
2625,  Robô 02,PARADO,78.79,4.3,0
2626,Motor 01 ,MANUTENÇÃO,63.91,2.61,3
2627,Compressor 01,PARADO,69.84,4.28,0
2628,Esteira 01  ,PARADO,66.7,3.23,0
2629,Bomba 02,manutencao,76.18,1.97,6
2630,  Robô 02  ,Fora de operação,67.76,0.2,0
2631,  Esteira 02,Fora de operação,65.72,4.5,0
2632,Bomba 01  ,PARADO,49.85,2.88,0
2633,Esteira 02 ,Em manutenção,60.74,2.92,21
2634,Robô 01  ,Em operação,64.61,2.75,373
2635,  Motor 03,Operando,59.02,5.55,300
2636, Compressor 01,OPERANDO,73.82,3.53,257
2637,  Motor 02,Parado,61.36,2.15,0
2638, Motor 03,MANUTENÇÃO,70.94,3.56,9
2639,Robô 01 ,Parado,67.81,1.98,0
2640,Esteira 02  ,Ligado,63.34,2.85,220
2641,  Esteira 01,MANUTENÇÃO,68.94,3.62,21
2642,Motor 03 ,Desligado,77.12,2.93,0
2643,  Bomba 02  ,Em operação,67.73,3.87,419
2644,Esteira 02 ,OPERANDO,63.1,4.61,392
2645,  Bomba 01,Em operação,60.76,3.55,286
2646,  Motor 01,Operando,73.41,2.92,386
2647,  Motor 03,MANUTENÇÃO,65.04,4.93,6
2648,  Esteira 01  ,manutencao,66.51,4.99,0
2649,  Bomba 01,MANUTENÇÃO,60.39,3.96,23
2650, Esteira 01,Fora de operação,53.21,3.06,0
2651,Motor 02,Ligado,72.98,4.45,364
2652,  Robô 02,Operando,68.36,2.12,412
2653, Compressor 01,Em operação,76.27,2.99,195
2654,Motor 02,Manutenção,62.22,4.14,14
2655,Esteira 02,PARADO,74.75,4.34,0
2656,  Bomba 01  ,parado,73.41,1.28,0
2657,Robô 02 ,Fora de operação,67.93,3.51,0
2658,Esteira 01 ,Fora de operação,57.15,2.68,0
2659,Robô 01  ,Em manutenção,66.62,3.3,24
2660,  Motor 02  ,manutencao,65.79,0.6,11
2661,  Compressor 01  ,Manut.,68.35,3.96,7
2662,Compressor 01 ,Parado,72.88,5.63,0
2663,Esteira 02 ,Fora de operação,66.98,2.88,0
2664,  Motor 02  ,parado,55.62,3.9,0
2665,Motor 01  ,Operando,74.17,2.48,184
2666,  Robô 02,Operando,80.77,2.59,263
2667,  Robô 01,Em operação,58.15,2.46,368
2668,Motor 02  ,operando,79.03,2.82,316
2669,Motor 03  ,Em manutenção,72.44,2.05,14
2670,  Robô 02  ,Ligado,67.14,1.39,290
2671,  Esteira 02,PARADO,84.3,1.04,0
2672,  Motor 03  ,Parado,76.07,3.74,0
2673,  Bomba 01,Desligado,69.23,1.49,0
2674,Bomba 02,parado,66.3,3.05,0
2675,Bomba 02,Operando,68.15,4.14,246
2676,Esteira 01  ,Manutenção,67.96,1.87,20
2677,Esteira 01  ,Manut.,58.19,4.73,27
2678, Robô 02,Ligado,67.68,2.43,226
2679,Motor 02,Desligado,56.17,1.95,0
2680,Motor 03  ,Parado,72.98,2.85,0
2681, Bomba 01,Manutenção,68.52,3.92,13
2682, Esteira 02,Manut.,77.55,2.27,0
2683,  Motor 03,operando,70.42,2.26,293
2684,  Esteira 01,Operando,60.33,3.43,232
2685,Bomba 02  ,Em manutenção,80.09,4.96,16
2686,  Robô 02  ,Desligado,75.49,4.26,0
2687,  Motor 02,manutencao,57.79,2.08,10
2688, Bomba 02,Ligado,79.5,2.93,272
2689,Compressor 01 ,Desligado,72.9,3.81,0
2690,  Motor 01,MANUTENÇÃO,51.34,4.33,3
2691,Bomba 01 ,Em operação,70.86,2.19,397
2692, Esteira 02,manutencao,75.67,3.83,12
2693,Compressor 01,Em operação,65.09,0.98,191
2694, Motor 03,OPERANDO,63.63,2.89,219
2695,  Motor 03  ,PARADO,67.19,2.75,0
2696,  Esteira 01  ,Manutenção,64.4,4.44,26
2697,  Motor 03,OPERANDO,70.86,4.18,218
2698,Motor 03 ,Manut.,77.96,2.3,0
2699, Compressor 01,Em operação,61.44,3.65,395
2700,Esteira 02  ,Parado,68.58,3.14,0
2701,  Motor 01,Operando,66.63,2.54,284
2702,Motor 01  ,parado,67.88,1.5,0
2703, Motor 03,operando,81.87,3.3,203
2704,Bomba 02,operando,74.67,2.88,286
2705,  Robô 01,OPERANDO,74.93,1.67,180
2706,  Esteira 02,PARADO,71.35,2.65,0
2707,  Bomba 01  ,Desligado,60.59,4.13,0
2708,  Motor 02,PARADO,66.89,1.15,0
2709, Esteira 01,Ligado,54.39,2.93,216
2710,  Esteira 01  ,operando,66.52,1.51,252
2711,Robô 02,Ligado,67.67,3.73,348
2712,Esteira 02 ,manutencao,77.26,2.86,16
2713,Robô 01  ,Manut.,65.43,5.23,10
2714,Bomba 02 ,Manutenção,73.99,4.39,27
2715,  Motor 01  ,Manut.,70.04,1.75,25
2716, Esteira 01,Operando,68.15,3.31,383
2717, Esteira 01,parado,62.99,4.27,0
2718,Compressor 01 ,Ligado,58.09,1.77,327
2719,  Bomba 02,Ligado,61.77,3.33,292
2720,  Motor 02  ,Em operação,62.29,2.1,266
2721, Bomba 01,Em operação,59.32,4.81,377
2722,  Robô 01,Manutenção,78.33,4.22,24
2723,Robô 01 ,operando,68.47,2.07,186
2724, Robô 01,operando,68.11,4.19,208
2725,Motor 02  ,manutencao,62.97,5.05,9
2726,  Compressor 01,Desligado,69.9,3.06,0
2727, Robô 01,parado,73.21,1.22,0
2728, Robô 01,OPERANDO,69.66,2.5,184
2729,  Esteira 01  ,manutencao,61.23,4.18,4
2730,Robô 02  ,Desligado,75.27,3.46,0
2731, Robô 01,manutencao,75.14,2.7,11
2732,Motor 03,Manutenção,72.02,4.32,19
2733,  Esteira 01  ,OPERANDO,50.13,2.47,288
2734,Esteira 01 ,Operando,83.51,2.48,255
2735,Bomba 02  ,parado,73.18,2.4,0
2736,  Motor 03  ,Em operação,72.33,3.1,322
2737, Esteira 02,Manut.,66.03,1.76,2
2738,  Motor 01,OPERANDO,75.05,4.56,375
2739,  Esteira 01,MANUTENÇÃO,70.93,3.98,18
2740, Esteira 01,Em manutenção,64.04,3.68,30
2741, Esteira 02,Manut.,57.83,4.03,18
2742, Motor 03,PARADO,70.52,3.73,0
2743,Bomba 01,Manutenção,71.48,3.68,3
2744,  Robô 02,Ligado,63.85,2.39,211
2745,  Robô 01  ,Fora de operação,64.43,3.21,0
2746,Bomba 01 ,Operando,56.16,4.53,208
2747,  Compressor 01,Fora de operação,72.4,4.47,0
2748,Compressor 01 ,Ligado,64.02,3.04,367
2749,Robô 02  ,Em manutenção,57.82,4.63,21
2750,  Compressor 01  ,parado,58.2,3.77,0
2751,  Esteira 02  ,manutencao,66.14,3.85,16
2752,  Bomba 01,Manutenção,77.32,0.65,2
2753,Motor 01,manutencao,68.8,2.4,15
2754,Esteira 01  ,parado,65.34,2.7,0
2755,Compressor 01  ,Fora de operação,70.55,2.27,0
2756,  Robô 01  ,parado,70.23,3.22,0
2757,Motor 02  ,operando,75.8,4.24,272
2758,  Robô 02  ,manutencao,73.03,2.51,12
2759,Motor 01 ,Manutenção,70.25,1.2,18
2760,Robô 01,parado,70.81,1.8,0
2761,  Bomba 02  ,Manut.,75.94,3.31,0
2762,Bomba 01,Em operação,78.06,2.24,366
2763,Compressor 01 ,Parado,69.68,2.27,0
2764,Esteira 01 ,PARADO,68.3,2.23,0
2765, Esteira 02,Ligado,53.96,2.38,345
2766,  Bomba 01  ,parado,67.25,1.36,0
2767,  Motor 03,Em manutenção,72.53,3.59,17
2768,Esteira 01 ,Em manutenção,61.67,5.18,2
2769,Bomba 02 ,Fora de operação,62.51,3.11,0
2770, Bomba 02,Em operação,71.98,2.19,266
2771,Compressor 01 ,MANUTENÇÃO,69.3,3.61,0
2772, Motor 02,Fora de operação,63.91,4.2,0
2773,Robô 01 ,MANUTENÇÃO,62.93,2.87,19
2774, Motor 02,operando,74.96,3.83,404
2775,Bomba 02 ,OPERANDO,65.16,1.89,281
2776,  Motor 03,operando,73.42,1.75,404
2777,Esteira 02  ,Fora de operação,73.09,2.94,0
2778,  Esteira 01,Em manutenção,75.53,3.42,21
2779,Esteira 02,PARADO,68.72,4.62,0
2780, Esteira 01,Manut.,68.53,4.53,6
2781,Motor 03,Em operação,67.06,3.3,336
2782,  Compressor 01,parado,43.47,1.86,0
2783,  Esteira 01,OPERANDO,72.33,2.02,340
2784,  Robô 02,manutencao,66.1,4.88,11
2785,  Esteira 02,Parado,56.49,4.81,0
2786,Esteira 01 ,Desligado,56.01,5.07,0
2787,Motor 03 ,Em manutenção,72.1,1.72,25
2788,Robô 01  ,OPERANDO,79.84,4.37,309
2789,Compressor 01  ,Parado,77.36,4.24,0
2790,  Esteira 01  ,Parado,64.96,1.69,0
2791, Robô 01,PARADO,65.4,4.99,0
2792,Compressor 01  ,PARADO,59.51,3.12,0
2793,Motor 03,Desligado,57.38,3.56,0
2794,  Bomba 01,Em manutenção,66.31,2.75,11
2795,  Motor 02  ,Em operação,51.62,2.07,366
2796,  Motor 01  ,Fora de operação,56.09,3.19,0
2797,  Motor 03,Ligado,63.83,2.37,358
2798,Esteira 02 ,Ligado,54.05,2.23,284
2799,Motor 03  ,Manutenção,55.08,2.07,19
2800,  Motor 01  ,MANUTENÇÃO,64.78,3.49,2
2801,Robô 02,Desligado,63.44,3.41,0
2802, Esteira 01,Fora de operação,70.14,0.2,0
2803,Motor 03,Manutenção,77.19,2.4,10
2804,Motor 02,parado,51.73,2.01,0
2805,  Bomba 02,parado,65.74,2.58,0
2806, Bomba 01,operando,65.36,3.68,290
2807,  Esteira 02,operando,69.83,4.03,238
2808,  Bomba 01  ,Manutenção,73.69,3.64,3
2809,Robô 01 ,Operando,68.8,2.86,322
2810,  Motor 01  ,Parado,67.34,3.13,0
2811,Robô 01,Operando,64.22,3.86,384
2812,Robô 02  ,Parado,78.09,1.17,0
2813,  Esteira 01  ,Fora de operação,58.34,3.11,0
2814,Bomba 01,Em manutenção,65.35,2.57,11
2815, Robô 02,Manut.,54.39,3.8,24
2816,Motor 03  ,OPERANDO,69.99,2.1,339
2817,Motor 01  ,Manut.,83.06,2.48,25
2818,Esteira 02 ,operando,64.43,3.61,312
2819,Motor 03,PARADO,68.42,3.64,0
2820,Robô 02 ,PARADO,74.95,2.55,0
2821,  Bomba 02,operando,65.74,2.78,243
2822, Bomba 01,Ligado,74.88,2.81,383
2823,Bomba 02,Parado,85.56,4.12,0
2824,  Compressor 01  ,manutencao,67.27,1.76,27
2825,Robô 01,Manutenção,58.31,1.28,18
2826,  Robô 02  ,Desligado,55.34,2.87,0
2827,Esteira 01 ,Parado,74.83,4.38,0
2828,  Esteira 02  ,parado,61.39,3.65,0
2829,Compressor 01,PARADO,74.12,3.88,0
2830,  Robô 02,Em operação,54.7,3.13,253
2831,Motor 01  ,Em manutenção,83.38,3.73,9
2832,  Robô 02  ,Manut.,63.11,2.83,10
2833,Motor 01  ,Operando,72.69,3.35,228
2834,Bomba 01  ,Operando,71.75,1.74,291
2835,Robô 01  ,Em manutenção,69.93,3.97,22
2836, Motor 01,operando,62.67,3.27,236
2837,Bomba 01,manutencao,68.37,3.75,20
2838,Robô 02,Operando,71.2,2.78,356
2839,Motor 02 ,Operando,75.48,2.27,414
2840, Bomba 01,parado,70.12,2.25,0
2841,Bomba 02,OPERANDO,70.31,3.68,351
2842,  Esteira 02,Manutenção,54.37,2.24,20
2843, Esteira 02,Manut.,58.16,1.28,13
2844,  Motor 01,Em manutenção,62.16,3.52,28
2845,  Esteira 01,Em operação,59.06,2.27,281
2846,  Motor 01  ,MANUTENÇÃO,57.2,3.56,7
2847,  Motor 02  ,operando,78.31,4.53,305
2848, Motor 02,Desligado,59.16,5.22,0
2849,  Esteira 02  ,manutencao,73.39,2.67,17
2850,Esteira 02 ,Em manutenção,63.97,2.9,3
2851, Bomba 02,operando,59.26,2.7,212
2852,Robô 01,PARADO,63.63,3.16,0
2853,  Motor 01,OPERANDO,76.32,3.87,197
2854,  Esteira 01,Fora de operação,59.11,4.29,0
2855,Compressor 01  ,MANUTENÇÃO,82.76,3.69,24
2856, Esteira 01,manutencao,63.24,4.28,30
2857,Motor 03 ,Em manutenção,82.04,2.41,11
2858, Compressor 01,Manut.,62.7,2.32,4
2859,Esteira 02  ,operando,68.52,4.49,265
2860,Compressor 01,Em manutenção,54.45,3.8,19
2861,Robô 01 ,Desligado,71.67,4.17,0
2862,Bomba 01,operando,64.13,2.16,316
2863,Motor 01  ,manutencao,74.84,5.14,11
2864, Motor 01,Manut.,71.06,3.54,12
2865,Motor 01  ,Operando,71.67,1.52,210
2866,  Esteira 01  ,Operando,64.47,2.95,346
2867,Compressor 01  ,Manutenção,58.97,4.1,12
2868,  Compressor 01  ,Ligado,63.05,1.84,268
2869,  Compressor 01,Manut.,73.19,2.45,28
2870, Bomba 01,OPERANDO,64.4,4.68,279
2871, Esteira 02,Parado,66.53,2.04,0
2872, Esteira 02,Operando,56.32,3.49,318
2873,  Esteira 01,OPERANDO,70.5,2.31,283
2874,  Bomba 02,PARADO,66.21,2.02,0
2875,  Bomba 02,Parado,61.57,4.36,0
2876,  Motor 03  ,Desligado,68.34,3.77,0
2877,Esteira 01  ,Ligado,77.72,2.58,380
2878,Robô 02 ,Manut.,53.42,3.55,25
2879,Bomba 02 ,Manutenção,64.55,4.04,15
2880,Motor 02  ,Manutenção,52.5,3.74,30
2881,  Robô 02,Operando,68.99,3.96,407
2882,  Motor 03  ,parado,73.87,2.69,0
2883,Compressor 01,manutencao,69.45,4.35,5
2884,  Esteira 02  ,Manutenção,63.24,2.87,12
2885, Robô 02,OPERANDO,60.32,3.69,402
2886,  Motor 03,Parado,57.86,2.01,0
2887,  Robô 01  ,Manutenção,74.48,2.04,25
2888,Motor 02,Operando,80.92,3.21,193
2889,Bomba 01,Parado,72.98,2.71,0
2890, Motor 03,Em operação,70.59,2.3,412
2891,Bomba 01  ,Manut.,70.75,2.1,22
2892,Motor 03 ,Em operação,74.23,3.86,410
2893, Motor 03,parado,78.31,4.59,0
2894, Bomba 02,Desligado,59.54,2.74,0
2895,  Esteira 02  ,Em manutenção,82.73,1.54,21
2896,  Motor 03,operando,67.13,2.56,277
2897,  Compressor 01,PARADO,67.67,3.28,0
2898,  Bomba 01,Fora de operação,60.14,2.62,0
2899,  Motor 01,Manutenção,53.69,2.25,2
2900,Bomba 01,OPERANDO,70.91,3.73,280
2901,Motor 03,Manut.,69.65,1.66,30
2902,Bomba 01 ,manutencao,70.27,1.41,11
2903,  Robô 02,Operando,60.26,2.17,223
2904,Bomba 01 ,Ligado,47.22,2.86,411
2905,  Motor 01,Parado,68.9,2.92,0
2906,  Esteira 01  ,Em operação,65.08,6.42,266
2907,Motor 01 ,manutencao,77.23,3.05,21
2908,Motor 02 ,Desligado,80.92,3.5,0
2909,Robô 02,manutencao,61.68,2.72,6
2910,  Compressor 01,parado,77.18,3.43,0
2911,Bomba 02 ,Parado,71.5,1.25,0
2912,  Bomba 02,manutencao,57.84,5.1,23
2913,Esteira 02  ,Ligado,61.5,3.16,413
2914,  Compressor 01  ,operando,72.29,1.02,400
2915,Robô 01,Operando,71.72,1.42,207
2916,Esteira 01,OPERANDO,64.17,3.51,385
2917,Esteira 01,Em manutenção,76.98,3.83,23
2918,Bomba 01  ,operando,72.46,4.27,403
2919,  Compressor 01  ,Em manutenção,61.96,4.39,19
2920,Motor 02,manutencao,77.08,4.81,29
2921, Motor 02,operando,66.39,2.67,290
2922, Esteira 01,Operando,65.57,2.13,340
2923, Robô 01,PARADO,71.52,1.67,0
2924,Compressor 01  ,manutencao,69.26,3.86,21
2925,Robô 02,PARADO,67.31,3.2,0
2926, Motor 03,Em operação,72.41,4.08,228
2927,  Motor 02  ,MANUTENÇÃO,71.0,3.39,10
2928, Esteira 01,parado,60.81,2.09,0
2929,  Robô 02,Desligado,63.88,2.56,0
2930,Esteira 02 ,manutencao,67.05,3.22,28
2931,Esteira 02 ,MANUTENÇÃO,68.32,3.4,15
2932,  Bomba 01  ,Operando,57.58,1.84,200
2933,Compressor 01,manutencao,64.2,2.32,24
2934,  Bomba 01  ,Manutenção,53.04,1.54,18
2935,  Esteira 02  ,Em manutenção,64.23,3.95,25
2936,Compressor 01 ,PARADO,64.48,4.2,0
2937,  Robô 01  ,Ligado,67.59,3.71,356
2938,  Bomba 01,PARADO,71.52,2.49,0
2939,  Bomba 02,Em manutenção,73.19,2.45,4
2940,  Bomba 02,Operando,75.63,1.84,277
2941,  Motor 03,Parado,79.35,3.25,0
2942, Motor 03,Fora de operação,71.62,2.87,0
2943,  Motor 01,PARADO,70.74,3.83,0
2944,  Motor 01,parado,74.18,4.68,0
2945,Robô 01 ,Ligado,70.52,4.37,307
2946,  Bomba 02,Em manutenção,76.91,5.32,1
2947,Bomba 01,operando,77.48,2.64,335
2948, Esteira 02,Ligado,58.88,2.96,235
2949,  Bomba 02,Operando,76.53,2.72,266
2950,  Esteira 02  ,Fora de operação,63.78,3.32,0
2951,Motor 03  ,Em operação,63.33,3.91,356
2952,Motor 03 ,Fora de operação,69.48,3.03,0
2953,Compressor 01 ,parado,67.41,5.5,0
2954,Esteira 01 ,Manutenção,83.2,1.75,25
2955,Esteira 02  ,Parado,61.45,2.68,0
2956, Esteira 01,Parado,68.8,1.82,0
2957,  Esteira 01  ,Fora de operação,57.09,1.94,0
2958,  Esteira 01,Fora de operação,65.64,3.14,0
2959,Robô 01,parado,67.01,1.7,0
2960,Motor 02  ,PARADO,52.38,3.6,0
2961,Esteira 02,PARADO,63.47,3.52,0
2962,  Esteira 02  ,OPERANDO,59.04,4.41,301
2963, Esteira 01,Manutenção,73.57,3.12,19
2964,Compressor 01  ,OPERANDO,70.68,0.65,304
2965,Bomba 01  ,Manut.,54.29,2.68,20
2966,Esteira 01  ,Fora de operação,75.28,4.22,0
2967,Esteira 01  ,MANUTENÇÃO,61.71,3.08,12
2968,  Bomba 02  ,Em manutenção,70.54,2.43,6
2969,Motor 03 ,Operando,76.9,3.36,287
2970,Motor 02 ,PARADO,70.56,0.2,0
2971,  Compressor 01  ,parado,58.16,2.64,0
2972,Bomba 01,Manut.,66.17,3.89,22
2973,  Robô 02,Em operação,68.91,3.55,184
2974,Motor 02,Em manutenção,63.31,4.11,4
2975,  Bomba 01  ,parado,57.63,2.66,0
2976,  Bomba 01,OPERANDO,60.84,4.79,188
2977,Esteira 02 ,Fora de operação,67.08,2.82,0
2978,Robô 01,manutencao,66.24,2.58,2
2979, Motor 02,OPERANDO,70.35,3.46,362
2980,Esteira 01,MANUTENÇÃO,62.8,3.82,2
2981,Bomba 02 ,MANUTENÇÃO,73.42,3.53,1
2982,  Robô 01,Manutenção,69.66,1.61,17
2983, Motor 02,PARADO,73.42,4.53,0
2984, Esteira 02,Ligado,76.96,3.63,186
2985,  Motor 01  ,Em manutenção,64.4,2.02,1
2986, Esteira 01,OPERANDO,70.65,2.95,261
2987,  Bomba 01,MANUTENÇÃO,62.33,2.35,16
2988,  Esteira 02,Operando,61.77,1.75,320
2989,Motor 02,Ligado,62.95,2.73,329
2990,Compressor 01,Parado,64.25,1.84,0
2991,Bomba 01  ,Manut.,70.36,2.22,4
2992,Robô 01,Manut.,60.21,2.1,8
2993,Robô 01 ,Desligado,56.85,4.32,0
2994,Robô 02 ,Parado,72.0,5.11,0
2995,Bomba 02,Manutenção,66.63,3.34,19
2996,  Robô 01,Ligado,67.81,3.37,385
2997,  Motor 02  ,Manut.,70.29,2.63,18
2998,  Esteira 02  ,Manutenção,69.09,4.41,9
2999,  Bomba 01,Operando,63.97,2.52,407
3000, Esteira 02,Desligado,68.09,3.12,0
3001,Motor 03 ,Ligado,55.83,3.1,364
3002,  Bomba 01,parado,63.62,2.74,0
3003,  Compressor 01,Desligado,56.77,2.08,0
3004,Esteira 01,Fora de operação,67.13,3.11,0
3005,Motor 01  ,Operando,77.57,1.21,418
3006,Motor 01 ,PARADO,60.33,3.98,0
3007,Motor 03,Operando,60.19,4.16,288
3008,Bomba 01,Em operação,65.71,3.21,377
3009,Motor 01,Em operação,71.86,3.96,418
3010,Esteira 01,Manut.,55.72,1.23,25
3011,  Motor 01,OPERANDO,69.96,3.14,240
3012,Compressor 01  ,manutencao,61.8,2.82,22
3013,  Robô 02,operando,66.53,2.53,196
3014,  Bomba 02  ,parado,75.07,3.32,0
3015,  Compressor 01,OPERANDO,76.05,2.88,191
3016,Motor 02 ,manutencao,65.42,4.22,25
3017,Esteira 02,Manutenção,65.05,5.11,7
3018,Compressor 01,Manutenção,75.67,3.45,27
3019,Bomba 02  ,manutencao,61.93,3.15,27
3020,Motor 01 ,Parado,72.69,3.6,0
3021,Compressor 01  ,OPERANDO,56.45,4.64,365
3022,Robô 01  ,OPERANDO,62.7,4.39,284
3023,Motor 03  ,parado,53.08,5.16,0
3024, Esteira 02,Em manutenção,60.14,1.24,21
3025,  Robô 01,Parado,69.89,3.0,0
3026, Esteira 02,Parado,75.97,2.44,0
3027,Compressor 01  ,Em manutenção,60.77,1.2,10
3028,  Robô 01  ,OPERANDO,59.9,2.37,392
3029,Motor 03  ,OPERANDO,79.28,2.85,391
3030,Bomba 02,Em manutenção,64.02,3.34,16
3031,Robô 01,Desligado,67.5,3.15,0
3032,  Robô 01  ,OPERANDO,66.31,1.59,381
3033,  Bomba 01,operando,60.92,4.79,275
3034,  Robô 01,Desligado,63.14,2.27,0
3035,Robô 02 ,manutencao,57.22,4.01,3
3036,  Esteira 01  ,Manutenção,54.29,3.64,28
3037,  Esteira 01  ,Operando,81.47,1.46,384
3038,  Motor 02,OPERANDO,76.31,2.32,258
3039,  Esteira 01,Em operação,70.98,1.99,204
3040,Esteira 01,Operando,70.49,3.2,227
3041,Motor 02,Em operação,63.63,3.25,271
3042,Bomba 02,manutencao,61.75,2.57,11
3043,Esteira 01 ,parado,55.49,1.57,0
3044,Robô 02  ,Operando,58.72,0.62,307
3045,Bomba 01 ,Operando,66.71,4.23,384
3046,Bomba 02  ,MANUTENÇÃO,75.73,3.98,19
3047,  Bomba 01  ,PARADO,73.84,3.07,0
3048,Compressor 01,PARADO,66.96,3.54,0
3049,  Esteira 01  ,Em manutenção,63.61,0.89,14
3050,  Bomba 02  ,Parado,68.09,5.97,0
3051,Motor 01 ,Em operação,56.67,2.59,295
3052,Esteira 01  ,parado,75.79,3.95,0
3053,  Robô 02  ,MANUTENÇÃO,75.19,3.31,2
3054, Robô 01,PARADO,65.6,4.37,0
3055,  Robô 01  ,manutencao,75.86,3.5,22
3056,  Robô 01,OPERANDO,71.77,2.62,221
3057,Motor 01 ,Fora de operação,65.35,3.52,0
3058,Motor 03,Ligado,61.74,3.18,279
3059,  Motor 03,Operando,65.39,3.77,401
3060,  Robô 02,Ligado,64.13,1.33,413
3061,Motor 02,OPERANDO,74.37,4.36,334
3062,Robô 02,PARADO,54.55,3.14,0
3063,Bomba 02,manutencao,56.36,2.86,20
3064,Robô 01,parado,61.42,3.23,0
3065,  Robô 01  ,parado,69.73,3.27,0
3066,  Bomba 01,parado,61.78,3.07,0
3067,Motor 03,Operando,71.78,4.21,350
3068,  Esteira 01,Manutenção,73.77,3.08,8
3069,Compressor 01,MANUTENÇÃO,61.86,2.0,3
3070,Robô 01,Ligado,68.74,3.91,371
3071,Bomba 02,Parado,78.47,3.75,0
3072,Motor 02  ,Manutenção,66.14,4.32,9
3073,Motor 03 ,Manut.,67.32,4.24,6
3074,  Esteira 01  ,PARADO,62.19,3.19,0
3075,  Motor 03,Desligado,61.15,2.17,0
3076, Motor 02,Manutenção,72.84,3.95,27
3077,  Motor 02,Desligado,69.71,3.08,0
3078, Motor 03,Manutenção,67.29,1.19,11
3079,Esteira 01 ,parado,73.93,3.49,0
3080,  Bomba 01,Operando,70.98,4.61,275
3081,  Bomba 02,Fora de operação,69.58,2.49,0
3082,  Motor 03,Fora de operação,74.94,2.73,0
3083,  Bomba 02  ,Em manutenção,67.14,2.52,19
3084,Robô 01 ,PARADO,68.08,2.05,0
3085,  Motor 01,operando,56.88,2.51,378
3086,  Motor 03  ,Operando,62.23,3.83,298
3087,Bomba 01 ,Em manutenção,60.92,2.9,9
3088,Compressor 01  ,PARADO,56.31,4.43,0
3089,  Robô 02  ,Desligado,75.46,2.47,0
3090, Robô 02,PARADO,61.42,4.41,0
3091,Bomba 01  ,Desligado,65.12,2.86,0
3092,Esteira 02 ,Em manutenção,64.96,4.26,10
3093, Bomba 01,Fora de operação,73.76,5.6,0
3094,Esteira 01 ,Desligado,64.47,2.38,0
3095,  Robô 02,Manutenção,60.53,1.66,28
3096,  Motor 03  ,Em operação,70.92,4.52,362
3097,Robô 01  ,Parado,69.2,4.17,0
3098, Robô 01,operando,64.73,1.08,343
3099, Esteira 01,Fora de operação,70.27,1.28,0
3100,  Motor 03  ,MANUTENÇÃO,61.75,3.11,15
3101,Esteira 02  ,PARADO,63.17,2.97,0
3102,Robô 02,Em operação,71.83,3.78,320
3103,Bomba 02,operando,73.11,5.26,417
3104,  Compressor 01,Manut.,76.25,3.02,8
3105,Robô 01  ,parado,67.71,3.41,0
3106,  Bomba 02  ,PARADO,60.42,2.46,0
3107,Bomba 02 ,operando,69.29,3.49,374
3108,Motor 01,Em manutenção,70.02,3.3,17
3109, Esteira 02,MANUTENÇÃO,76.51,4.03,13
3110,Esteira 01,Manut.,65.69,2.8,3
3111,Bomba 01  ,manutencao,65.74,4.14,7
3112,Esteira 01  ,Fora de operação,62.02,2.76,0
3113,Robô 01 ,Em manutenção,67.13,3.31,18
3114, Bomba 01,OPERANDO,71.48,1.35,232
3115,Robô 01  ,Operando,69.94,2.98,369
3116,Robô 02 ,MANUTENÇÃO,63.87,3.14,27
3117, Bomba 02,Ligado,62.92,3.25,224
3118,Esteira 01 ,operando,77.44,3.13,291
3119,Robô 02  ,Em manutenção,63.33,3.55,3
3120,  Motor 02,manutencao,63.25,3.3,28
3121,Bomba 02  ,MANUTENÇÃO,60.62,3.95,8
3122,  Esteira 01  ,PARADO,53.84,3.89,0
3123,Bomba 01 ,Operando,57.32,3.11,394
3124,Compressor 01  ,Ligado,59.38,4.22,333
3125, Bomba 02,MANUTENÇÃO,62.96,3.5,11
3126,Bomba 02 ,Ligado,63.73,1.01,277
3127,  Robô 02,Operando,63.5,1.91,345
3128,  Motor 02,manutencao,69.15,2.16,11
3129,  Bomba 01,Operando,55.78,3.19,412
3130,Bomba 02,parado,66.84,3.82,0
3131,Bomba 01 ,PARADO,69.69,3.69,0
3132,  Robô 02  ,Desligado,56.63,2.04,0
3133,  Motor 01,Parado,71.82,3.31,0
3134,Motor 03,Fora de operação,66.24,2.8,0
3135,Motor 02  ,Manut.,66.87,3.67,4
3136,Bomba 02 ,Em manutenção,71.36,2.74,9
3137,Motor 03  ,operando,67.35,3.54,193
3138,  Robô 02  ,MANUTENÇÃO,70.71,0.68,30
3139,Motor 03 ,Desligado,59.78,3.29,0
3140, Motor 03,Operando,68.64,2.48,362
3141,Motor 02,MANUTENÇÃO,77.37,4.2,5
3142,Robô 01,MANUTENÇÃO,55.49,3.49,23
3143, Motor 03,Desligado,71.79,2.79,0
3144,Motor 01 ,Em manutenção,69.63,3.8,26
3145,Motor 01  ,Desligado,72.53,2.49,0
3146,Motor 03,PARADO,69.08,3.54,0
3147,Robô 02 ,Fora de operação,68.61,2.01,0
3148, Compressor 01,manutencao,71.08,3.58,20
3149,Robô 02,operando,70.76,3.04,253
3150,Compressor 01  ,MANUTENÇÃO,55.3,3.21,17
3151,  Robô 01  ,parado,73.01,2.38,0
3152,Robô 01 ,MANUTENÇÃO,58.22,2.12,23
3153,Bomba 02 ,Desligado,70.9,2.87,0
3154, Compressor 01,MANUTENÇÃO,69.66,3.19,11
3155,Esteira 02,Fora de operação,72.67,2.54,0
3156,Esteira 02 ,Operando,65.16,3.71,184
3157,  Esteira 01,MANUTENÇÃO,64.45,2.67,27
3158,  Robô 02  ,OPERANDO,63.48,2.42,242
3159,Motor 03,Manut.,68.08,4.16,15
3160,  Bomba 02,manutencao,52.86,3.55,14
3161,  Motor 03,Operando,67.11,3.66,343
3162,Motor 02 ,Parado,74.4,3.47,0
3163,  Bomba 02  ,Em manutenção,58.36,3.65,11
3164,Robô 01  ,PARADO,86.12,3.81,0
3165,Compressor 01,Parado,64.04,3.85,0
3166, Robô 01,Operando,70.93,3.07,362
3167,Robô 01 ,Operando,71.86,3.21,313
3168,Bomba 01,PARADO,56.71,4.12,0
3169,Compressor 01 ,Fora de operação,63.9,3.95,0
3170,Robô 01  ,operando,75.78,1.97,290
3171,Robô 01,Manutenção,69.07,1.51,18
3172,Robô 01,OPERANDO,73.22,2.7,349
3173,  Compressor 01  ,manutencao,64.42,2.68,24
3174,Esteira 01,Fora de operação,61.77,3.77,0
3175,Motor 01,Em operação,70.73,3.14,287
3176, Robô 02,parado,71.44,1.13,0
3177,Bomba 02  ,Fora de operação,66.5,5.32,0
3178,Motor 01,OPERANDO,70.47,2.49,303
3179, Motor 02,PARADO,70.63,2.79,0
3180,Compressor 01,operando,60.8,1.5,267
3181,  Robô 02  ,Parado,77.32,1.09,0
3182,Esteira 02  ,Desligado,52.61,2.46,0
3183,  Bomba 01  ,Manutenção,65.12,3.62,21
3184,Robô 02  ,Manutenção,65.3,4.42,28
3185, Esteira 01,Em manutenção,74.97,3.26,10
3186,Robô 01 ,PARADO,88.25,2.58,0
3187,Motor 01  ,Em operação,68.72,2.37,390
3188,Motor 03  ,Ligado,69.75,2.52,243
3189, Compressor 01,Manut.,74.12,3.83,11
3190,  Bomba 02  ,parado,61.51,3.54,0
3191, Motor 02,OPERANDO,54.8,1.4,349
3192,Motor 02 ,Manut.,72.75,2.41,26
3193, Bomba 02,parado,65.28,3.14,0
3194,Bomba 01,Em operação,68.29,5.15,305
3195,Bomba 02  ,Ligado,55.72,4.19,253
3196,Esteira 01  ,MANUTENÇÃO,69.1,3.61,10
3197,  Robô 02,Em manutenção,69.51,3.31,25
3198, Motor 01,Desligado,53.57,4.02,0
3199,Motor 03,Operando,65.22,3.15,254
3200,  Bomba 01  ,Manutenção,76.45,2.34,21
3201,Robô 02,Operando,70.06,3.84,205
3202,Motor 01  ,operando,76.64,3.0,390
3203, Esteira 01,Manut.,49.81,5.11,3
3204,Esteira 02  ,Em operação,60.6,2.29,392
3205,Robô 02 ,OPERANDO,75.77,3.64,246
3206,  Motor 03  ,MANUTENÇÃO,66.03,2.67,19
3207,  Esteira 01  ,Em operação,80.41,3.49,350
3208,  Motor 03  ,PARADO,69.44,2.22,0
3209,Robô 01 ,Em operação,59.68,1.59,287
3210,Esteira 01 ,Manutenção,64.6,3.76,4
3211,Motor 03,operando,80.32,3.84,217
3212,  Motor 02,OPERANDO,68.62,3.42,377
3213,  Bomba 01  ,Parado,57.21,2.34,0
3214,  Bomba 02,operando,76.41,2.47,351
3215,  Robô 01  ,Fora de operação,63.43,4.59,0
3216,  Compressor 01  ,Operando,62.42,3.85,268
3217,Motor 02,Operando,73.84,1.58,279
3218,  Motor 03,PARADO,63.16,2.26,0
3219,  Bomba 01,OPERANDO,71.65,1.59,361
3220,  Bomba 02  ,Parado,78.28,2.67,0
3221,Motor 03,Em manutenção,70.6,0.67,13
3222,  Motor 02,Manut.,70.95,3.06,28
3223, Motor 03,Desligado,53.05,1.58,0
3224,  Esteira 01  ,OPERANDO,56.55,3.95,341
3225,  Bomba 01  ,Parado,69.1,2.18,0
3226,Motor 01,PARADO,69.5,0.49,0
3227, Esteira 01,OPERANDO,61.91,4.37,368
3228,Robô 01 ,Desligado,60.36,3.88,0
3229,Robô 02  ,Manut.,61.3,2.41,30
3230,  Motor 01,manutencao,62.13,2.65,24
3231,Compressor 01,Em operação,63.45,3.99,340
3232,  Motor 02,Em manutenção,78.62,1.51,29
3233,Robô 02  ,Ligado,78.76,2.22,237
3234,Compressor 01 ,Em operação,77.63,1.87,389
3235,  Esteira 01  ,Manut.,60.84,2.62,0
3236, Robô 01,Operando,69.29,4.93,241
3237,Bomba 02,parado,69.66,3.22,0
3238,Esteira 02  ,Em manutenção,80.4,1.7,0
3239,  Robô 01  ,MANUTENÇÃO,68.3,1.35,24
3240,  Robô 02  ,Operando,57.78,3.13,316
3241,Robô 01 ,MANUTENÇÃO,70.82,3.59,12
3242,  Robô 01  ,Parado,71.51,4.41,0
3243,  Motor 01  ,parado,75.86,3.79,0
3244,Compressor 01,operando,74.98,4.31,246
3245,  Motor 03  ,Em operação,63.58,2.19,411
3246, Bomba 02,manutencao,68.63,3.49,29
3247,Esteira 02 ,Desligado,63.41,1.77,0
3248, Motor 02,Em manutenção,78.9,4.73,30
3249,Esteira 01,MANUTENÇÃO,68.5,1.43,8
3250,Motor 03,MANUTENÇÃO,63.6,3.25,24
3251,  Robô 01,Desligado,74.48,4.13,0
3252,Esteira 02,Parado,68.59,2.19,0
3253, Bomba 02,Desligado,77.59,2.55,0
3254,Robô 02,operando,70.35,3.88,313
3255, Robô 01,PARADO,78.76,3.01,0
3256,Bomba 01,Parado,74.52,1.69,0
3257,Bomba 02,MANUTENÇÃO,54.24,2.96,6
3258, Motor 03,Fora de operação,59.17,1.79,0
3259,  Motor 02  ,Ligado,75.26,1.09,379
3260,Compressor 01  ,MANUTENÇÃO,61.04,3.33,11
3261,Esteira 01,Operando,66.42,3.13,270
3262,  Motor 01  ,Manut.,62.57,3.75,23
3263,Motor 01 ,Em manutenção,63.34,3.22,3
3264,Robô 02  ,Desligado,67.95,1.77,0
3265,  Compressor 01,Desligado,78.26,3.06,0
3266,Bomba 01,Fora de operação,71.59,1.47,0
3267, Bomba 01,Em operação,59.83,2.86,189
3268,Motor 02,Em operação,54.19,0.2,358
3269,  Esteira 02,OPERANDO,64.39,5.01,199
3270,Robô 01 ,operando,55.53,3.12,284
3271,Motor 01,Em operação,61.82,4.49,402
3272,Motor 03  ,Fora de operação,64.39,2.83,0
3273,Motor 02,Em operação,67.69,2.23,211
3274,Motor 03  ,Ligado,64.53,2.9,192
3275,Esteira 02 ,Em manutenção,67.78,1.43,29
3276,  Motor 02  ,Desligado,79.99,2.3,0
3277,Robô 01 ,Manut.,61.43,2.83,28
3278,Bomba 02,Em operação,73.38,2.59,348
3279,Bomba 01 ,manutencao,69.5,3.22,30
3280,Robô 02,operando,68.6,2.91,387
3281,  Bomba 01,Desligado,70.22,3.47,0
3282, Robô 01,operando,64.74,3.65,415
3283,  Robô 02  ,Em manutenção,77.17,4.21,15
3284,  Esteira 01  ,manutencao,75.01,4.27,26
3285, Robô 01,parado,75.51,3.14,0
3286,Esteira 02  ,MANUTENÇÃO,65.3,1.19,15
3287, Robô 01,Operando,58.28,3.69,279
3288,Esteira 01  ,Em operação,63.02,3.94,331
3289,Bomba 02  ,Em operação,65.82,4.47,407
3290,  Motor 02  ,parado,66.7,4.46,0
3291,Motor 01,parado,57.23,2.21,0
3292,Motor 03  ,OPERANDO,70.63,1.89,351
3293, Esteira 01,manutencao,91.04,3.99,23
3294,  Motor 01  ,operando,65.49,2.61,235
3295,Esteira 02,Fora de operação,71.81,3.11,0
3296,  Motor 02  ,Operando,61.53,3.57,294
3297, Motor 03,manutencao,64.85,2.69,11
3298,  Bomba 01,parado,61.31,1.83,0
3299,  Compressor 01  ,Ligado,69.46,2.66,279
3300, Bomba 01,Em manutenção,58.45,1.01,7
3301,  Compressor 01,Em operação,62.07,3.39,290
3302, Compressor 01,Operando,69.6,1.24,371
3303,Compressor 01  ,Em operação,67.97,3.56,253
3304,Motor 03 ,Em operação,72.3,4.64,301
3305,Robô 01,Fora de operação,61.29,3.34,0
3306,  Esteira 01,Ligado,64.88,2.36,302
3307,Bomba 02 ,OPERANDO,59.54,3.23,214
3308, Motor 01,Manutenção,62.1,3.16,30
3309,Robô 01  ,Manutenção,70.09,2.91,23
3310,Bomba 01  ,Em operação,64.94,2.36,348
3311,Robô 01 ,manutencao,64.92,3.31,30
3312, Motor 02,Manut.,64.39,4.88,24
3313,Robô 01  ,Fora de operação,69.61,1.93,0
3314,  Motor 03  ,PARADO,67.57,3.09,0
3315,Motor 01 ,MANUTENÇÃO,63.71,1.92,18
3316,Bomba 01,PARADO,68.17,3.55,0
3317,  Esteira 02  ,MANUTENÇÃO,57.38,3.8,8
3318, Robô 02,Manutenção,56.03,4.21,19
3319,Robô 02  ,Parado,73.51,3.74,0
3320, Esteira 01,Parado,73.08,3.36,0
3321, Compressor 01,Desligado,64.48,3.72,0
3322,Robô 01,manutencao,75.02,3.7,4
3323,  Esteira 01,Em manutenção,74.56,3.41,17
3324,Motor 02,Manutenção,75.81,3.02,22
3325, Motor 03,manutencao,68.49,4.04,1
3326,Esteira 02,Manut.,63.98,2.84,8
3327,  Robô 02,Manut.,68.62,3.98,7
3328,Robô 02,operando,71.23,1.44,317
3329,Esteira 01,PARADO,63.73,1.94,0
3330,  Motor 01,Em manutenção,79.46,3.01,28
3331,Bomba 01,operando,61.95,3.08,327
3332,Esteira 02,parado,61.59,0.9,0
3333,Compressor 01  ,manutencao,72.88,4.51,20
3334,Robô 02,Manutenção,66.32,3.71,5
3335,  Esteira 01  ,Operando,66.49,2.44,233
3336, Esteira 01,Em operação,57.0,3.46,237
3337, Robô 02,Operando,78.4,4.59,232
3338,  Bomba 01  ,MANUTENÇÃO,71.31,2.52,21
3339, Bomba 02,manutencao,80.89,3.93,15
3340,Bomba 02,OPERANDO,60.91,3.98,355
3341,Bomba 02,operando,67.44,2.41,219
3342,Bomba 02,parado,68.66,4.91,0
3343,  Esteira 02  ,Desligado,63.72,1.08,0
3344,Robô 01  ,Manut.,76.03,2.79,10
3345, Compressor 01,Em manutenção,75.64,3.08,18
3346,  Esteira 01,parado,73.26,4.78,0
3347,Compressor 01 ,Parado,66.69,3.79,0
3348, Motor 01,parado,63.6,4.75,0
3349,Compressor 01,Em manutenção,56.11,2.23,4
3350, Motor 01,manutencao,61.74,0.77,3
3351,  Robô 01,parado,74.77,2.39,0
3352,Motor 03,Desligado,73.1,4.95,0
3353, Motor 03,Manut.,80.14,3.72,17
3354, Motor 02,Desligado,60.97,2.81,0
3355,Robô 01,Em operação,66.38,4.36,391
3356,Motor 03,parado,53.67,3.21,0
3357, Motor 03,manutencao,61.46,2.19,19
3358,Compressor 01,parado,65.4,1.86,0
3359,  Bomba 01,OPERANDO,57.81,0.25,266
3360,Motor 01,MANUTENÇÃO,68.64,3.12,21
3361,  Motor 01  ,Operando,70.64,3.4,370
3362,Robô 02,operando,63.95,2.04,386
3363,  Motor 02,MANUTENÇÃO,74.96,2.21,1
3364,Robô 02,manutencao,70.85,3.85,12
3365,Motor 02  ,Manutenção,65.56,3.91,5
3366,Motor 02  ,Em manutenção,73.22,4.29,17
3367,Compressor 01 ,PARADO,55.15,2.86,0
3368, Motor 03,Em manutenção,67.69,1.92,25
3369,Motor 01 ,parado,58.83,3.33,0
3370,Compressor 01,Operando,66.57,3.06,246
3371,  Esteira 01,Parado,65.03,2.77,0
3372,Robô 01 ,Desligado,71.01,3.89,0
3373, Motor 02,parado,70.28,3.74,0
3374,Esteira 01 ,Parado,63.46,2.29,0
3375,Motor 03  ,parado,65.87,1.84,0
3376,  Motor 01  ,PARADO,71.52,3.32,0
3377,Bomba 02  ,Em manutenção,61.15,2.37,11
3378,Motor 01  ,MANUTENÇÃO,56.16,1.32,29
3379, Robô 01,OPERANDO,72.08,3.41,192
3380,  Motor 02,Em operação,68.83,2.66,322
3381,  Robô 01  ,Operando,66.17,4.72,399
3382,Motor 03  ,PARADO,50.82,3.12,0
3383, Robô 01,parado,66.1,2.47,0
3384,  Motor 02,Em operação,67.51,4.59,216
3385,Bomba 02  ,Manutenção,65.8,3.69,18
3386,  Esteira 02,Em operação,69.84,3.73,287
3387,Motor 03 ,manutencao,65.67,1.89,6
3388,Motor 02 ,MANUTENÇÃO,66.91,4.21,1
3389,Bomba 02 ,Manutenção,61.95,3.7,24
3390,Bomba 01 ,Em manutenção,70.15,2.64,25
3391,  Esteira 01  ,Manutenção,61.04,4.02,5
3392, Esteira 02,Em manutenção,68.29,2.99,2
3393,  Compressor 01,Em operação,62.19,3.53,254
3394,Robô 01  ,Em manutenção,51.69,2.68,0
3395,  Esteira 01  ,operando,60.96,4.04,308
3396, Robô 01,Em manutenção,73.24,3.0,4
3397,Compressor 01  ,Em manutenção,63.59,1.69,10
3398,Motor 01 ,Manutenção,52.82,0.68,9
3399, Esteira 01,Manut.,70.91,5.69,26
3400, Bomba 01,Em manutenção,57.82,2.88,28
3401,  Motor 02,manutencao,67.68,3.64,3
3402,Motor 02,manutencao,60.07,2.38,23
3403,Motor 02  ,Operando,63.35,2.69,331
3404,  Motor 02  ,Manutenção,68.57,3.76,12
3405, Bomba 01,Operando,77.16,1.78,365
3406,Motor 02,Manut.,67.0,1.41,15
3407,  Bomba 01,operando,58.99,3.38,284
3408,  Robô 01  ,Em manutenção,66.1,3.08,29
3409, Motor 03,Em manutenção,79.59,3.4,18
3410,Motor 02 ,MANUTENÇÃO,59.39,3.74,26
3411,Robô 02  ,Manut.,77.65,3.23,10
3412,  Compressor 01  ,manutencao,55.69,3.13,26
3413,Robô 02,manutencao,80.07,1.88,28
3414,  Robô 02  ,Ligado,59.53,3.96,268
3415,Motor 03,operando,65.99,3.46,211
3416,  Robô 01  ,MANUTENÇÃO,64.01,2.88,9
3417, Esteira 01,parado,60.7,2.93,0
3418,Motor 01  ,OPERANDO,67.29,2.08,223
3419, Motor 03,Fora de operação,63.83,2.76,0
3420,  Esteira 01,Em operação,63.28,4.0,203
3421,Esteira 02,manutencao,66.72,1.48,4
3422,Robô 01  ,parado,68.93,2.99,0
3423,  Bomba 01  ,Operando,68.11,2.21,306
3424,  Bomba 02,parado,78.29,2.75,0
3425,  Robô 01  ,operando,69.73,3.45,379
3426,Motor 01,Ligado,68.67,2.86,406
3427,Esteira 01 ,parado,59.33,3.92,0
3428,  Motor 01,OPERANDO,65.92,2.74,420
3429,Esteira 01,OPERANDO,67.59,2.34,267
3430,Bomba 01,Em manutenção,59.0,3.64,13
3431,Robô 02,PARADO,61.35,2.28,0
3432,  Robô 01  ,Manut.,70.01,3.64,16
3433,Esteira 02 ,manutencao,70.38,2.99,9
3434,Robô 01,MANUTENÇÃO,59.49,2.91,6
3435,Bomba 01 ,Ligado,56.73,3.31,320
3436, Robô 01,parado,71.9,3.31,0
3437,Bomba 01  ,manutencao,69.31,3.43,11
3438,  Compressor 01  ,manutencao,79.93,3.31,16
3439,Bomba 01  ,Fora de operação,63.67,1.36,0
3440,Esteira 02  ,OPERANDO,77.17,2.47,295
3441,Esteira 02  ,MANUTENÇÃO,72.95,4.55,22
3442,Robô 02  ,Manutenção,58.39,3.77,25
3443,  Bomba 02  ,Em operação,71.85,1.85,374
3444,  Robô 02  ,manutencao,61.68,1.59,27
3445,Compressor 01,Manut.,63.12,3.02,25
3446,Bomba 01  ,parado,61.07,2.12,0
3447,Motor 03 ,Fora de operação,68.16,3.22,0
3448,Robô 01 ,Fora de operação,53.05,1.26,0
3449, Esteira 01,Manut.,68.64,3.7,24
3450,Esteira 01 ,MANUTENÇÃO,78.65,5.15,12
3451,Robô 02  ,Operando,57.91,3.95,322
3452, Compressor 01,parado,62.08,2.25,0
3453,Bomba 02,Manutenção,56.12,3.69,9
3454,  Robô 01  ,Ligado,62.1,3.01,351
3455,Robô 02 ,Manutenção,67.65,5.55,4
3456,Robô 01,Em manutenção,69.4,2.36,0
3457,  Bomba 01,Manut.,56.78,0.68,28
3458,Robô 02  ,parado,62.2,4.16,0
3459,  Motor 03,Fora de operação,67.72,1.85,0
3460,  Motor 03,Manutenção,65.77,4.84,12
3461,  Robô 02,Parado,64.73,3.31,0
3462,Esteira 01,Desligado,59.67,3.22,0
3463, Motor 03,MANUTENÇÃO,58.03,2.87,29
3464,Motor 02 ,Em manutenção,68.97,3.84,17
3465, Motor 03,Fora de operação,68.73,2.27,0
3466,Robô 01 ,Manutenção,78.07,1.94,26
3467,  Motor 03,MANUTENÇÃO,67.13,3.21,27
3468,  Robô 01,Fora de operação,55.74,4.42,0
3469,Motor 02,operando,72.97,1.63,308
3470,Esteira 01,operando,60.69,1.5,265
3471,Motor 01,operando,65.32,3.34,345
3472,Esteira 02,Em operação,65.13,2.82,368
3473,Bomba 01,PARADO,63.34,3.44,0
3474, Robô 01,Em manutenção,60.42,2.56,13
3475,Motor 03,manutencao,60.25,4.15,8
3476,  Motor 01,PARADO,61.67,3.39,0
3477,Motor 03,manutencao,80.64,2.37,23
3478,  Bomba 02,Manutenção,69.6,3.5,0
3479,Robô 01,manutencao,74.82,1.95,26
3480,  Compressor 01,Manut.,70.96,3.27,22
3481,Robô 02,MANUTENÇÃO,67.26,2.89,29
3482,  Robô 01  ,Desligado,65.51,5.74,0
3483, Esteira 01,PARADO,68.85,5.44,0
3484,Bomba 01 ,manutencao,71.27,2.82,29
3485,Bomba 02,PARADO,64.27,2.99,0
3486, Motor 01,Em manutenção,82.27,3.05,21
3487,Motor 02,Fora de operação,70.54,3.94,0
3488,  Esteira 01,Ligado,75.88,0.62,261
3489,  Motor 03,PARADO,48.63,2.32,0
3490,Bomba 02,Ligado,67.55,3.49,350
3491,Robô 01 ,Em operação,66.8,3.42,223
3492,Robô 02 ,Operando,71.45,3.88,310
3493,Motor 01,parado,63.38,6.31,0
3494,  Esteira 01,Ligado,61.52,1.38,281
3495,Compressor 01  ,operando,80.65,2.15,369
3496,  Compressor 01  ,Desligado,69.16,3.66,0
3497, Motor 01,Manutenção,73.81,3.74,26
3498,Robô 02  ,Em manutenção,71.06,4.38,8
3499,  Robô 01,OPERANDO,61.27,2.7,392
3500,  Compressor 01  ,Manutenção,62.99,2.65,13
3501,Esteira 01  ,Ligado,76.71,1.74,225
3502,  Robô 01  ,Parado,61.66,3.59,0
3503,  Robô 02,manutencao,79.16,3.35,18
3504,  Robô 01  ,Manutenção,57.47,3.75,3
3505,  Compressor 01,manutencao,79.89,3.84,15
3506,  Esteira 01,Desligado,67.74,2.55,0
3507,Motor 01 ,MANUTENÇÃO,75.73,3.12,2
3508, Motor 03,Ligado,62.7,2.45,220
3509,  Motor 02,Manutenção,71.68,2.42,24
3510,Bomba 01  ,PARADO,76.84,2.51,0
3511,Bomba 02  ,OPERANDO,66.07,1.89,377
3512,Motor 03,Fora de operação,72.83,4.09,0
3513,Compressor 01  ,Operando,58.91,2.66,354
3514, Esteira 02,parado,60.76,2.23,0
3515,Robô 01,OPERANDO,77.95,4.7,397
3516,Bomba 01,Fora de operação,65.19,2.43,0
3517,  Robô 01,manutencao,58.25,2.21,16
3518,  Esteira 02  ,OPERANDO,64.16,4.4,396
3519,Robô 02  ,Desligado,60.06,2.05,0
3520,Esteira 02 ,PARADO,61.15,2.25,0
3521,  Motor 01  ,Manutenção,60.86,3.44,5
3522,Esteira 01  ,parado,59.45,3.47,0
3523,  Robô 01  ,OPERANDO,76.55,3.33,250
3524,Bomba 02,Fora de operação,76.07,3.65,0
3525,  Compressor 01,Fora de operação,60.24,2.9,0
3526,Motor 03  ,Fora de operação,74.16,2.5,0
3527, Motor 03,Parado,62.4,3.03,0
3528,  Motor 01  ,Desligado,63.45,4.21,0
3529,  Bomba 02  ,OPERANDO,61.88,1.48,274
3530,  Motor 01  ,Em operação,74.66,2.11,402
3531,  Bomba 01,parado,66.12,2.21,0
3532,Compressor 01  ,Operando,70.55,3.2,251
3533, Robô 01,MANUTENÇÃO,66.7,1.14,8
3534, Esteira 02,Manut.,59.31,2.94,12
3535, Esteira 01,Parado,71.45,1.88,0
3536,  Motor 03  ,Ligado,64.51,2.7,316
3537,Robô 02 ,MANUTENÇÃO,56.1,4.37,27
3538,Esteira 01  ,Manut.,81.51,2.02,10
3539, Bomba 02,Em operação,76.28,3.82,263
3540,Motor 03  ,MANUTENÇÃO,55.93,5.67,15
3541,Motor 03 ,parado,71.53,4.24,0
3542,Bomba 02  ,Ligado,70.36,2.58,315
3543,  Robô 02  ,Parado,78.12,4.29,0
3544,Robô 01,Desligado,65.35,2.17,0
3545,  Motor 01  ,PARADO,49.61,2.8,0
3546,Robô 01 ,Operando,57.94,2.03,377
3547,Esteira 02 ,Ligado,72.98,3.14,339
3548,  Motor 02  ,Manut.,57.85,3.0,29
3549,  Motor 02,Fora de operação,64.84,3.13,0
3550,  Robô 01  ,Parado,62.18,2.71,0
3551,Motor 01,Em manutenção,62.39,3.85,2
3552,Bomba 01 ,PARADO,77.24,4.27,0
3553,Esteira 01,Ligado,66.12,2.15,406
3554,  Esteira 01,PARADO,64.62,0.67,0
3555, Motor 02,MANUTENÇÃO,54.77,3.97,1
3556,Motor 01  ,Em operação,70.81,2.93,401
3557,Motor 02 ,MANUTENÇÃO,67.49,2.84,11
3558,  Motor 03,parado,54.28,1.48,0
3559,  Motor 02  ,Fora de operação,58.11,2.91,0
3560,  Robô 02  ,Em manutenção,72.4,3.94,8
3561, Bomba 01,Ligado,71.8,2.09,399
3562,  Bomba 01,OPERANDO,79.63,1.61,322
3563,  Bomba 02,Operando,80.44,2.55,329
3564,  Robô 01,MANUTENÇÃO,67.23,1.86,8
3565, Esteira 02,OPERANDO,60.65,3.14,266
3566,Esteira 02  ,Manutenção,62.03,4.23,30
3567,Bomba 01 ,MANUTENÇÃO,64.76,1.76,5
3568, Robô 01,Em operação,81.85,2.53,201
3569,Bomba 02 ,Operando,75.96,4.57,405
3570,Motor 01,OPERANDO,69.15,2.18,238
3571,  Robô 02  ,Manut.,68.98,5.61,4
3572,Motor 02 ,Em manutenção,65.03,3.72,10
3573,  Bomba 01,Operando,57.18,2.91,288
3574,  Robô 01  ,OPERANDO,64.63,2.36,252
3575,Robô 01  ,Fora de operação,60.1,3.99,0
3576, Compressor 01,PARADO,77.43,2.75,0
3577,  Esteira 01,PARADO,76.94,2.05,0
3578,  Esteira 02  ,parado,67.47,3.19,0
3579,Bomba 01  ,manutencao,62.49,0.95,9
3580,Esteira 01,Desligado,69.53,4.9,0
3581,Robô 01,manutencao,75.89,4.52,4
3582,Esteira 01  ,OPERANDO,74.29,2.11,340
3583,Esteira 02  ,operando,77.68,3.69,406
3584,Motor 02  ,Ligado,60.0,3.69,232
3585,  Robô 01,Parado,71.16,3.19,0
3586,  Compressor 01,Desligado,64.18,1.68,0
3587, Motor 03,Manut.,62.4,4.0,8
3588,Bomba 01  ,Manutenção,66.63,3.64,4
3589,Robô 02,Parado,68.9,3.44,0
3590,  Compressor 01,Manut.,64.15,2.48,3
3591,Bomba 02,Desligado,74.58,1.93,0
3592,  Motor 02  ,PARADO,70.49,4.09,0
3593, Esteira 01,PARADO,69.62,1.53,0
3594,  Robô 02  ,Fora de operação,84.16,2.58,0
3595,Motor 01 ,OPERANDO,71.29,4.26,325
3596, Robô 02,manutencao,63.35,3.42,3
3597,Bomba 02 ,Manutenção,68.68,2.79,9
3598,Esteira 01  ,Desligado,76.23,4.77,0
3599,  Bomba 01  ,Parado,65.46,2.38,0
3600,Robô 02  ,Ligado,59.92,5.24,248
3601,Bomba 02,PARADO,65.77,2.0,0
3602, Compressor 01,OPERANDO,69.07,2.33,185
3603,Robô 02 ,Em operação,73.1,2.12,378
3604,Compressor 01  ,manutencao,66.31,2.48,14
3605,Robô 02  ,PARADO,76.11,3.12,0
3606,Compressor 01,OPERANDO,71.95,3.36,410
3607,  Robô 02,MANUTENÇÃO,58.9,2.9,3
3608,  Esteira 01,manutencao,71.93,2.56,18
3609,Robô 01  ,Ligado,68.14,3.27,352
3610, Motor 02,MANUTENÇÃO,59.55,4.32,23
3611,Motor 01  ,Ligado,73.73,4.94,247
3612,  Robô 01,Fora de operação,70.97,1.69,0
3613,Compressor 01  ,Desligado,57.93,3.05,0
3614,  Bomba 01  ,Ligado,63.09,1.6,404
3615,  Bomba 01  ,Desligado,63.79,3.67,0
3616,  Robô 01,Manut.,79.39,3.81,24
3617, Motor 01,Operando,65.96,3.93,416
3618,  Bomba 02  ,operando,72.44,1.29,326
3619,Bomba 01,PARADO,79.15,3.87,0
3620, Motor 03,Em manutenção,64.93,0.98,27
3621,Motor 02,MANUTENÇÃO,72.44,4.16,24
3622,  Robô 02  ,Parado,65.41,2.72,0
3623,  Esteira 01,Em operação,60.51,1.76,229
3624,Motor 01  ,Em manutenção,67.23,3.19,13
3625,Compressor 01,Ligado,63.81,2.01,335
3626, Motor 02,parado,70.82,3.27,0
3627,Motor 03,Ligado,74.72,4.78,416
3628,  Compressor 01,PARADO,67.06,2.55,0
3629,Motor 02  ,MANUTENÇÃO,66.92,2.67,3
3630,  Bomba 02,operando,70.04,3.56,210
3631,  Robô 02  ,Operando,56.41,3.63,349
3632,  Robô 01,Manut.,67.13,5.38,23
3633,Esteira 01,Em operação,60.31,2.64,266
3634,Esteira 01  ,Operando,62.88,2.17,404
3635,Esteira 02  ,operando,74.24,4.52,225
3636,Motor 02,Em operação,75.86,3.28,281
3637, Robô 01,Manut.,66.52,3.21,21
3638, Bomba 01,OPERANDO,61.41,2.55,184
3639, Robô 02,manutencao,79.93,0.45,11
3640,Bomba 02,MANUTENÇÃO,66.49,1.64,25
3641,  Esteira 01  ,Manutenção,61.15,2.71,24
3642,  Robô 02,Em manutenção,70.15,3.15,14
3643, Motor 02,Em operação,72.96,5.28,320
3644,Bomba 01  ,Parado,57.98,4.2,0
3645, Motor 03,Em manutenção,83.44,3.5,28
3646,Motor 03,OPERANDO,83.12,2.96,288
3647,Motor 02 ,Fora de operação,69.66,3.72,0
3648,Compressor 01 ,Operando,71.88,4.3,293
3649,  Motor 02,parado,67.96,2.94,0
3650, Esteira 01,OPERANDO,72.49,2.15,410
3651,Motor 02 ,Parado,66.03,5.09,0
3652, Motor 01,manutencao,65.58,2.31,7
3653,Motor 01,Operando,55.6,1.64,283
3654,Compressor 01  ,Manut.,67.89,2.01,13
3655,Esteira 02  ,operando,60.56,4.07,379
3656,Bomba 01 ,Em operação,63.16,3.38,243
3657,  Esteira 02,Em manutenção,77.46,4.28,8
3658,  Compressor 01,Operando,73.84,3.91,376
3659,Motor 02  ,operando,68.58,3.16,413
3660,Bomba 02  ,Ligado,72.7,3.69,375
3661,  Motor 02,OPERANDO,65.17,3.24,183
3662,Robô 01,MANUTENÇÃO,66.03,2.16,3
3663,Motor 03  ,Operando,69.27,2.75,267
3664,  Motor 01,operando,67.69,3.38,295
3665, Motor 02,Operando,62.09,3.27,200
3666,Motor 01 ,Parado,84.06,2.63,0
3667,Compressor 01 ,Ligado,68.37,2.51,360
3668,Esteira 01,Operando,62.93,2.85,316
3669,  Robô 01  ,Parado,56.69,3.61,0
3670,Robô 02 ,PARADO,70.49,3.19,0
3671,Motor 01 ,Ligado,79.63,3.1,378
3672,Esteira 01  ,parado,74.06,4.62,0
3673,Compressor 01 ,Em manutenção,60.53,3.48,26
3674,Motor 03,Parado,59.66,2.48,0
3675,  Motor 03  ,Em manutenção,65.23,3.14,8
3676,  Bomba 02,parado,81.66,4.62,0
3677,Robô 02,MANUTENÇÃO,70.17,3.31,14
3678,  Robô 02,Manutenção,51.82,3.55,1
3679,  Motor 01  ,Manutenção,66.59,3.83,24
3680,Robô 01,Em manutenção,64.42,1.46,27
3681,Esteira 02  ,Operando,62.87,4.46,361
3682,Motor 02 ,MANUTENÇÃO,69.53,3.78,19
3683,Robô 01,MANUTENÇÃO,58.46,2.33,19
3684,  Compressor 01,MANUTENÇÃO,50.36,1.23,20
3685,  Esteira 01  ,operando,69.96,4.37,355
3686,  Motor 02,parado,57.7,2.1,0
3687,  Motor 02,Manut.,64.64,3.41,6
3688,Compressor 01 ,Operando,57.93,3.22,243
3689, Esteira 01,MANUTENÇÃO,65.05,3.67,23
3690,  Robô 01  ,Fora de operação,59.35,2.36,0
3691,Motor 02  ,PARADO,67.91,2.75,0
3692, Esteira 02,Manut.,48.11,4.35,21
3693,Motor 03,Ligado,58.75,3.35,389
3694, Robô 01,operando,68.99,3.28,220
3695,  Motor 01  ,MANUTENÇÃO,64.11,2.44,27
3696,Robô 01,Ligado,59.58,4.24,337
3697,Robô 02  ,Fora de operação,44.94,3.01,0
3698,  Robô 02,Manut.,69.06,3.49,14
3699,  Motor 01  ,Em manutenção,57.45,2.77,30
3700,  Esteira 02  ,Desligado,79.73,3.45,0
3701,Motor 02  ,Manut.,62.63,3.56,17
3702, Motor 03,MANUTENÇÃO,79.34,4.76,28
3703,Bomba 01  ,Desligado,66.6,2.37,0
3704,Compressor 01  ,Parado,66.01,3.16,0
3705,Motor 03,MANUTENÇÃO,75.61,3.3,13
3706,Compressor 01 ,PARADO,60.42,1.47,0
3707, Motor 03,parado,61.56,2.77,0
3708,Bomba 02,MANUTENÇÃO,65.25,2.76,5
3709,  Robô 01,Manutenção,69.28,2.38,5
3710,  Robô 02  ,parado,59.28,2.67,0
3711,  Compressor 01  ,MANUTENÇÃO,53.94,4.6,21
3712,  Compressor 01  ,Manutenção,68.98,3.19,11
3713,  Esteira 01  ,operando,66.33,4.87,382
3714,  Robô 02,operando,65.72,3.34,410
3715,  Robô 01  ,Ligado,69.53,3.83,408
3716,Robô 01  ,Ligado,63.59,3.94,207
3717,Compressor 01  ,MANUTENÇÃO,73.49,1.96,20
3718, Bomba 02,Em operação,57.72,1.5,417
3719,  Bomba 02  ,Manutenção,65.02,4.44,12
3720, Robô 01,manutencao,66.1,4.47,0
3721,  Esteira 02,Desligado,66.02,3.44,0
3722, Motor 01,Desligado,63.37,3.94,0
3723,Motor 03 ,Fora de operação,67.83,1.24,0
3724,Bomba 02 ,Desligado,66.82,3.09,0
3725, Robô 02,Em operação,58.57,2.83,308
3726,Esteira 01  ,Operando,69.78,2.73,246
3727,  Bomba 02,OPERANDO,78.68,3.0,293
3728,Robô 02  ,operando,58.29,3.74,196
3729,Motor 02 ,operando,69.92,4.93,330
3730,Esteira 01 ,Manutenção,67.33,1.75,26
3731, Motor 03,manutencao,62.74,3.5,15
3732,Bomba 02,Parado,69.05,3.8,0
3733,Esteira 02 ,Desligado,59.93,3.03,0
3734, Motor 01,Parado,71.71,2.65,0
3735,  Esteira 02,OPERANDO,66.26,4.48,289
3736,  Bomba 01  ,Operando,74.55,1.99,250
3737,Motor 01  ,parado,64.93,3.31,0
3738,  Compressor 01  ,operando,67.51,2.58,246
3739,Robô 02  ,Fora de operação,67.19,1.69,0
3740,Robô 01  ,Manut.,65.2,1.11,14
3741, Robô 01,operando,65.98,4.17,285
3742,Robô 01,MANUTENÇÃO,67.92,3.98,5
3743,  Bomba 02  ,parado,75.32,2.69,0
3744,  Robô 02  ,Desligado,55.49,1.61,0
3745,  Robô 02,manutencao,61.46,2.37,29
3746,  Robô 01,Fora de operação,61.35,5.05,0
3747,Motor 02 ,Parado,50.47,1.64,0
3748,Motor 01,operando,58.53,2.05,353
3749,Motor 03,Em manutenção,63.94,2.05,11
3750,  Esteira 01  ,Manut.,59.07,4.14,11
3751,Motor 02,PARADO,76.34,3.82,0
3752, Motor 01,Em manutenção,57.36,2.15,17
3753, Bomba 02,parado,64.17,4.05,0
3754,Motor 03,Desligado,61.52,2.67,0
3755,Robô 02,parado,64.79,3.13,0
3756,  Robô 02  ,Manutenção,55.59,2.3,9
3757,Robô 01  ,Em operação,69.52,3.85,276
3758,  Bomba 02  ,Em manutenção,64.73,5.24,27
3759,Robô 01  ,parado,60.46,3.53,0
3760,  Bomba 01,Em operação,73.82,4.68,418
3761,Esteira 02 ,parado,72.38,2.23,0
3762,Compressor 01 ,Desligado,74.11,2.29,0
3763,Esteira 02 ,Ligado,69.95,4.21,335
3764,  Motor 01,OPERANDO,67.57,4.84,246
3765,  Bomba 02,MANUTENÇÃO,73.75,4.14,24
3766,Bomba 02 ,manutencao,66.18,3.56,20
3767,Bomba 01  ,Fora de operação,57.87,4.97,0
3768,  Motor 01  ,Manut.,65.13,2.57,5
3769, Motor 02,OPERANDO,62.08,5.57,384
3770,  Compressor 01,Manut.,56.86,3.3,9
3771, Bomba 02,MANUTENÇÃO,65.95,3.44,0
3772,Motor 02,OPERANDO,63.13,5.91,203
3773,Bomba 01  ,Em manutenção,75.32,2.77,16
3774,Bomba 02,Operando,68.29,0.32,183
3775,  Motor 02,Fora de operação,60.01,3.0,0
3776,Compressor 01  ,OPERANDO,67.95,3.48,327
3777,Robô 02 ,PARADO,80.54,2.2,0
3778,  Esteira 02,OPERANDO,74.17,3.06,247
3779,  Motor 03  ,MANUTENÇÃO,63.48,3.36,3
3780,Motor 03,Ligado,62.04,2.97,374
3781,Compressor 01 ,Ligado,57.22,3.76,366
3782,Bomba 02  ,Operando,60.69,3.32,389
3783,Motor 03 ,Em operação,71.11,2.9,212
3784,  Motor 02  ,Desligado,65.27,2.42,0
3785,Bomba 01 ,Parado,72.69,0.42,0
3786,Esteira 02,Operando,63.67,2.15,258
3787,Bomba 01 ,Manutenção,55.76,3.44,27
3788,Esteira 01,operando,69.93,3.61,419
3789,Compressor 01 ,MANUTENÇÃO,55.41,2.7,23
3790,  Compressor 01  ,Fora de operação,64.92,0.25,0
3791,  Compressor 01,Manut.,68.75,1.42,7
3792,  Esteira 02  ,Manutenção,65.17,2.56,5
3793, Motor 01,Em manutenção,71.32,2.02,21
3794,Motor 03,Manut.,56.06,3.35,20
3795,Robô 01,MANUTENÇÃO,72.46,1.98,12
3796,Esteira 01,Em operação,62.27,4.35,188
3797,Bomba 02  ,MANUTENÇÃO,73.15,2.98,17
3798, Robô 01,Em operação,63.41,2.59,397
3799,Esteira 01 ,Operando,82.37,3.6,359
3800,Motor 02  ,operando,65.47,2.12,301
3801,Robô 01 ,Desligado,78.13,2.02,0
3802, Bomba 01,Em operação,66.6,5.33,272
3803,Esteira 02 ,parado,75.14,3.51,0
3804,Robô 01 ,manutencao,75.71,3.65,6
3805,  Compressor 01  ,MANUTENÇÃO,65.83,3.04,21
3806, Bomba 01,Manutenção,63.74,2.78,14
3807,Robô 01  ,Manutenção,66.7,4.34,12
3808,Robô 02  ,Fora de operação,58.7,3.7,0
3809, Robô 01,Manut.,75.12,2.1,1
3810,Esteira 02 ,PARADO,63.71,2.85,0
3811,Compressor 01,Em operação,72.66,1.82,244
3812, Bomba 02,Operando,72.15,1.25,333
3813,  Robô 01  ,parado,65.93,2.5,0
3814, Motor 03,Em manutenção,62.3,2.85,14
3815,Motor 03  ,Ligado,67.91,4.87,218
3816,  Motor 02  ,Manutenção,65.35,3.02,29
3817,Motor 03  ,Ligado,75.4,2.97,311
3818,  Motor 01  ,Fora de operação,62.47,2.86,0
3819,Motor 03,Operando,67.49,2.94,238
3820,Motor 03,Operando,74.85,3.57,298
3821,  Bomba 02,operando,68.65,3.17,395
3822,  Robô 02  ,Em manutenção,55.23,2.46,15
3823,Bomba 02,Operando,54.66,2.55,228
3824,  Bomba 01,MANUTENÇÃO,69.08,3.3,23
3825,Esteira 01  ,Em operação,76.14,2.47,344
3826,Motor 02  ,Desligado,67.4,1.34,0
3827,  Esteira 02,MANUTENÇÃO,67.09,1.13,20
3828, Motor 03,Parado,61.89,4.97,0
3829,Robô 02 ,Em manutenção,65.58,2.69,0
3830,  Esteira 01  ,MANUTENÇÃO,74.73,3.06,24
3831, Bomba 02,Operando,58.19,4.44,264
3832,  Robô 02,PARADO,70.17,2.33,0
3833,  Motor 01,parado,77.25,2.84,0
3834,Bomba 02 ,operando,80.58,4.07,280
3835,Bomba 01 ,Em manutenção,69.61,3.33,26
3836,Esteira 01 ,Operando,70.1,1.93,205
3837,Bomba 02  ,Em manutenção,75.27,2.47,24
3838,  Robô 02,Operando,65.79,3.08,377
3839, Robô 01,parado,62.88,3.43,0
3840, Robô 01,parado,58.15,2.82,0
3841,  Robô 02,OPERANDO,61.07,3.82,183
3842, Robô 01,Desligado,58.85,3.62,0
3843,Robô 02,PARADO,56.58,2.82,0
3844,Compressor 01  ,operando,62.57,3.83,331
3845, Bomba 02,Parado,64.31,3.22,0
3846,  Compressor 01,Operando,65.2,2.41,185
3847, Motor 02,parado,75.73,1.95,0
3848,  Bomba 01,Em manutenção,75.28,2.82,17
3849,  Motor 03,Operando,66.08,3.48,398
3850,Motor 01  ,Parado,82.25,2.15,0
3851,Compressor 01 ,Parado,48.37,2.92,0
3852,  Motor 02,PARADO,56.44,3.52,0
3853,  Motor 03,Em operação,63.64,3.52,199
3854,Motor 02  ,Manutenção,69.95,1.72,4
3855,Esteira 02,Fora de operação,65.35,2.11,0
3856,  Motor 03,Em operação,68.71,3.59,302
3857,Bomba 01  ,Fora de operação,69.07,3.25,0
3858,  Esteira 02  ,manutencao,56.59,4.76,3
3859,Robô 01 ,Manutenção,64.81,4.21,26
3860,Motor 01 ,parado,67.67,2.59,0
3861, Robô 02,OPERANDO,70.75,2.31,392
3862,  Motor 01  ,Fora de operação,78.32,3.28,0
3863,  Motor 02  ,parado,69.08,4.63,0
3864,  Bomba 01,Em operação,74.39,2.76,234
3865,Motor 03 ,Em manutenção,81.31,0.77,16
3866,Motor 03  ,Fora de operação,61.73,4.51,0
3867,Esteira 02,Operando,74.19,3.74,413
3868, Robô 01,OPERANDO,62.83,1.63,241
3869, Motor 02,parado,81.98,4.15,0
3870,Robô 01 ,Operando,64.58,3.14,269
3871,  Robô 01  ,manutencao,67.05,2.75,3
3872,Robô 02 ,Operando,56.63,1.87,406
3873,  Motor 02  ,operando,64.06,4.07,371
3874,  Motor 01  ,Parado,68.82,4.92,0
3875,Compressor 01,Em manutenção,62.77,2.82,1
3876,Compressor 01,MANUTENÇÃO,61.5,3.47,0
3877,  Motor 01,Em operação,77.95,2.05,347
3878,Motor 02  ,Fora de operação,68.97,1.85,0
3879,  Bomba 01  ,Em operação,68.45,4.53,384
3880,Robô 02  ,PARADO,59.38,3.76,0
3881,  Esteira 01,Parado,70.66,3.67,0
3882,Compressor 01,parado,68.55,2.73,0
3883,  Robô 02  ,Desligado,84.21,1.86,0
3884,Esteira 01 ,MANUTENÇÃO,62.29,2.93,24
3885,Motor 02,Em operação,65.0,3.6,378
3886,  Robô 01  ,Fora de operação,58.27,3.97,0
3887,  Motor 02,Manut.,61.61,5.64,25
3888,  Bomba 01,Em operação,52.71,2.79,241
3889, Bomba 01,parado,59.99,2.91,0
3890,Esteira 02  ,parado,74.19,3.36,0
3891,Esteira 01  ,Desligado,69.15,4.66,0
3892,Esteira 02 ,Manut.,62.55,2.93,9
3893,Motor 03 ,MANUTENÇÃO,69.19,5.33,25
3894,  Esteira 02,Manut.,68.41,3.34,10
3895,  Motor 01,Em manutenção,61.71,3.38,1
3896,Bomba 02 ,PARADO,62.24,2.46,0
3897,  Bomba 01,OPERANDO,68.21,3.71,391
3898,Motor 01  ,Operando,60.9,2.87,376
3899,Bomba 01,Operando,56.15,3.16,367
3900,  Motor 01  ,Fora de operação,71.1,3.54,0
3901,Motor 02,PARADO,70.01,0.76,0
3902,Motor 02  ,Manutenção,73.2,3.21,9
3903,  Compressor 01  ,parado,77.28,3.62,0
3904,  Motor 03  ,Operando,58.9,3.87,415
3905,Esteira 01 ,Em manutenção,71.84,2.72,30
3906,  Motor 02  ,OPERANDO,81.8,3.08,350
3907, Motor 03,PARADO,76.98,2.08,0
3908,Robô 02 ,Em manutenção,67.99,3.07,27
3909,  Bomba 02  ,Manut.,72.83,3.38,10
3910,  Esteira 01  ,Manut.,72.87,4.97,30
3911,Robô 02 ,PARADO,60.52,2.07,0
3912,  Motor 01,Em operação,79.78,3.62,205
3913,  Compressor 01  ,Ligado,71.37,2.17,320
3914,Motor 01 ,manutencao,66.55,1.6,20
3915, Motor 01,Manutenção,67.02,2.73,0
3916,Bomba 02 ,Manutenção,53.66,1.26,24
3917, Motor 01,manutencao,69.81,2.8,8
3918, Bomba 01,Operando,72.34,2.37,309
3919,  Robô 02  ,MANUTENÇÃO,66.42,3.48,9
3920,Robô 02,Ligado,73.33,3.05,337
3921, Robô 02,Desligado,59.51,4.41,0
3922,Esteira 01 ,Manutenção,63.4,2.87,11
3923,Bomba 02,Operando,83.79,4.04,325
3924,Robô 02,Manutenção,76.04,3.26,30
3925,Robô 01,operando,56.35,2.64,302
3926,Esteira 02,MANUTENÇÃO,65.25,2.4,15
3927,Robô 01 ,manutencao,62.28,1.66,30
3928,  Esteira 01  ,Ligado,61.77,2.75,328
3929, Bomba 01,Operando,75.13,3.12,276
3930,Motor 03 ,Parado,71.14,3.13,0
3931,Bomba 01,operando,46.67,3.22,260
3932, Esteira 02,Manut.,62.55,3.62,14
3933,Robô 01 ,OPERANDO,58.44,2.41,349
3934,  Robô 02  ,MANUTENÇÃO,74.3,4.52,9
3935,Bomba 01,operando,79.26,3.27,326
3936,  Motor 01  ,Manut.,77.43,1.9,1
3937, Bomba 01,Operando,55.48,1.18,322
3938,Bomba 02  ,Em operação,67.18,3.67,411
3939,Motor 02,parado,63.15,3.54,0
3940,Motor 03  ,Manut.,81.89,3.19,10
3941,Compressor 01 ,MANUTENÇÃO,73.42,2.2,25
3942,  Robô 01,Parado,75.67,1.55,0
3943, Motor 02,Fora de operação,66.02,1.39,0
3944, Esteira 02,parado,83.59,3.81,0
3945,  Esteira 01,Manutenção,68.47,2.51,0
3946,  Motor 03,Parado,64.27,3.61,0
3947,  Esteira 02,PARADO,75.31,2.12,0
3948,Motor 03,Manut.,64.13,3.25,11
3949, Motor 03,manutencao,67.01,2.99,6
3950,  Bomba 02  ,OPERANDO,77.13,4.14,365
3951,Motor 03,Parado,74.12,2.43,0
3952,Motor 02  ,Fora de operação,76.46,2.24,0
3953,Bomba 01  ,operando,55.98,3.8,308
3954, Bomba 02,Desligado,60.88,4.01,0
3955,  Motor 02  ,Fora de operação,73.65,2.22,0
3956,  Compressor 01  ,PARADO,72.31,4.43,0
3957,Bomba 02  ,Desligado,69.16,3.19,0
3958, Bomba 01,PARADO,54.58,2.7,0
3959, Robô 02,operando,60.51,2.81,219
3960,Robô 01  ,PARADO,77.18,2.03,0
3961,Esteira 02 ,Manut.,66.13,3.41,3
3962, Robô 01,OPERANDO,65.62,1.98,180
3963, Motor 01,Desligado,68.32,3.91,0
3964,  Motor 03  ,Manut.,69.67,2.49,21
3965,Motor 03,Em operação,71.8,3.53,251
3966,  Esteira 01  ,OPERANDO,79.36,2.19,371
3967,Motor 02,parado,84.3,2.69,0
3968,Robô 02  ,manutencao,67.33,3.24,4
3969, Motor 01,Operando,54.07,1.03,250
3970, Motor 03,Em manutenção,74.55,4.27,15
3971, Bomba 01,manutencao,70.72,2.57,22
3972,Esteira 01,Manut.,67.62,2.58,2
3973,Bomba 02 ,Manut.,72.12,3.32,6
3974,  Motor 01  ,Em manutenção,77.38,3.66,19
3975,  Esteira 01,PARADO,60.18,3.35,0
3976,Robô 02,Fora de operação,63.38,2.98,0
3977,  Motor 02  ,Operando,54.61,0.61,202
3978,  Bomba 02  ,Manut.,74.46,0.55,2
3979,Compressor 01 ,parado,68.34,2.88,0
3980,Motor 03  ,manutencao,71.72,2.91,30
3981,Motor 01 ,Ligado,73.3,1.72,390
3982,Esteira 02,Fora de operação,63.84,3.49,0
3983,Robô 02,MANUTENÇÃO,78.23,1.36,13
3984,Compressor 01,Desligado,73.71,3.45,0
3985,  Bomba 01,Em manutenção,73.87,2.91,30
3986,  Motor 01,Ligado,62.05,0.91,201
3987,Robô 02  ,MANUTENÇÃO,61.79,3.69,9
3988,Robô 02 ,MANUTENÇÃO,67.44,2.34,20
3989,  Motor 01,parado,63.41,3.52,0
3990,Esteira 02  ,MANUTENÇÃO,68.88,3.76,13
3991,Bomba 01,Em operação,62.9,2.32,296
3992, Esteira 01,Em manutenção,68.84,3.57,28
3993,Motor 02,Em operação,72.28,2.95,381
3994,  Bomba 02  ,OPERANDO,77.04,2.31,420
3995,  Robô 01  ,Parado,66.58,3.67,0
3996,Robô 01  ,Manutenção,68.5,2.91,23
3997,Compressor 01  ,Manutenção,58.51,1.99,29
3998, Bomba 02,Manutenção,67.38,3.96,26
3999,  Motor 02  ,Fora de operação,60.82,2.68,0
4000, Esteira 01,Desligado,64.26,3.73,0
4001,  Motor 03  ,Em operação,84.89,2.22,227
4002,  Bomba 01  ,Operando,63.61,3.65,242
4003, Esteira 02,Em manutenção,77.45,3.43,2
4004,  Motor 02  ,Em manutenção,60.08,4.21,15
4005,Bomba 02,Parado,72.48,3.0,0
4006,  Compressor 01  ,parado,74.79,2.45,0
4007,  Esteira 02,Parado,69.02,2.13,0
4008,  Esteira 02  ,MANUTENÇÃO,81.59,2.32,10
4009,Esteira 01 ,Ligado,58.68,3.6,399
4010,  Esteira 02,parado,75.54,2.54,0
4011,  Robô 01,MANUTENÇÃO,71.41,3.37,8
4012,Motor 03,OPERANDO,63.28,3.9,317
4013,Motor 01  ,Parado,81.67,2.04,0
4014,Esteira 02  ,operando,68.77,2.51,282
4015, Robô 02,Parado,68.53,2.16,0
4016,  Bomba 02,Em operação,69.47,2.57,398
4017,Esteira 01,PARADO,70.86,2.51,0
4018,Esteira 01 ,MANUTENÇÃO,62.79,0.21,8
4019,  Motor 03,operando,72.25,2.77,350
4020,  Esteira 02  ,Desligado,62.43,2.72,0
4021,  Motor 03,Em manutenção,76.02,4.26,28
4022, Esteira 02,manutencao,69.81,2.08,13
4023,  Esteira 01  ,MANUTENÇÃO,63.83,3.22,29
4024,Motor 01,Desligado,60.08,1.82,0
4025,Compressor 01  ,Em manutenção,64.38,3.57,29
4026,Motor 02,Parado,66.04,2.02,0
4027,Robô 01 ,Parado,70.69,3.89,0
4028,  Esteira 02  ,Manut.,73.57,4.98,16
4029,Compressor 01 ,Em operação,72.66,1.9,353
4030,Compressor 01,operando,56.96,3.13,221
4031,  Motor 01  ,Desligado,61.58,3.59,0
4032, Motor 03,Manut.,59.77,3.47,18
4033,  Bomba 02,Manutenção,64.97,3.68,14
4034,Motor 01,Em operação,75.55,2.34,191
4035, Bomba 01,Em manutenção,58.94,3.56,0
4036,Bomba 01 ,Manutenção,47.0,2.75,1
4037, Motor 01,PARADO,69.72,2.61,0
4038,Motor 03,Em operação,70.04,4.13,396
4039,Esteira 01,parado,72.84,3.24,0
4040,  Robô 02  ,MANUTENÇÃO,78.19,4.67,24
4041,Bomba 02  ,MANUTENÇÃO,64.92,2.79,5
4042, Motor 01,operando,70.13,4.42,269
4043,Motor 03  ,MANUTENÇÃO,55.21,4.48,0
4044,  Robô 02  ,OPERANDO,58.21,2.45,304
4045,Esteira 01 ,OPERANDO,63.49,0.54,270
4046, Esteira 01,OPERANDO,71.88,4.35,377
4047, Compressor 01,manutencao,55.94,1.69,19
4048, Robô 02,Operando,63.82,5.0,356
4049,Esteira 01 ,Ligado,72.05,3.86,202
4050,Robô 01 ,Operando,63.99,3.18,192
4051,  Robô 01,Operando,60.07,3.03,307
4052,Motor 02  ,MANUTENÇÃO,74.47,4.74,12
4053,Motor 01,Operando,62.93,3.13,205
4054,  Bomba 01  ,Em manutenção,85.76,2.27,7
4055,  Robô 01  ,Desligado,64.0,2.63,0
4056,  Motor 02,Manutenção,69.68,1.74,29
4057,Esteira 02  ,Em manutenção,66.63,4.11,6
4058,  Bomba 01,MANUTENÇÃO,66.69,3.66,30
4059,  Esteira 01  ,OPERANDO,69.61,3.56,362
4060,Robô 01,Manutenção,74.52,3.95,8
4061,Motor 03 ,Desligado,80.81,2.98,0
4062, Robô 02,manutencao,75.6,0.29,20
4063, Motor 03,manutencao,73.89,2.84,12
4064,Motor 03  ,Parado,69.48,4.52,0
4065, Bomba 02,Em manutenção,76.88,2.04,15
4066,Esteira 01,Em manutenção,61.83,2.11,8
4067,  Bomba 02  ,MANUTENÇÃO,63.71,3.12,7
4068,  Motor 01,Manutenção,61.5,4.91,30
4069,Esteira 02,Manutenção,63.33,2.89,28
4070, Motor 02,MANUTENÇÃO,61.67,3.77,1
4071,Robô 01 ,Manutenção,59.66,3.87,23
4072,  Compressor 01  ,Parado,62.41,3.67,0
4073,  Esteira 02,Operando,63.56,3.68,198
4074,  Motor 03  ,Manutenção,69.72,3.27,23
4075,Esteira 02,operando,52.67,2.2,267
4076,  Bomba 01,Em operação,83.2,3.35,203
4077,  Robô 02  ,parado,62.97,2.72,0
4078,  Bomba 01,Desligado,54.35,3.14,0
4079,  Motor 01,MANUTENÇÃO,70.8,3.1,8
4080,  Motor 03,OPERANDO,65.66,2.77,401
4081,Compressor 01,OPERANDO,66.6,2.67,258
4082, Motor 02,Fora de operação,67.44,4.69,0
4083,  Robô 02,PARADO,57.1,2.81,0
4084,Bomba 02,Fora de operação,74.62,2.78,0
4085, Motor 02,parado,58.96,3.17,0
4086,Motor 02  ,MANUTENÇÃO,69.97,4.09,12
4087,  Motor 01,Parado,60.94,0.67,0
4088,Robô 01  ,PARADO,62.66,2.26,0
4089,  Esteira 01  ,Manut.,69.58,4.46,18
4090, Esteira 02,operando,59.11,2.25,277
4091,Bomba 01 ,Ligado,75.23,3.33,365
4092,  Robô 02  ,Parado,68.5,3.57,0
4093, Motor 01,operando,61.41,2.62,186
4094,  Bomba 01,MANUTENÇÃO,51.06,5.29,18
4095,Compressor 01 ,PARADO,69.24,3.11,0
4096,  Motor 03,Desligado,61.17,3.29,0
4097,  Robô 01  ,MANUTENÇÃO,60.49,3.5,18
4098,Compressor 01  ,PARADO,79.9,2.14,0
4099,  Motor 02,Em manutenção,71.43,5.11,13
4100,Motor 01 ,Em manutenção,66.27,3.29,7
4101,Bomba 01 ,manutencao,67.86,3.76,18
4102,Bomba 02 ,Fora de operação,62.97,3.39,0
4103,  Compressor 01,operando,74.66,4.0,346
4104, Bomba 01,Fora de operação,65.34,2.43,0
4105,Esteira 01,manutencao,61.6,3.91,0
4106,Motor 03 ,Parado,73.61,3.88,0
4107,  Compressor 01,Manutenção,68.6,3.91,2
4108,Bomba 01  ,Em operação,75.43,2.4,323
4109,Robô 02 ,Fora de operação,54.58,4.5,0
4110,  Bomba 02  ,parado,67.23,5.78,0
4111,Esteira 02 ,manutencao,68.97,4.65,25
4112,Motor 02 ,Fora de operação,73.57,4.0,0
4113,Robô 02  ,Ligado,67.1,2.35,360
4114,Esteira 02 ,Fora de operação,62.22,3.32,0
4115,  Esteira 02,Em operação,78.74,3.28,394
4116, Robô 01,OPERANDO,68.5,4.42,308
4117, Bomba 02,Fora de operação,65.1,1.52,0
4118,Esteira 01  ,Manutenção,71.14,1.79,28
4119,Robô 01  ,Em manutenção,69.94,2.91,5
4120,Motor 02,Manut.,67.49,2.02,1
4121,Motor 03,Em manutenção,64.93,3.14,10
4122,Esteira 02  ,Parado,70.48,4.42,0
4123,Bomba 02 ,Parado,57.85,3.33,0
4124,Motor 03,Ligado,72.92,3.15,325
4125,Bomba 02 ,parado,70.58,2.86,0
4126, Robô 02,Fora de operação,68.55,3.18,0
4127,Bomba 01,OPERANDO,67.85,2.44,401
4128,Compressor 01 ,Em manutenção,61.85,3.68,22
4129,  Robô 02,Ligado,63.91,3.89,353
4130,Compressor 01,Desligado,84.3,2.12,0
4131,Motor 02  ,Fora de operação,67.52,3.47,0
4132,Bomba 01  ,Em operação,71.03,4.53,281
4133, Bomba 02,operando,81.68,4.13,320
4134,Bomba 01,Manut.,71.13,5.12,6
4135, Bomba 02,Manut.,65.19,2.63,27
4136, Esteira 01,Em operação,62.71,3.27,284
4137,  Esteira 01  ,operando,72.05,3.19,295
4138,  Robô 02,Desligado,66.44,1.6,0
4139,Bomba 02  ,Em manutenção,75.74,3.32,28
4140,  Bomba 01  ,manutencao,74.25,2.32,8
4141,Bomba 02  ,Operando,74.24,4.58,202
4142,  Compressor 01,Manut.,65.24,4.19,6
4143,Motor 01 ,Ligado,68.32,2.81,238
4144,Robô 01 ,Operando,73.66,4.67,336
4145,  Esteira 02,parado,62.98,4.03,0
4146,  Bomba 01  ,Em manutenção,67.29,1.41,6
4147, Esteira 01,Desligado,76.78,3.05,0
4148,Esteira 01,OPERANDO,73.23,3.19,326
4149, Motor 02,Ligado,70.64,2.6,236
4150,Esteira 01 ,parado,64.43,3.17,0
4151,  Motor 02  ,Manut.,60.05,3.58,29
4152,  Motor 01,Em manutenção,56.15,3.87,19
4153,Robô 02 ,MANUTENÇÃO,69.07,2.4,23
4154, Motor 01,Em operação,63.97,2.57,200
4155, Motor 03,manutencao,56.55,2.26,26
4156, Compressor 01,Ligado,72.47,3.24,414
4157,Motor 03,OPERANDO,59.49,2.82,384
4158,  Robô 02  ,MANUTENÇÃO,79.01,3.09,2
4159,  Compressor 01  ,OPERANDO,76.95,2.71,213
4160,Esteira 02,Manut.,61.73,3.87,28
4161,Bomba 02 ,Manutenção,72.79,2.35,24
4162,  Motor 02,Manutenção,61.63,2.22,26
4163,  Esteira 02,operando,57.49,1.79,419
4164,Motor 03 ,Operando,59.44,4.04,238
4165,  Robô 01,OPERANDO,68.89,2.01,217
4166,Bomba 01  ,Em manutenção,71.0,2.84,10
4167,Robô 02,MANUTENÇÃO,78.75,2.62,10
4168,  Bomba 02,MANUTENÇÃO,56.19,2.77,29
4169,  Robô 01  ,manutencao,70.17,3.7,7
4170,  Esteira 01,Fora de operação,67.34,2.7,0
4171,Motor 03,OPERANDO,83.81,4.51,210
4172,  Robô 01,Desligado,77.44,3.5,0
4173,  Robô 01,MANUTENÇÃO,75.41,2.42,21
4174,  Motor 02,Em manutenção,79.43,3.67,9
4175,  Motor 01  ,Manut.,67.61,3.67,3
4176,Robô 02  ,Fora de operação,66.93,4.04,0
4177,Robô 02 ,manutencao,75.96,1.98,15
4178, Motor 02,OPERANDO,72.11,4.01,279
4179, Esteira 02,Ligado,62.85,2.88,185
4180,Bomba 01 ,OPERANDO,71.19,3.86,276
4181,  Bomba 01  ,MANUTENÇÃO,66.04,5.15,12
4182, Esteira 01,manutencao,66.05,1.57,26
4183, Esteira 01,Em operação,64.91,4.14,411
4184,Motor 01 ,Desligado,71.44,2.11,0
4185,Robô 02  ,Manut.,64.3,3.8,0
4186,Motor 03,Em manutenção,59.53,4.18,24
4187,  Robô 01  ,Parado,77.75,3.84,0
4188, Bomba 01,MANUTENÇÃO,63.59,2.03,19
4189,  Motor 03,parado,63.82,2.59,0
4190,  Robô 02  ,Parado,62.26,3.51,0
4191,  Compressor 01,PARADO,65.2,3.66,0
4192,Bomba 01  ,OPERANDO,69.85,3.15,282
4193,Bomba 01  ,operando,73.0,4.16,187
4194,Bomba 01  ,manutencao,70.6,2.85,9
4195,Motor 02,Parado,82.49,1.96,0
4196, Bomba 02,Operando,70.55,3.81,373
4197,  Robô 02,Ligado,59.82,3.54,364
4198,  Motor 03  ,parado,71.58,4.33,0
4199,  Esteira 02  ,MANUTENÇÃO,68.98,3.02,12
4200,Motor 02 ,Manutenção,66.51,4.3,20
4201,Robô 01 ,operando,70.84,4.61,237
4202,Robô 01,Operando,65.77,4.32,397
4203,  Esteira 01  ,Em manutenção,74.14,4.64,2
4204, Motor 03,operando,71.1,2.91,199
4205,  Bomba 01  ,Em operação,51.62,2.94,208
4206,Bomba 01  ,OPERANDO,72.99,2.19,317
4207,  Compressor 01,Em operação,69.57,2.81,329
4208,Motor 02  ,Parado,66.34,4.34,0
4209,Bomba 02 ,Em operação,67.01,1.19,352
4210,Motor 01,MANUTENÇÃO,60.06,3.94,16
4211,  Compressor 01,Manutenção,61.82,2.99,10
4212,Robô 01 ,MANUTENÇÃO,66.42,2.11,12
4213,  Esteira 02,manutencao,62.68,4.63,19
4214,  Bomba 02  ,OPERANDO,69.07,4.54,208
4215, Robô 02,manutencao,78.52,2.33,5
4216, Motor 02,OPERANDO,77.65,3.26,191
4217, Esteira 02,Fora de operação,66.91,3.8,0
4218,Motor 02 ,manutencao,58.66,3.21,28
4219,  Robô 02  ,Em manutenção,73.03,3.83,19
4220, Compressor 01,Em manutenção,67.61,1.77,19
4221,Robô 02 ,Fora de operação,65.85,2.68,0
4222,Motor 03  ,manutencao,70.58,4.65,0
4223, Motor 01,Manut.,60.46,3.53,23
4224,  Motor 03  ,Operando,72.98,3.45,230
4225,Motor 03  ,Parado,69.45,4.04,0
4226,Motor 02,Parado,62.79,2.44,0
4227,Motor 03 ,Ligado,78.33,1.7,320
4228,Motor 01 ,Desligado,61.05,0.99,0
4229, Robô 02,Manutenção,69.12,1.42,1
4230,  Motor 01,parado,59.72,2.87,0
4231,  Compressor 01,Manut.,67.19,3.82,27
4232, Robô 01,Manut.,73.66,2.11,12
4233, Esteira 01,Em manutenção,52.05,3.32,2
4234,Robô 01 ,Manutenção,74.45,4.03,17
4235, Bomba 02,parado,61.93,3.31,0
4236,Robô 01 ,MANUTENÇÃO,81.61,4.8,6
4237,  Motor 03  ,Desligado,68.2,2.45,0
4238,  Esteira 01  ,Fora de operação,73.03,4.32,0
4239,  Robô 01  ,Ligado,64.37,3.62,368
4240,  Robô 02  ,Em manutenção,74.35,3.54,22
4241,  Motor 01,Manut.,60.13,3.21,20
4242,  Motor 01,MANUTENÇÃO,62.37,2.4,18
4243,Motor 03,Manutenção,74.0,2.36,3
4244, Esteira 02,MANUTENÇÃO,70.26,3.34,19
4245,  Compressor 01,operando,58.97,3.39,208
4246,Bomba 01  ,parado,59.42,2.51,0
4247,Esteira 01  ,manutencao,63.89,4.5,5
4248,  Motor 01  ,Em manutenção,65.76,1.56,12
4249,  Bomba 01  ,Em manutenção,61.44,3.68,5
4250,Robô 02 ,Fora de operação,68.83,2.62,0
4251, Compressor 01,Em operação,60.03,2.2,408
4252,Motor 03 ,Parado,67.93,3.89,0
4253,  Bomba 02  ,Manutenção,74.58,3.16,9
4254,Motor 03  ,Em manutenção,61.08,2.42,20
4255, Compressor 01,MANUTENÇÃO,61.56,2.39,9
4256,  Motor 02,Fora de operação,61.08,2.32,0
4257,Robô 01,Desligado,68.54,2.02,0
4258,Compressor 01 ,Desligado,61.2,4.21,0
4259,Robô 02 ,parado,64.2,5.55,0
4260,Esteira 01  ,MANUTENÇÃO,61.06,3.08,13
4261, Compressor 01,Em operação,71.49,2.07,341
4262, Bomba 01,parado,66.08,1.87,0
4263,Robô 01,parado,64.53,4.38,0
4264,Motor 01 ,Em operação,62.0,4.72,222
4265,  Robô 01,Manut.,85.08,3.26,3
4266, Motor 01,parado,71.96,3.95,0
4267,  Bomba 02,Em operação,52.75,2.4,184
4268, Robô 01,Em operação,61.78,2.94,313
4269, Motor 02,Operando,58.82,2.67,322
4270,  Esteira 01  ,MANUTENÇÃO,74.77,3.39,21
4271,Robô 01  ,Ligado,58.61,1.99,247
4272,Motor 02  ,Parado,54.89,4.11,0
4273, Motor 01,Manut.,78.95,2.66,29
4274,Motor 01,Operando,69.44,4.57,364
4275,  Bomba 02  ,parado,78.77,4.35,0
4276,Robô 02 ,Manutenção,71.45,5.21,30
4277,  Bomba 01,Em operação,71.46,3.55,324
4278,  Esteira 01,Desligado,59.4,1.26,0
4279,  Esteira 02,PARADO,59.5,2.6,0
4280,  Compressor 01  ,Manut.,70.49,3.16,15
4281,  Motor 03,Manut.,65.84,2.89,3
4282,  Esteira 01,Parado,69.74,2.77,0
4283,Esteira 01 ,Manut.,62.16,5.45,8
4284,Motor 03  ,Fora de operação,73.48,2.72,0
4285,  Esteira 02  ,Parado,75.59,2.74,0
4286,Bomba 02 ,OPERANDO,66.38,3.37,216
4287,Motor 03,Parado,75.13,2.36,0
4288,  Bomba 02,OPERANDO,64.06,4.07,225
4289, Motor 03,operando,62.13,2.53,235
4290,  Esteira 02,MANUTENÇÃO,75.09,3.32,15
4291,Bomba 02 ,Desligado,64.05,4.8,0
4292,Bomba 01  ,Ligado,61.99,2.57,204
4293,Esteira 01  ,Ligado,63.89,4.17,200
4294,Motor 03 ,Parado,66.34,2.4,0
4295,  Motor 03  ,Em manutenção,73.09,2.07,0
4296,  Esteira 01,OPERANDO,57.78,1.07,418
4297,  Motor 02  ,MANUTENÇÃO,51.38,3.49,20
4298,  Motor 03  ,PARADO,59.63,3.14,0
4299,Esteira 02  ,Manutenção,61.95,2.89,11
4300,Robô 01 ,manutencao,62.97,1.97,5
4301,Motor 03  ,Manutenção,63.4,4.52,11
4302,  Motor 03  ,Em manutenção,64.26,4.04,16
4303,  Bomba 01,Parado,61.27,2.38,0
4304,Motor 01 ,Manut.,79.95,3.73,1
4305,Bomba 01 ,Fora de operação,73.37,3.7,0
4306,Esteira 02 ,PARADO,67.82,4.05,0
4307,Esteira 01 ,MANUTENÇÃO,71.75,3.93,16
4308,Esteira 02,Em manutenção,68.91,2.02,11
4309,Robô 02 ,manutencao,70.13,1.88,6
4310,Esteira 02 ,Em manutenção,70.84,2.71,10
4311,  Esteira 01,Desligado,62.15,2.95,0
4312,Motor 02  ,Ligado,54.46,4.07,197
4313, Esteira 01,Em manutenção,57.34,1.34,5
4314,Bomba 02,Desligado,58.45,3.3,0
4315,Motor 03  ,operando,64.4,3.59,319
4316, Compressor 01,Operando,65.04,4.34,227
4317,  Bomba 01  ,operando,65.61,3.57,357
4318,  Esteira 02,Parado,69.38,2.5,0
4319,  Bomba 01  ,Ligado,54.4,3.3,311
4320,Motor 01,Desligado,63.93,2.91,0
4321,  Bomba 02  ,PARADO,69.15,3.85,0
4322,  Bomba 02,operando,66.3,2.02,276
4323,Motor 03  ,MANUTENÇÃO,54.02,4.49,9
4324, Esteira 01,Em manutenção,59.6,3.91,18
4325,  Esteira 02,Manutenção,68.48,2.35,28
4326,Bomba 01,Fora de operação,59.08,2.41,0
4327,  Motor 01  ,Operando,73.57,3.9,321
4328,  Bomba 01,Ligado,59.38,2.52,239
4329, Bomba 01,operando,64.53,1.9,284
4330,Robô 01 ,Manut.,64.63,4.51,12
4331,  Esteira 02  ,Desligado,67.97,2.27,0
4332,  Robô 02  ,PARADO,60.48,2.57,0
4333,Robô 01 ,Em manutenção,68.28,1.95,20
4334,Robô 02 ,MANUTENÇÃO,50.25,2.8,23
4335,Motor 02  ,Operando,68.16,3.45,370
4336,  Robô 02,manutencao,57.02,2.75,21
4337, Motor 02,Em operação,62.56,2.98,335
4338,Compressor 01,PARADO,73.22,3.18,0
4339,Robô 02  ,Em operação,71.72,2.71,264
4340,Motor 02 ,MANUTENÇÃO,73.59,2.63,24
4341,Motor 03  ,parado,70.27,3.05,0
4342,  Motor 03  ,Ligado,63.9,2.58,308
4343,  Bomba 01,Em manutenção,55.22,2.71,18
4344,Esteira 01  ,PARADO,68.44,2.75,0
4345,Bomba 01  ,Operando,68.14,2.96,383
4346,  Robô 02  ,Manut.,76.01,1.67,18
4347,Motor 03,PARADO,64.87,3.16,0
4348, Bomba 01,Desligado,77.26,1.36,0
4349, Robô 02,Ligado,70.0,2.23,340
4350,  Bomba 01  ,Desligado,65.61,3.05,0
4351,  Compressor 01  ,Operando,68.23,1.62,229
4352,  Motor 03  ,parado,78.47,3.31,0
4353,Motor 02  ,Ligado,67.66,2.7,243
4354, Robô 01,Em manutenção,59.89,2.59,4
4355,Bomba 01 ,operando,67.31,4.15,326
4356,  Motor 01  ,Desligado,62.92,4.19,0
4357,Motor 02  ,manutencao,71.09,3.67,1
4358,Motor 03 ,Ligado,65.95,2.44,197
4359,  Bomba 01  ,MANUTENÇÃO,68.89,1.96,12
4360, Bomba 02,Manut.,62.45,3.36,11
4361,  Robô 01  ,Fora de operação,62.73,3.54,0
4362, Bomba 01,MANUTENÇÃO,58.97,2.04,20
4363,Bomba 01  ,Parado,85.95,2.68,0
4364,Bomba 02,Parado,63.1,2.48,0
4365,Esteira 01,Manutenção,63.51,3.95,12
4366,Esteira 01  ,PARADO,61.01,2.71,0
4367,Motor 02,parado,65.25,4.07,0
4368,Robô 02,Manutenção,72.55,3.99,7
4369,  Compressor 01,OPERANDO,53.74,3.63,319
4370,  Robô 02,MANUTENÇÃO,62.78,2.27,10
4371,Esteira 01 ,OPERANDO,60.24,2.97,245
4372,Esteira 02,Em manutenção,64.98,2.11,1
4373,Motor 02  ,manutencao,50.42,3.68,20
4374,Esteira 01 ,Desligado,73.9,2.08,0
4375,  Esteira 02,Em manutenção,65.14,5.81,30
4376,Motor 02,Ligado,62.72,2.0,214
4377, Compressor 01,Operando,66.29,4.25,233
4378, Bomba 02,Manut.,75.86,1.51,8
4379,  Esteira 02  ,Em operação,58.78,3.45,328
4380,Esteira 01  ,Parado,71.39,0.9,0
4381,  Robô 02,Fora de operação,69.13,2.1,0
4382,Bomba 02 ,manutencao,67.61,0.87,27
4383,  Robô 02  ,manutencao,74.96,2.47,5
4384,Robô 01  ,MANUTENÇÃO,77.39,1.26,16
4385,Compressor 01 ,Em manutenção,59.42,5.4,3
4386,Esteira 01 ,Desligado,66.93,2.0,0
4387,Compressor 01,PARADO,66.54,3.76,0
4388,Bomba 02  ,Desligado,79.29,2.94,0
4389,Bomba 02 ,MANUTENÇÃO,64.6,1.25,6
4390, Esteira 02,Fora de operação,58.49,3.07,0
4391,Motor 02  ,PARADO,69.17,4.18,0
4392,Bomba 01  ,Ligado,66.46,2.41,252
4393,  Compressor 01,Operando,68.49,2.71,363
4394,Motor 01  ,Operando,64.54,2.76,269
4395,Esteira 01  ,Em manutenção,62.24,2.31,0
4396,Motor 03  ,OPERANDO,61.86,3.66,381
4397,Motor 03,Manut.,66.23,4.56,5
4398,Esteira 01,Fora de operação,76.93,3.42,0
4399,  Compressor 01,OPERANDO,78.78,3.18,196
4400,Motor 01,manutencao,63.07,1.68,26
4401,Esteira 02,Fora de operação,68.21,3.88,0
4402,Esteira 01  ,Manutenção,75.68,3.73,22
4403,Robô 02 ,operando,82.24,2.46,216
4404,Esteira 02  ,PARADO,78.15,3.38,0
4405,  Robô 01,OPERANDO,66.3,0.25,401
4406,  Robô 02,Ligado,69.75,3.98,306
4407, Esteira 02,OPERANDO,65.65,3.86,407
4408, Esteira 01,parado,74.0,3.82,0
4409,Robô 02,Operando,69.43,4.02,290
4410,  Motor 02  ,parado,68.73,4.21,0
4411,Motor 03  ,parado,57.34,3.56,0
4412, Motor 01,MANUTENÇÃO,76.18,3.39,24
4413,  Esteira 01,Manut.,70.63,1.59,2
4414,Robô 02 ,Ligado,59.62,3.78,187
4415,Motor 01 ,PARADO,61.0,3.23,0
4416,Motor 01,PARADO,67.26,4.0,0
4417,Robô 02,Operando,68.47,2.43,298
4418, Motor 02,MANUTENÇÃO,68.83,1.67,5
4419,Motor 03,operando,70.64,4.86,324
4420,  Motor 01  ,Desligado,64.27,3.17,0
4421,  Bomba 02,OPERANDO,67.62,3.31,390
4422,Esteira 02 ,Em manutenção,77.64,2.29,23
4423,Bomba 02,PARADO,70.25,3.49,0
4424,  Motor 02,Em manutenção,72.39,3.13,7
4425,Bomba 02,OPERANDO,72.37,1.6,255
4426, Motor 03,Parado,73.24,4.24,0
4427, Motor 01,Parado,73.47,5.1,0
4428,Esteira 02,OPERANDO,81.87,2.47,350
4429,Motor 01  ,Em operação,62.58,4.85,384
4430, Compressor 01,parado,63.45,2.64,0
4431,  Motor 03,Manutenção,62.7,2.48,7
4432,  Motor 03,parado,73.89,3.63,0
4433,  Esteira 02  ,Desligado,85.38,3.5,0
4434,Motor 03 ,Parado,70.08,2.27,0
4435,Robô 01 ,operando,64.26,3.46,207
4436,  Robô 02  ,operando,60.15,5.19,328
4437, Motor 02,MANUTENÇÃO,53.94,3.98,24
4438,  Esteira 02  ,Fora de operação,71.7,1.13,0
4439,  Esteira 02,Desligado,54.07,4.0,0
4440,  Robô 01  ,parado,72.46,3.9,0
4441,Motor 01,Desligado,61.02,2.96,0
4442,Esteira 02,Desligado,66.96,2.03,0
4443,Robô 01,Fora de operação,68.39,3.26,0
4444,Esteira 02  ,Em manutenção,64.3,2.93,9
4445,Motor 01,parado,56.85,2.4,0
4446, Robô 01,parado,58.17,2.08,0
4447, Motor 03,MANUTENÇÃO,64.67,3.74,17
4448,Esteira 02  ,parado,64.85,5.49,0
4449,Motor 01  ,OPERANDO,73.77,3.98,315
4450,Bomba 02 ,Em operação,63.4,3.34,399
4451, Motor 01,operando,71.67,3.09,366
4452,  Compressor 01  ,manutencao,67.71,3.24,28
4453,Bomba 01,Manut.,68.28,3.78,1
4454,Motor 01,Desligado,61.74,3.01,0
4455,  Esteira 02  ,manutencao,74.69,3.06,18
4456,Motor 02  ,Operando,75.49,3.13,376
4457,Robô 02,operando,66.9,4.12,180
4458,Motor 01  ,Em manutenção,71.07,2.3,24
4459, Motor 03,OPERANDO,65.15,2.48,296
4460,  Robô 02  ,Desligado,75.64,2.66,0
4461,  Compressor 01  ,manutencao,61.88,2.43,17
4462,Bomba 01 ,Desligado,84.15,2.93,0
4463,  Robô 01,PARADO,73.94,3.1,0
4464,Motor 01,Operando,78.34,2.23,330
4465,Robô 01 ,Manutenção,68.44,4.15,28
4466,  Motor 02  ,Em manutenção,67.27,4.19,29
4467,Motor 02  ,Manut.,69.65,3.32,19
4468,  Robô 01  ,Parado,64.85,2.26,0
4469,Motor 03  ,MANUTENÇÃO,60.19,5.6,6
4470,  Esteira 02  ,Operando,71.29,3.38,375
4471,Esteira 01 ,parado,60.54,3.68,0
4472,Bomba 02  ,Fora de operação,62.32,2.63,0
4473,  Esteira 02,parado,56.63,3.67,0
4474,Motor 02,Desligado,76.35,4.67,0
4475, Motor 01,manutencao,68.93,0.92,22
4476, Robô 01,Manut.,70.22,3.64,14
4477,Robô 02 ,Operando,75.71,4.8,216
4478,Motor 01  ,Parado,64.33,3.1,0
4479,  Esteira 02  ,Parado,73.5,2.47,0
4480,  Bomba 01  ,Ligado,63.49,3.41,418
4481,Esteira 01 ,PARADO,72.81,3.19,0
4482,Motor 03  ,operando,75.96,3.04,215
4483,  Robô 01  ,Parado,69.72,3.41,0
4484,Bomba 02,Manutenção,71.4,4.37,10
4485,Bomba 01  ,Operando,63.78,5.05,281
4486,Motor 02,Operando,62.79,3.24,194
4487,  Esteira 02,parado,69.92,3.16,0
4488, Robô 01,Desligado,68.85,3.43,0
4489,  Motor 02  ,Manut.,66.88,2.48,28
4490,Motor 03  ,manutencao,76.81,3.01,2
4491,Bomba 01,OPERANDO,81.91,3.5,316
4492,Bomba 01,PARADO,66.32,2.04,0
4493, Bomba 01,Em manutenção,68.56,1.5,24
4494,Esteira 02 ,parado,64.14,0.48,0
4495,  Esteira 02  ,OPERANDO,82.24,1.39,287
4496,  Esteira 01  ,Em operação,53.49,4.85,207
4497,Robô 02,Parado,67.56,4.05,0
4498,  Esteira 01  ,Em operação,63.03,3.13,240
4499,Bomba 01  ,parado,89.86,4.98,0
4500, Robô 01,OPERANDO,77.95,2.48,371
4501,  Motor 03,Manutenção,73.7,2.81,0
4502,  Robô 01,Em manutenção,55.9,3.99,29
4503,  Bomba 01  ,MANUTENÇÃO,63.74,3.44,4
4504,Esteira 02,Manut.,61.53,2.35,13
4505,  Robô 01,Desligado,70.44,2.48,0
4506,Robô 02 ,PARADO,64.19,3.18,0
4507,Motor 03  ,Operando,62.74,2.37,189
4508,Bomba 02,MANUTENÇÃO,58.77,3.02,15
4509, Esteira 02,OPERANDO,68.29,5.09,387
4510,Esteira 01 ,Operando,64.43,4.08,369
4511,Bomba 02  ,OPERANDO,70.79,2.91,266
4512,Bomba 02 ,Fora de operação,66.52,2.16,0
4513,Bomba 01 ,Fora de operação,67.29,2.92,0
4514,  Bomba 02  ,manutencao,66.06,3.9,26
4515,Motor 02,operando,62.39,1.89,378
4516,Esteira 01  ,Desligado,70.45,3.37,0
4517,Esteira 01,Em manutenção,64.5,2.46,7
4518,  Bomba 01  ,Fora de operação,69.0,1.96,0
4519, Robô 01,manutencao,74.75,3.58,18
4520,Bomba 02  ,Operando,74.13,3.06,401
4521,Motor 01 ,Em manutenção,69.63,3.37,1
4522,Motor 03,OPERANDO,69.68,2.22,230
4523,Esteira 02,MANUTENÇÃO,66.21,2.35,0
4524,  Motor 02  ,parado,76.13,3.53,0
4525,  Robô 01,Operando,69.32,2.44,216
4526,  Motor 02  ,manutencao,61.78,2.18,1
4527, Motor 01,OPERANDO,77.02,3.69,206
4528,  Robô 02,Desligado,71.61,1.87,0
4529,Motor 01,operando,67.64,2.86,183
4530,Esteira 01 ,Manut.,78.83,2.39,7
4531,  Motor 02  ,PARADO,66.86,1.77,0
4532,  Compressor 01  ,Desligado,56.51,3.99,0
4533,  Motor 02  ,MANUTENÇÃO,54.78,4.58,24
4534,  Bomba 01  ,manutencao,58.33,1.98,1
4535,Robô 01 ,operando,62.01,2.7,342
4536,Compressor 01  ,Parado,77.61,1.43,0
4537,Motor 02,Ligado,73.17,2.86,266
4538, Robô 01,manutencao,72.79,3.87,5
4539,Robô 01  ,Manutenção,72.09,2.3,23
4540,  Motor 01,OPERANDO,68.74,1.77,194
4541,  Esteira 01,operando,70.12,2.94,187
4542,  Robô 01  ,Desligado,74.42,3.99,0
4543, Motor 03,Manut.,69.75,4.39,24
4544,  Robô 02  ,parado,66.93,4.26,0
4545,Motor 02  ,Ligado,53.71,3.28,190
4546,  Compressor 01,Desligado,76.81,1.48,0
4547, Motor 01,MANUTENÇÃO,66.72,3.27,23
4548,Robô 01 ,MANUTENÇÃO,58.6,4.71,16
4549,Motor 01,OPERANDO,60.95,1.89,255
4550, Esteira 01,Ligado,79.87,1.29,221
4551,  Motor 02,Fora de operação,88.52,3.85,0
4552,  Robô 02  ,MANUTENÇÃO,62.18,3.73,14
4553,  Esteira 02,Manutenção,60.16,3.27,14
4554,Bomba 01,parado,64.43,2.76,0
4555,Robô 02 ,manutencao,66.87,1.05,4
4556,Motor 02 ,Operando,65.81,1.2,409
4557, Esteira 02,parado,74.19,3.6,0
4558, Motor 01,Ligado,54.21,5.2,388
4559,Robô 01 ,Manut.,68.13,2.3,6
4560,Motor 02  ,Desligado,73.11,2.12,0
4561,Esteira 02  ,Em manutenção,66.31,3.46,0
4562,Motor 01 ,Manut.,72.76,3.76,25
4563,Motor 02,Parado,68.36,2.86,0
4564,Motor 02 ,Manut.,74.18,3.59,11
4565,  Robô 01,manutencao,64.2,4.63,7
4566,  Esteira 01  ,Em manutenção,79.82,2.32,7
4567,Esteira 02  ,operando,72.17,3.59,389
4568,Motor 02 ,Manut.,61.57,3.11,4
4569,Compressor 01  ,Em manutenção,71.42,1.46,27
4570,Motor 02 ,PARADO,67.13,4.01,0
4571, Motor 02,Desligado,68.95,0.94,0
4572,Compressor 01 ,MANUTENÇÃO,71.17,3.52,11
4573,  Robô 02,Desligado,72.41,3.65,0
4574,  Motor 03,Em manutenção,68.98,2.99,21
4575,  Robô 02,OPERANDO,67.99,4.07,219
4576,Esteira 02 ,parado,67.71,1.18,0
4577,Bomba 01 ,parado,68.14,1.99,0
4578,Motor 01 ,operando,65.46,3.18,232
4579,Motor 01  ,PARADO,71.95,3.79,0
4580,  Esteira 02  ,PARADO,57.17,2.82,0
4581,  Esteira 01,Manutenção,66.16,2.41,15
4582,Bomba 01 ,Ligado,55.1,2.77,407
4583,Compressor 01 ,Em manutenção,72.32,3.47,27
4584,  Bomba 01  ,PARADO,63.75,2.23,0
4585,Motor 03  ,OPERANDO,61.06,4.59,280
4586,  Robô 01,OPERANDO,70.52,2.7,312
4587,Esteira 02,PARADO,62.4,3.48,0
4588,  Motor 01,Manutenção,75.28,2.15,4
4589,Compressor 01,Em manutenção,69.42,2.51,10
4590,  Esteira 01  ,Desligado,73.93,2.89,0
4591,  Bomba 02  ,OPERANDO,64.72,3.5,408
4592,  Robô 01,manutencao,59.05,3.07,1
4593,  Bomba 02  ,manutencao,72.37,3.25,29
4594,  Robô 01,Fora de operação,65.13,2.54,0
4595,Bomba 01 ,MANUTENÇÃO,67.07,3.21,25
4596,  Motor 01  ,Desligado,75.94,2.63,0
4597,  Motor 03,Ligado,56.82,2.33,411
4598,Bomba 01  ,Em manutenção,50.64,3.87,24
4599,Motor 01 ,Ligado,62.24,1.61,285
4600,Compressor 01,manutencao,57.71,3.32,14
4601,  Compressor 01  ,Parado,64.7,3.59,0
4602,Motor 02  ,manutencao,70.38,2.54,25
4603,Robô 01 ,OPERANDO,71.48,2.16,400
4604,  Bomba 02  ,Em manutenção,74.73,4.28,5
4605,  Motor 01  ,OPERANDO,71.54,4.38,303
4606,Motor 02,MANUTENÇÃO,73.97,3.61,11
4607,  Compressor 01,Fora de operação,72.91,3.9,0
4608, Bomba 02,Operando,67.75,2.52,406
4609,Robô 01 ,operando,63.77,4.95,283
4610,Robô 02  ,Ligado,71.26,3.23,206
4611,Bomba 02  ,Operando,70.65,5.0,225
4612,Motor 03,Manut.,70.07,4.03,30
4613,Robô 02  ,Operando,83.08,4.67,248
4614,  Motor 03  ,parado,65.46,4.97,0
4615,  Motor 01,Desligado,69.66,3.16,0
4616,Compressor 01,Manut.,72.18,6.52,12
4617,  Esteira 01,Manut.,69.61,1.04,21
4618,Motor 01,Em operação,62.85,2.76,285
4619, Compressor 01,Em operação,72.9,2.61,237
4620,  Motor 02,OPERANDO,55.72,2.42,290
4621,Esteira 01  ,Operando,49.93,2.48,188
4622,Bomba 02 ,Em operação,80.4,3.87,337
4623,Robô 02  ,Parado,74.39,3.96,0
4624, Robô 02,OPERANDO,63.01,3.24,374
4625, Compressor 01,Desligado,69.66,2.65,0
4626,Robô 02,Em manutenção,62.07,3.7,1
4627,Esteira 02  ,Em manutenção,63.73,3.32,13
4628,  Bomba 02,parado,59.06,1.62,0
4629, Compressor 01,Desligado,62.96,2.36,0
4630,Esteira 01  ,PARADO,65.92,4.76,0
4631,Robô 02 ,Operando,66.77,3.11,399
4632,  Robô 01,Em operação,69.94,2.15,306
4633,  Bomba 01,Em manutenção,69.94,2.66,17
4634,  Motor 01  ,manutencao,74.98,2.5,26
4635,Motor 03  ,Operando,73.07,4.58,411
4636,Bomba 01 ,Manut.,70.8,1.82,8
4637,Esteira 02  ,Fora de operação,74.95,2.42,0
4638, Motor 03,Parado,72.09,2.9,0
4639,Motor 03,OPERANDO,67.09,3.47,219
4640,  Bomba 01  ,MANUTENÇÃO,60.29,4.81,1
4641,Motor 02  ,Manut.,64.28,0.2,9
4642,  Bomba 01  ,Manutenção,71.01,2.67,12
4643,Robô 02  ,Em manutenção,58.55,2.67,22
4644,Esteira 01  ,Ligado,67.17,2.35,404
4645,Motor 03 ,Em manutenção,67.37,5.34,18
4646, Bomba 02,Operando,67.62,2.88,324
4647,  Robô 01  ,Ligado,76.49,4.41,381
4648,Esteira 02 ,operando,71.86,4.22,293
4649,Bomba 01  ,parado,61.5,4.98,0
4650,Robô 02  ,OPERANDO,70.34,2.95,242
4651,  Compressor 01,Ligado,73.92,3.61,330
4652,Bomba 01 ,OPERANDO,68.11,3.17,226
4653,Robô 02 ,Manutenção,70.94,3.47,14
4654,Bomba 01  ,MANUTENÇÃO,70.05,3.41,12
4655,Compressor 01,manutencao,68.05,4.24,7
4656, Bomba 02,parado,70.43,2.47,0
4657, Bomba 01,Manutenção,72.95,1.98,12
4658,  Esteira 02,operando,70.09,2.77,186
4659,  Robô 02,operando,55.68,3.64,186
4660,Motor 01  ,Fora de operação,73.27,4.48,0
4661,Robô 01 ,Parado,70.92,2.54,0
4662, Esteira 01,manutencao,72.15,3.68,7
4663,Bomba 01 ,Operando,64.7,3.82,364
4664,Motor 03,Fora de operação,63.23,2.45,0
4665,Motor 01  ,Em manutenção,52.41,3.9,14
4666,Motor 03 ,PARADO,64.13,2.78,0
4667, Esteira 02,OPERANDO,75.12,2.88,240
4668,  Esteira 02  ,MANUTENÇÃO,62.09,1.71,17
4669,Motor 02  ,OPERANDO,65.37,0.47,257
4670,  Robô 01,PARADO,74.88,3.4,0
4671,Bomba 02  ,Ligado,81.02,2.61,373
4672,Motor 03  ,Fora de operação,74.39,3.01,0
4673,Motor 02 ,Em manutenção,65.22,2.87,10
4674,  Compressor 01  ,Desligado,58.01,0.91,0
4675,Esteira 02,Manut.,57.12,2.92,25
4676,  Bomba 01  ,Desligado,54.07,2.74,0
4677, Robô 01,MANUTENÇÃO,63.78,4.07,25
4678, Compressor 01,parado,67.32,2.92,0
4679,Robô 01 ,parado,56.8,3.26,0
4680,Motor 03 ,Em operação,79.38,2.18,343
4681,  Bomba 01  ,Parado,75.14,3.74,0
4682,Motor 03  ,OPERANDO,73.6,4.88,182
4683,Motor 02  ,OPERANDO,59.5,4.52,419
4684, Bomba 02,MANUTENÇÃO,71.38,2.53,5
4685,  Robô 01,Ligado,62.48,2.7,226
4686,Motor 01,Em manutenção,78.71,2.51,7
4687,Esteira 02,Em operação,63.07,2.84,182
4688,Motor 01  ,manutencao,63.06,2.27,26
4689,Compressor 01,OPERANDO,66.87,3.11,415
4690,Bomba 01,Fora de operação,64.04,3.6,0
4691,  Motor 02,Em manutenção,66.57,3.38,22
4692,Esteira 01  ,operando,78.25,3.62,327
4693, Esteira 01,Parado,67.71,1.86,0
4694, Motor 03,OPERANDO,64.68,4.17,202
4695, Robô 02,parado,73.46,1.87,0
4696,Bomba 02,Manut.,59.34,2.9,21
4697,Motor 01 ,parado,66.34,3.58,0
4698,Bomba 02,PARADO,80.98,2.79,0
4699,Bomba 02 ,Ligado,64.16,1.57,270
4700,Motor 01,Fora de operação,63.43,4.09,0
4701,Esteira 01 ,parado,78.05,4.1,0
4702, Motor 03,Manutenção,82.29,4.94,28
4703,  Esteira 01,operando,83.4,3.28,338
4704,Esteira 02 ,manutencao,73.24,3.69,4
4705,  Esteira 01  ,operando,62.69,3.62,389
4706,Esteira 02,Manut.,66.94,1.99,14
4707,  Compressor 01  ,Manut.,61.93,3.71,30
4708,Bomba 02,parado,70.02,2.57,0
4709,Esteira 02  ,Em operação,75.07,5.55,389
4710,  Esteira 02,MANUTENÇÃO,72.65,3.48,10
4711,Motor 02  ,Desligado,43.97,4.37,0
4712,Compressor 01  ,Fora de operação,63.04,2.86,0
4713,Motor 03,Manut.,71.39,4.22,14
4714,Esteira 02 ,MANUTENÇÃO,65.7,4.8,5
4715,Esteira 01 ,Parado,61.3,3.49,0
4716,Esteira 01  ,Em manutenção,62.88,3.59,18
4717, Motor 01,Parado,75.47,1.88,0
4718,  Bomba 01  ,Ligado,58.44,4.27,287
4719,Robô 01  ,Operando,65.48,4.2,230
4720,  Robô 01,manutencao,66.31,2.75,0
4721,Motor 01  ,Parado,69.04,5.12,0
4722,  Bomba 01,manutencao,71.06,2.89,12
4723, Esteira 02,Parado,68.8,1.76,0
4724,Motor 01  ,MANUTENÇÃO,68.6,4.31,8
4725,Bomba 02,Em operação,56.92,3.2,285
4726,Motor 02 ,Ligado,50.17,3.79,313
4727,Esteira 02 ,Ligado,60.22,3.37,276
4728,Motor 02  ,MANUTENÇÃO,57.3,3.54,27
4729,  Bomba 01,Em operação,77.81,1.92,213
4730, Bomba 02,parado,54.97,2.5,0
4731,Motor 02 ,Manutenção,63.87,4.57,16
4732,Bomba 01  ,manutencao,65.58,2.93,1
4733,  Motor 03,PARADO,70.76,2.82,0
4734,Motor 02,MANUTENÇÃO,60.72,3.0,22
4735,  Compressor 01  ,Em manutenção,70.61,2.26,9
4736,Esteira 01 ,parado,67.13,2.04,0
4737,Bomba 01,Ligado,64.92,2.06,414
4738,Bomba 02  ,Desligado,67.04,3.33,0
4739,  Compressor 01  ,PARADO,66.25,2.92,0
4740,  Bomba 02,manutencao,70.91,1.0,17
4741, Motor 03,manutencao,69.92,4.04,27
4742,Compressor 01  ,Manutenção,66.44,3.5,0
4743,  Robô 01,Desligado,62.52,2.25,0
4744,Esteira 01  ,MANUTENÇÃO,62.48,4.28,26
4745,  Motor 01,PARADO,67.08,1.8,0
4746,Esteira 01 ,Manutenção,71.18,1.68,22
4747,Robô 02  ,MANUTENÇÃO,59.97,3.22,23
4748,  Bomba 01  ,Parado,74.8,1.53,0
4749,Esteira 02  ,OPERANDO,69.25,3.48,296
4750,Motor 01 ,Manutenção,71.55,2.28,22
4751,Motor 02  ,Em manutenção,57.86,4.03,0
4752,  Bomba 02,Ligado,67.96,3.43,197
4753, Bomba 02,Fora de operação,76.54,2.47,0
4754,  Motor 01,Ligado,75.65,2.64,225
4755,Robô 01  ,operando,62.78,1.96,317
4756,  Motor 03,operando,60.25,2.71,262
4757, Esteira 01,PARADO,76.65,3.98,0
4758,Motor 01  ,parado,69.64,2.33,0
4759, Esteira 02,parado,63.5,2.79,0
4760,  Esteira 01  ,manutencao,58.04,2.27,21
4761,Esteira 01,Manutenção,69.32,0.61,9
4762,  Robô 02  ,Operando,72.01,3.71,324
4763,  Robô 02,PARADO,73.75,3.26,0
4764,Motor 03,Fora de operação,62.34,4.15,0
4765,Esteira 01,Parado,66.49,4.47,0
4766,Motor 03 ,Ligado,59.22,2.65,378
4767,  Esteira 02  ,MANUTENÇÃO,67.07,3.43,4
4768,  Motor 02,manutencao,59.97,2.85,16
4769,  Motor 01,Manutenção,59.83,4.1,21
4770,  Esteira 01  ,operando,61.4,4.3,328
4771,Motor 01,parado,63.87,2.48,0
4772,  Robô 02  ,Manutenção,75.56,4.62,16
4773,Motor 02 ,Operando,69.37,4.14,191
4774,  Motor 02,Operando,84.77,2.04,285
4775,Esteira 02,PARADO,70.44,2.64,0
4776,  Robô 01  ,Desligado,76.82,3.38,0
4777,  Motor 02,OPERANDO,59.99,3.81,333
4778,Bomba 02  ,OPERANDO,60.02,1.7,393
4779,Esteira 02  ,Parado,67.02,2.85,0
4780,  Motor 01,OPERANDO,56.78,2.95,266
4781, Robô 02,Manutenção,61.03,1.97,2
4782,  Motor 02,Desligado,83.46,3.13,0
4783,  Motor 02  ,Fora de operação,72.16,2.45,0
4784, Motor 02,MANUTENÇÃO,60.12,3.27,0
4785,Robô 01,Desligado,67.86,3.24,0
4786,Robô 02,PARADO,78.04,3.69,0
4787,  Motor 03,Ligado,60.22,1.27,251
4788, Esteira 02,Parado,69.25,2.17,0
4789,  Motor 03  ,Em operação,62.72,4.15,390
4790,Compressor 01,operando,71.95,4.57,255
4791,Motor 03 ,OPERANDO,63.29,2.29,284
4792,Robô 02,Fora de operação,80.49,4.32,0
4793,  Esteira 01,Parado,67.04,3.74,0
4794,Esteira 02  ,PARADO,56.34,4.13,0
4795, Motor 01,Fora de operação,58.53,4.28,0
4796, Motor 01,Manut.,67.14,2.36,10
4797,  Motor 03  ,Em operação,73.33,3.34,358
4798,Bomba 02 ,Desligado,67.27,1.55,0
4799,Compressor 01 ,MANUTENÇÃO,76.86,2.56,7
4800,  Bomba 02  ,Em operação,75.06,1.3,319
4801,Motor 03,Parado,73.4,2.18,0
4802, Compressor 01,Desligado,55.71,4.83,0
4803,  Bomba 02,OPERANDO,84.81,3.09,239
4804,Bomba 02,parado,60.59,3.74,0
4805,Robô 02  ,parado,66.42,3.48,0
4806,Bomba 01  ,Em operação,59.64,2.63,413
4807, Motor 03,manutencao,72.12,3.34,19
4808,  Robô 01,OPERANDO,70.63,3.99,338
4809,Motor 03,parado,64.64,3.29,0
4810,Compressor 01  ,Fora de operação,63.2,3.45,0
4811,  Bomba 01,Fora de operação,82.25,2.9,0
4812,  Robô 02  ,Em manutenção,75.79,4.93,19
4813, Robô 01,Ligado,63.19,4.25,302
4814,Bomba 02  ,Desligado,59.02,3.36,0
4815, Robô 02,Parado,73.46,2.56,0
4816,Esteira 02,Ligado,66.87,3.72,313
4817,Esteira 02  ,Em manutenção,67.12,3.99,19
4818,  Robô 01  ,Ligado,76.36,2.9,219
4819,  Motor 03,Operando,81.67,3.49,254
4820,Esteira 02,Manutenção,77.74,2.9,29
4821, Bomba 02,Em manutenção,58.39,1.99,2
4822,  Esteira 02  ,Manutenção,59.75,1.44,27
4823,  Esteira 02  ,Manut.,62.49,2.83,3
4824, Motor 01,Desligado,70.09,2.02,0
4825,  Motor 03  ,Em manutenção,63.41,2.96,18
4826,Robô 02  ,parado,58.85,1.61,0
4827,Bomba 02 ,OPERANDO,66.5,1.62,358
4828,Motor 03 ,Manut.,76.73,3.2,22
4829,Motor 03,Desligado,69.61,3.93,0
4830,Esteira 01,Fora de operação,87.19,1.8,0
4831,Bomba 02  ,MANUTENÇÃO,80.42,4.54,17
4832,  Robô 02,OPERANDO,74.82,2.44,391
4833,Robô 01,Manutenção,73.71,3.03,17
4834,Motor 03,operando,60.42,3.26,340
4835,  Motor 01,Fora de operação,64.3,3.35,0
4836,  Robô 01,Fora de operação,63.0,4.09,0
4837,Esteira 02,Em operação,67.22,5.47,305
4838,Esteira 02,manutencao,69.59,3.71,2
4839,  Esteira 01,Manutenção,56.98,1.78,3
4840,Motor 01,PARADO,62.38,3.14,0
4841,Motor 03,PARADO,73.48,3.05,0
4842,  Esteira 01,operando,67.56,1.41,225
4843, Motor 01,manutencao,62.11,4.31,26
4844,Robô 02  ,manutencao,71.2,3.39,15
4845, Esteira 01,PARADO,72.7,3.31,0
4846,Motor 03 ,Em manutenção,72.61,3.08,14
4847,Esteira 02  ,Fora de operação,72.56,3.1,0
4848,Bomba 02,PARADO,66.99,1.86,0
4849, Motor 03,Parado,82.79,2.91,0
4850,  Motor 01  ,Em manutenção,60.94,3.26,24
4851,Robô 02,MANUTENÇÃO,65.19,3.15,29
4852,Robô 01 ,operando,61.86,3.18,348
4853,Motor 03  ,Fora de operação,63.83,3.75,0
4854, Bomba 02,Em operação,79.49,3.52,322
4855,Bomba 01  ,Operando,62.1,4.14,200
4856,Motor 02 ,Manut.,69.77,2.43,22
4857,  Robô 02,Manutenção,60.68,4.11,3
4858,Bomba 02,Manutenção,59.09,3.16,1
4859,Esteira 02,Fora de operação,67.34,4.98,0
4860,  Motor 01  ,Em operação,64.46,3.88,318
4861,Esteira 02,MANUTENÇÃO,67.14,5.37,22
4862, Robô 01,OPERANDO,74.6,3.71,354
4863,Esteira 01  ,parado,63.75,3.47,0
4864, Motor 01,Desligado,58.01,4.44,0
4865,  Robô 01,Manutenção,76.34,2.65,22
4866,  Motor 01  ,PARADO,65.92,3.07,0
4867,Bomba 02 ,OPERANDO,62.05,2.53,410
4868,Bomba 02 ,manutencao,58.25,3.62,27
4869,  Esteira 01  ,Ligado,63.0,3.97,231
4870, Motor 01,Fora de operação,72.89,3.02,0
4871,Motor 01  ,Manut.,64.68,3.08,24
4872,  Bomba 02,Operando,48.89,3.01,322
4873,Compressor 01,Fora de operação,76.57,5.52,0
4874,Motor 02  ,manutencao,60.45,2.27,23
4875, Esteira 02,operando,75.86,3.92,413
4876,  Motor 03,parado,72.11,3.63,0
4877,Esteira 02  ,Parado,61.05,2.76,0
4878, Bomba 02,OPERANDO,65.14,2.69,347
4879,Bomba 02,Em operação,79.53,3.03,352
4880, Motor 03,Operando,63.31,4.35,300
4881,  Motor 01,PARADO,73.35,2.82,0
4882,Esteira 02 ,PARADO,64.39,0.6,0
4883,Motor 01  ,Manutenção,76.36,2.02,29
4884,Esteira 01,PARADO,67.03,2.27,0
4885,Motor 02  ,Fora de operação,64.22,3.73,0
4886,  Esteira 02,Manut.,70.35,1.36,13
4887,  Motor 03,OPERANDO,67.12,4.66,327
4888,Bomba 02,Parado,67.13,3.26,0
4889,Bomba 02,manutencao,65.76,3.06,11
4890,Compressor 01  ,Manut.,62.37,3.32,12
4891,  Robô 01,Operando,60.78,4.7,280
4892,Esteira 01,parado,61.08,3.75,0
4893,Motor 01 ,Operando,72.92,3.99,344
4894,  Motor 02  ,Manutenção,54.97,3.92,19
4895,Robô 01  ,operando,71.88,3.15,191
4896,Robô 02,OPERANDO,77.73,3.69,343
4897, Motor 01,Parado,73.33,4.13,0
4898, Bomba 01,manutencao,72.17,5.37,24
4899,Bomba 01  ,PARADO,64.78,2.2,0
4900,Motor 02  ,Manutenção,75.32,0.74,1
4901,Motor 01  ,manutencao,64.97,3.04,27
4902,Compressor 01 ,Manut.,70.23,2.03,9
4903,Bomba 01 ,MANUTENÇÃO,65.56,4.5,30
4904,Motor 03,Parado,65.01,4.34,0
4905,Robô 02 ,manutencao,65.62,3.97,16
4906,Motor 02,Desligado,75.94,3.23,0
4907,Robô 01  ,parado,63.25,3.86,0
4908,Esteira 01 ,Manut.,70.03,2.41,10
4909,  Bomba 02,OPERANDO,73.33,2.1,355
4910, Bomba 01,operando,58.82,3.15,260
4911,  Bomba 02,Operando,68.22,4.92,206
4912, Bomba 02,Em operação,65.32,3.04,182
4913,  Esteira 02,Em manutenção,59.51,1.8,28
4914,Bomba 02,OPERANDO,71.12,4.79,196
4915,Bomba 01  ,Parado,73.68,3.26,0
4916,  Esteira 01  ,Operando,71.61,3.4,365
4917,  Motor 02,PARADO,69.21,2.29,0
4918,Motor 01 ,Desligado,64.67,3.23,0
4919, Motor 03,Em operação,65.45,3.75,331
4920,Bomba 01 ,PARADO,64.82,2.96,0
4921,Bomba 02 ,manutencao,66.86,2.41,21
4922,  Bomba 01  ,Manut.,64.71,3.17,23
4923,Compressor 01,Fora de operação,69.61,2.93,0
4924,  Robô 01  ,Fora de operação,59.67,2.89,0
4925,  Esteira 02  ,parado,60.52,2.59,0
4926,Bomba 02,Desligado,68.35,5.15,0
4927,  Robô 02,Em operação,60.75,2.18,281
4928,Robô 01,Parado,66.14,2.81,0
4929, Motor 03,manutencao,62.33,1.28,25
4930,Motor 02  ,Em operação,67.03,3.21,344
4931,Motor 02  ,OPERANDO,71.9,4.27,290
4932, Compressor 01,Ligado,71.78,4.81,356
4933,  Robô 02  ,PARADO,69.46,4.57,0
4934,Esteira 01  ,Em manutenção,62.52,3.54,5
4935, Robô 01,Parado,67.26,3.7,0
4936,  Bomba 02,parado,60.04,2.2,0
4937,Motor 03 ,OPERANDO,52.45,3.93,339
4938, Motor 03,manutencao,60.79,2.9,4
4939, Motor 01,Ligado,66.43,2.91,204
4940,  Esteira 02  ,Operando,75.89,3.65,238
4941,Motor 03  ,Em operação,65.7,3.77,256
4942,  Compressor 01  ,operando,60.24,2.35,407
4943,Robô 02,MANUTENÇÃO,64.07,2.31,10
4944,Motor 02 ,Em manutenção,66.25,4.01,28
4945,Bomba 02,Manut.,72.53,2.7,18
4946,Robô 02  ,operando,72.29,5.52,211
4947,Motor 01,manutencao,73.1,1.57,7
4948,  Esteira 01  ,OPERANDO,71.73,4.64,340
4949, Motor 03,PARADO,59.54,3.45,0
4950,Esteira 01,parado,73.3,2.32,0
4951,  Motor 01,parado,77.21,2.4,0
4952,  Motor 01,Operando,68.76,4.01,240
4953,Bomba 02,Parado,63.79,2.7,0
4954,Robô 01 ,OPERANDO,64.98,2.79,390
4955,  Motor 01  ,PARADO,68.5,2.29,0
4956, Motor 01,Manut.,65.65,3.1,20
4957,  Bomba 02,MANUTENÇÃO,67.45,1.91,13
4958,  Compressor 01,OPERANDO,55.97,4.75,395
4959, Bomba 02,Operando,69.89,2.47,283
4960,Esteira 01  ,Manutenção,76.87,2.94,25
4961,Bomba 02 ,parado,66.25,2.29,0
4962,Compressor 01 ,Parado,58.66,2.29,0
4963,Esteira 01,Desligado,84.57,1.83,0
4964,  Robô 02  ,PARADO,66.88,1.19,0
4965,Esteira 02  ,MANUTENÇÃO,75.36,3.73,22
4966,  Robô 01,Operando,58.75,2.36,260
4967,Bomba 01,Em manutenção,64.82,4.62,21
4968, Esteira 01,Em manutenção,54.69,4.11,9
4969, Esteira 01,OPERANDO,66.44,0.38,245
4970,Bomba 02,OPERANDO,75.98,4.04,329
4971,  Robô 01  ,operando,58.81,1.24,264
4972,Robô 02 ,Desligado,71.59,2.81,0
4973,Motor 01,manutencao,76.53,3.78,13
4974, Motor 03,Manut.,70.28,4.35,16
4975,  Esteira 02,Em operação,73.86,4.96,343
4976,Motor 03 ,parado,64.48,1.48,0
4977,Compressor 01,Em manutenção,58.77,3.0,4
4978, Motor 03,PARADO,58.32,2.9,0
4979,Compressor 01,Parado,56.67,0.86,0
4980,Esteira 02,parado,60.17,2.96,0
4981,  Motor 02  ,Ligado,65.27,2.37,344
4982,  Bomba 01,Em operação,47.88,3.66,333
4983,Robô 01 ,parado,77.43,3.33,0
4984,  Robô 01,Manutenção,61.8,3.37,24
4985, Bomba 02,Manut.,64.73,2.43,0
4986,  Robô 02,OPERANDO,70.8,4.82,192
4987,Robô 01,Fora de operação,72.3,2.39,0
4988,  Bomba 02,OPERANDO,74.28,3.15,271
4989,  Bomba 01  ,PARADO,64.14,2.16,0
4990,Esteira 02 ,PARADO,62.69,2.05,0
4991,Bomba 02 ,Parado,67.07,2.16,0
4992,Compressor 01 ,operando,71.3,3.07,300
4993,Bomba 02 ,Operando,73.91,3.14,294
4994,Bomba 01  ,MANUTENÇÃO,71.63,1.41,27
4995,Motor 03 ,Manutenção,69.52,3.24,12
4996,Bomba 01 ,Parado,70.41,3.48,0
4997,Esteira 02 ,Em operação,74.62,3.6,336
4998,Compressor 01 ,Operando,75.41,4.62,231
4999,Esteira 01  ,parado,88.11,1.24,0
5000,Motor 01  ,MANUTENÇÃO,67.64,3.97,15
5001,  Motor 01  ,operando,50.13,3.84,284
5002,Esteira 01,Manut.,57.82,1.83,8
5003, Motor 03,Desligado,65.46,2.82,0
5004,  Motor 01  ,Parado,65.98,1.86,0
5005, Robô 01,Operando,79.06,2.92,251
5006, Motor 02,Em operação,66.46,2.96,377
5007,  Bomba 02  ,operando,70.55,2.08,304
5008,  Robô 02,OPERANDO,70.42,2.34,219
5009,Robô 01 ,operando,68.74,4.06,249
5010,Robô 01,Em operação,66.15,3.37,232
5011,  Bomba 01,MANUTENÇÃO,64.87,2.31,16
5012,Motor 01  ,Parado,57.01,3.12,0
5013,Esteira 01  ,Em operação,60.5,1.22,329
5014,Robô 01,OPERANDO,62.93,2.21,223
5015,Robô 02 ,Em operação,75.55,4.72,399
5016, Motor 01,operando,61.78,4.08,375
5017,Motor 03 ,Desligado,64.45,4.98,0
5018,  Motor 01,Ligado,69.26,2.62,238
5019,Motor 02  ,manutencao,59.78,3.51,9
5020,  Robô 01,PARADO,62.66,3.82,0
5021,  Motor 02  ,Em operação,80.7,3.97,368
5022,  Esteira 02  ,Desligado,66.17,2.44,0
5023,Robô 01  ,MANUTENÇÃO,64.82,1.21,10
5024,  Robô 01,manutencao,50.58,2.89,3
5025,  Robô 02,OPERANDO,67.4,4.8,223
5026,Bomba 02,manutencao,60.01,1.85,12
5027,Robô 02 ,OPERANDO,54.07,3.58,254
5028, Robô 01,operando,71.43,2.22,359
5029,  Motor 01,parado,70.89,4.32,0
5030,Motor 02 ,operando,75.54,2.96,408
5031,  Motor 02,Desligado,61.15,3.1,0
5032,  Motor 03,Em manutenção,62.88,3.8,9
5033,Bomba 02  ,Desligado,65.73,2.98,0
5034, Bomba 02,Ligado,74.52,4.3,236
5035,Compressor 01,PARADO,55.02,1.4,0
5036, Motor 01,Manut.,70.75,4.09,26
5037,Robô 02,Operando,63.77,1.38,289
5038,Bomba 01 ,Em manutenção,69.68,1.91,20
5039,Compressor 01,Manutenção,71.34,2.58,14
5040,Compressor 01  ,Parado,66.22,2.73,0
5041,  Compressor 01,PARADO,65.16,3.72,0
5042,Robô 01,Em manutenção,73.34,2.23,19
5043,  Motor 01,manutencao,69.09,4.26,11
5044,Robô 02,Parado,64.58,3.11,0
5045,Robô 02 ,Parado,57.43,3.01,0
5046, Bomba 02,parado,69.23,2.49,0
5047,Esteira 02  ,Desligado,62.55,3.34,0
5048, Motor 01,Operando,64.21,2.17,218
5049,Esteira 01  ,parado,65.15,2.53,0
5050,Robô 02,Manutenção,73.72,1.77,17
5051,Robô 01,OPERANDO,76.1,2.47,318
5052,  Robô 01  ,parado,74.04,1.67,0
5053,Motor 02  ,MANUTENÇÃO,75.49,4.45,20
5054,Compressor 01,Manut.,57.95,4.02,27
5055,Robô 02,Em manutenção,72.67,3.85,4
5056,  Esteira 01,MANUTENÇÃO,72.38,4.11,12
5057,Robô 01  ,Manut.,67.67,3.9,22
5058,  Robô 01  ,Manut.,73.03,1.91,19
5059,Compressor 01,Ligado,66.53,2.81,305
5060,  Bomba 01,Desligado,56.5,1.79,0
5061, Esteira 01,Parado,62.36,3.96,0
5062,  Compressor 01,Ligado,66.23,1.4,395
5063,Esteira 01,Parado,62.27,4.34,0
5064,  Bomba 01,Manutenção,72.45,2.57,20
5065,Motor 02  ,PARADO,59.25,2.09,0
5066,Esteira 01  ,Em operação,65.62,2.31,191
5067,Esteira 02 ,Desligado,63.8,2.99,0
5068,Motor 02 ,operando,64.11,4.17,193
5069, Motor 02,Manut.,68.47,4.53,10
5070, Motor 01,parado,59.61,2.86,0
5071,  Bomba 01  ,MANUTENÇÃO,54.18,4.55,17
5072,Robô 02,manutencao,76.72,3.43,28
5073,Compressor 01  ,PARADO,53.16,2.62,0
5074, Motor 03,Manutenção,79.47,2.8,20
5075,Esteira 02 ,parado,61.54,3.04,0
5076,Compressor 01  ,MANUTENÇÃO,62.81,5.24,7
5077,  Bomba 02  ,Em manutenção,61.71,3.47,0
5078,  Motor 02,Ligado,75.92,2.57,302
5079,  Esteira 01,Desligado,59.59,1.39,0
5080,Bomba 01  ,PARADO,59.7,4.27,0
5081,Motor 03  ,Manut.,65.86,2.56,14
5082,Esteira 01,Desligado,59.97,3.89,0
5083,  Esteira 01  ,Operando,75.61,4.53,264
5084,Robô 01 ,Manut.,65.34,2.28,5
5085, Esteira 01,OPERANDO,64.9,4.02,368
5086,Bomba 01,Desligado,60.44,4.44,0
5087, Robô 01,Fora de operação,60.66,3.51,0
5088, Compressor 01,Em operação,65.22,4.05,300
5089,  Esteira 02,OPERANDO,66.08,2.19,341
5090,Robô 02 ,Desligado,66.39,3.51,0
5091,Compressor 01 ,manutencao,81.65,2.15,3
5092,Bomba 02,PARADO,68.14,3.1,0
5093, Motor 03,operando,63.9,3.06,324
5094,Robô 01,Manutenção,69.9,2.39,3
5095,Esteira 01 ,Em manutenção,65.83,4.23,22
5096,  Motor 01  ,Fora de operação,66.71,4.39,0
5097,  Compressor 01,Em operação,90.08,3.64,331
5098,Motor 03  ,parado,64.61,4.48,0
5099, Esteira 01,MANUTENÇÃO,78.72,2.37,13
5100,  Bomba 01  ,Operando,58.02,2.44,278
5101,Motor 03,Desligado,72.61,2.44,0
5102,  Compressor 01,operando,61.48,2.53,286
5103,  Bomba 02,operando,91.14,3.13,371
5104, Bomba 02,Em operação,74.89,5.27,188
5105, Motor 03,OPERANDO,58.73,0.59,248
5106,Robô 02  ,Desligado,81.55,3.63,0
5107,  Esteira 01  ,PARADO,75.75,2.88,0
5108,  Bomba 02,Parado,66.06,2.98,0
5109,  Compressor 01,Fora de operação,70.58,3.35,0
5110,Esteira 02 ,Em manutenção,62.39,3.56,0
5111, Robô 02,Ligado,67.41,5.08,196
5112,Compressor 01 ,Em manutenção,61.76,3.68,28
5113, Esteira 02,Em manutenção,71.65,1.39,3
5114,  Robô 01,Ligado,63.34,3.13,235
5115,Motor 02  ,Fora de operação,68.33,2.18,0
5116,Bomba 02  ,Manutenção,62.3,4.24,5
5117,  Motor 03,Manutenção,54.35,3.83,8
5118,Motor 02 ,Fora de operação,71.69,3.29,0
5119,Robô 01 ,Operando,78.37,2.82,265
5120,Bomba 01,manutencao,66.16,2.43,29
5121,Esteira 02 ,Manut.,61.19,1.24,12
5122, Compressor 01,OPERANDO,58.52,2.84,326
5123,Motor 01 ,PARADO,67.55,0.6,0
5124,Motor 02 ,Manut.,62.61,3.85,23
5125,Motor 02 ,Manutenção,57.83,3.25,6
5126,Motor 03 ,operando,75.13,4.12,330
5127,Compressor 01  ,Desligado,54.24,3.49,0
5128,Esteira 01,OPERANDO,67.63,3.01,183
5129,Robô 02 ,Em operação,67.32,4.27,291
5130,Bomba 02,Desligado,70.71,4.55,0
5131,Bomba 01  ,Operando,77.44,3.69,317
5132, Compressor 01,operando,63.49,4.32,263
5133,Motor 02,Em operação,68.06,4.24,285
5134,  Motor 03  ,operando,68.14,3.04,384
5135,Robô 01,Desligado,64.95,3.18,0
5136,  Bomba 02  ,Desligado,64.47,3.87,0
5137,  Bomba 01,Em manutenção,76.49,3.57,20
5138, Motor 01,Em manutenção,58.73,3.68,6
5139,  Esteira 01  ,operando,63.2,3.66,360
5140,Esteira 01,parado,71.38,3.23,0
5141, Motor 01,Desligado,61.25,3.48,0
5142,  Bomba 01  ,Operando,59.96,1.12,215
5143,Motor 03 ,manutencao,71.77,3.57,4
5144,  Motor 01,parado,63.76,3.16,0
5145,Motor 02 ,Parado,66.35,1.81,0
5146,Motor 01,Em manutenção,54.93,4.32,6
5147, Robô 01,OPERANDO,69.5,3.51,189
5148,Motor 01 ,Ligado,73.33,2.13,227
5149,Motor 03,Parado,59.65,4.11,0
5150,  Motor 02  ,manutencao,65.37,2.9,2
5151, Motor 02,Em operação,62.32,2.95,327
5152, Motor 02,Ligado,62.81,2.36,312
5153,Bomba 02,MANUTENÇÃO,68.15,3.83,19
5154,Esteira 02 ,Em manutenção,73.72,1.94,10
5155, Motor 03,Em operação,69.78,4.03,377
5156,Esteira 02  ,PARADO,66.37,3.14,0
5157,Esteira 02  ,Desligado,62.85,3.38,0
5158,  Motor 03  ,Operando,65.82,1.79,271
5159,  Esteira 01,MANUTENÇÃO,57.01,3.53,20
5160,Esteira 01 ,Manutenção,58.06,2.47,11
5161,Motor 03  ,PARADO,70.18,2.28,0
5162,Motor 02 ,manutencao,70.03,3.98,30
5163,Bomba 02 ,Em manutenção,60.28,4.78,8
5164,  Compressor 01,OPERANDO,63.4,3.65,343
5165,Robô 01,Fora de operação,73.28,2.58,0
5166,Motor 02 ,PARADO,68.37,2.16,0
5167,  Esteira 01,Em manutenção,61.13,2.63,9
5168,Compressor 01 ,Manut.,67.69,2.04,10
5169,Esteira 01 ,Ligado,56.95,2.52,359
5170, Bomba 02,MANUTENÇÃO,59.04,1.83,17
5171,  Bomba 01  ,Ligado,69.67,3.65,413
5172,  Bomba 02,Manut.,62.08,2.64,10
5173,Compressor 01,OPERANDO,58.16,1.55,358
5174, Bomba 02,manutencao,55.57,1.46,10
5175, Esteira 02,Manutenção,64.99,4.33,16
5176, Bomba 02,Manutenção,60.62,2.62,3
5177,  Bomba 02  ,Desligado,72.44,4.13,0
5178,  Robô 02  ,Ligado,58.28,1.99,374
5179,  Robô 01  ,operando,61.36,3.57,237
5180,Robô 01,operando,57.42,4.18,347
5181,  Esteira 01  ,PARADO,71.46,3.5,0
5182, Compressor 01,PARADO,68.66,3.36,0
5183,Motor 03,operando,65.56,4.46,388
5184,Compressor 01  ,Manut.,64.87,1.86,4
5185,  Bomba 02  ,Em operação,63.87,2.88,211
5186,  Esteira 02,MANUTENÇÃO,70.95,4.71,25
5187,  Compressor 01,OPERANDO,64.49,3.82,216
5188,  Robô 02  ,OPERANDO,58.66,4.1,268
5189, Bomba 02,Manut.,70.8,1.86,14
5190,  Motor 03  ,Manut.,56.08,2.18,20
5191,Esteira 02,Ligado,59.77,3.9,309
5192,  Motor 02  ,operando,70.02,4.04,413
5193,  Bomba 02  ,Em operação,64.25,2.92,284
5194,  Compressor 01  ,Operando,54.52,4.2,237
5195,Esteira 01 ,Ligado,65.54,2.95,279
5196, Motor 02,Parado,69.0,1.83,0
5197,  Motor 02,MANUTENÇÃO,65.21,1.83,8
5198,Robô 02,MANUTENÇÃO,67.13,2.44,7
5199,Esteira 02 ,Ligado,56.75,3.32,393
5200,  Compressor 01  ,MANUTENÇÃO,69.96,4.56,17
5201,Motor 02 ,Operando,71.02,1.98,356
5202,Esteira 02,manutencao,69.49,3.25,13
5203,Compressor 01  ,Ligado,88.76,3.85,412
5204,Robô 01,operando,51.56,4.69,328
5205,  Robô 02  ,Manutenção,68.36,3.21,27
5206,  Esteira 02  ,Manut.,80.11,2.11,1
5207,Motor 03  ,Desligado,70.54,2.19,0
5208,Bomba 02,parado,89.94,1.19,0
5209,Motor 02  ,Fora de operação,72.64,3.3,0
5210, Motor 02,Em operação,55.47,3.08,264
5211,Esteira 02  ,Em operação,84.92,0.93,233
5212, Bomba 01,operando,57.37,3.8,324
5213,  Motor 02,Em manutenção,75.69,2.6,6
5214,  Robô 01,Operando,77.8,3.95,205
5215,  Motor 02,operando,68.09,3.62,360
5216,Motor 02  ,Manutenção,62.05,4.91,0
5217,Motor 03 ,Manut.,53.29,3.55,5
5218,Robô 01  ,MANUTENÇÃO,63.75,2.42,3
5219,Motor 03  ,PARADO,70.5,2.42,0
5220,  Motor 03,Manut.,63.08,1.47,19
5221,  Esteira 01,PARADO,70.92,2.32,0
5222,Bomba 02 ,Em manutenção,58.4,3.69,7
5223,Robô 01,Operando,74.16,2.52,337
5224,  Motor 02  ,parado,73.62,4.01,0
5225, Esteira 02,Ligado,64.78,2.71,252
5226,Motor 01,manutencao,68.24,5.34,6
5227,Bomba 01,parado,60.88,2.49,0
5228,  Motor 03,operando,62.55,3.52,268
5229, Bomba 01,Parado,71.61,4.4,0
5230,Esteira 02,Operando,71.27,3.83,304
5231,  Motor 02  ,PARADO,58.84,2.42,0
5232,Robô 02 ,Desligado,51.84,2.75,0
5233,  Bomba 02,Fora de operação,65.16,4.37,0
5234, Robô 02,Operando,70.25,3.19,340
5235,  Bomba 01,PARADO,61.04,4.31,0
5236, Bomba 02,Parado,61.55,3.99,0
5237, Motor 03,PARADO,65.08,2.78,0
5238,  Motor 03,parado,73.82,4.18,0
5239,Bomba 02 ,Operando,66.2,5.13,301
5240,  Motor 01  ,Operando,79.01,4.09,347
5241,Esteira 02,Em manutenção,70.54,6.0,12
5242,  Robô 01  ,parado,70.5,2.5,0
5243,  Robô 01,MANUTENÇÃO,72.11,1.19,0
5244,  Bomba 02,Desligado,58.52,2.23,0
5245,  Motor 02,OPERANDO,66.15,3.07,284
5246, Motor 03,Desligado,66.33,2.6,0
5247, Motor 03,Ligado,69.47,3.54,224
5248, Robô 01,Em operação,72.63,3.17,263
5249,Motor 03  ,Ligado,61.01,4.16,332
5250,Esteira 02,Operando,66.72,3.38,372
5251,Robô 01 ,PARADO,64.26,2.8,0
5252,Bomba 01,manutencao,70.94,3.6,21
5253,Motor 01 ,Ligado,61.91,4.68,293
5254, Motor 03,MANUTENÇÃO,61.17,2.05,29
5255,  Motor 01,Em operação,75.03,4.15,350
5256,  Bomba 01,Desligado,76.39,2.94,0
5257,Compressor 01  ,Ligado,82.73,3.52,184
5258,Motor 02,Manut.,63.98,4.43,29
5259, Bomba 01,Em operação,72.57,3.52,374
5260,Motor 03  ,MANUTENÇÃO,80.42,1.82,8
5261,  Esteira 02,Desligado,60.5,3.69,0
5262,Motor 03  ,Operando,71.54,4.38,352
5263,Robô 01  ,Ligado,71.91,3.2,268
5264,Compressor 01  ,Manutenção,66.61,2.88,7
5265,Compressor 01  ,Fora de operação,68.5,1.63,0
5266, Motor 02,Em manutenção,61.01,1.74,22
5267,Compressor 01 ,Manut.,71.5,2.73,23
5268,Bomba 02  ,Fora de operação,79.8,3.26,0
5269,Robô 01 ,Parado,77.55,2.21,0
5270,Robô 02  ,Em operação,66.54,2.91,374
5271, Esteira 02,Fora de operação,67.2,3.08,0
5272,Bomba 02  ,parado,64.98,2.97,0
5273,Esteira 02 ,Manut.,72.47,4.22,17
5274,Bomba 02,parado,69.02,3.23,0
5275,  Bomba 01,PARADO,67.45,4.2,0
5276,Esteira 02 ,PARADO,69.29,2.84,0
5277, Bomba 01,PARADO,53.27,4.27,0
5278,  Bomba 02  ,Desligado,75.45,3.66,0
5279,Robô 01,OPERANDO,60.78,4.21,311
5280, Esteira 02,PARADO,65.36,1.74,0
5281,  Motor 03  ,Fora de operação,70.41,2.42,0
5282,  Esteira 02,MANUTENÇÃO,74.24,1.41,5
5283,Bomba 01,Desligado,66.11,3.73,0
5284,Motor 03 ,OPERANDO,68.95,4.27,376
5285,Motor 01 ,operando,63.52,3.25,208
5286,Bomba 01 ,Ligado,73.6,2.74,207
5287,Bomba 01  ,Parado,64.73,3.85,0
5288,Robô 02,parado,70.78,4.14,0
5289,Bomba 02,OPERANDO,65.84,4.05,195
5290, Esteira 01,Ligado,61.63,1.94,266
5291,Robô 02 ,Parado,69.08,3.74,0
5292,Motor 02 ,Manutenção,54.59,2.67,16
5293, Bomba 02,Operando,64.15,5.27,215
5294,  Robô 02,parado,72.84,4.99,0
5295,Robô 02  ,operando,64.01,3.26,255
5296,Motor 03  ,OPERANDO,67.77,2.9,202
5297,  Bomba 02,Desligado,70.92,2.83,0
5298,Motor 02 ,Manutenção,67.25,3.72,12
5299,Bomba 02  ,Ligado,45.9,3.58,181
5300, Bomba 02,OPERANDO,71.93,1.59,235
5301, Motor 02,Fora de operação,68.18,3.35,0
5302,Robô 01 ,Operando,67.85,3.38,204
5303,Robô 02,operando,58.09,2.44,234
5304,Bomba 01  ,Ligado,58.93,3.18,334
5305,Motor 01,Operando,64.29,2.59,328
5306,  Bomba 01,operando,63.81,3.55,267
5307,  Bomba 02  ,manutencao,62.19,1.71,2
5308,  Robô 01  ,Parado,61.25,4.17,0
5309,  Motor 01  ,PARADO,58.43,2.43,0
5310, Motor 03,Operando,64.3,4.8,366
5311, Esteira 01,manutencao,68.76,5.65,20
5312,  Compressor 01,Manut.,69.38,1.42,9
5313,  Bomba 01,Em operação,61.62,3.4,242
5314,Compressor 01,MANUTENÇÃO,66.4,1.72,30
5315, Bomba 01,Manutenção,55.37,1.65,29
5316,  Motor 02  ,PARADO,74.3,2.93,0
5317,  Bomba 02  ,parado,63.55,3.88,0
5318,  Compressor 01  ,Manut.,67.16,2.73,0
5319, Robô 02,Desligado,76.3,3.9,0
5320,  Bomba 01,Desligado,76.7,3.6,0
5321,Robô 02,OPERANDO,68.79,3.38,209
5322,  Bomba 02,Manutenção,51.67,2.43,0
5323,  Bomba 02  ,Em manutenção,59.68,3.25,10
5324, Esteira 01,OPERANDO,69.57,4.19,318
5325,Bomba 01  ,OPERANDO,70.44,3.34,389
5326,  Robô 01  ,Em operação,62.96,2.34,236
5327,Compressor 01,operando,66.1,3.66,259
5328,Esteira 01,Operando,78.41,3.4,296
5329, Bomba 01,Fora de operação,67.13,1.81,0
5330, Motor 03,manutencao,65.45,2.46,8
5331,Bomba 02 ,Fora de operação,62.51,2.11,0
5332,  Bomba 02,Fora de operação,71.78,5.67,0
5333,  Robô 01  ,Em operação,75.18,3.99,231
5334,  Compressor 01,Parado,53.9,2.22,0
5335, Bomba 01,Manut.,64.99,3.06,3
5336,  Esteira 02  ,Em manutenção,73.81,3.29,11
5337,  Motor 03  ,parado,63.51,3.5,0
5338, Compressor 01,Em manutenção,68.93,2.86,4
5339, Compressor 01,Em operação,64.41,3.94,386
5340,  Esteira 01,Em manutenção,62.37,3.85,29
5341,Bomba 02  ,PARADO,72.38,2.99,0
5342,Compressor 01  ,Em operação,63.49,2.79,251
5343,Robô 02 ,manutencao,64.61,3.47,9
5344,  Bomba 02  ,OPERANDO,59.99,5.42,328
5345,Motor 03  ,parado,62.98,4.19,0
5346,Bomba 01,OPERANDO,67.97,2.8,287
5347,  Motor 03,Manut.,59.91,3.67,19
5348,  Esteira 01  ,Parado,64.14,1.78,0
5349, Robô 02,Em operação,64.79,2.37,215
5350, Motor 02,Fora de operação,72.77,3.78,0
5351,Bomba 01,OPERANDO,69.78,3.63,408
5352,  Compressor 01,Desligado,77.65,2.95,0
5353,Motor 01 ,Manut.,62.42,4.06,18
5354, Compressor 01,Parado,73.32,3.91,0
5355,  Motor 01,Operando,69.91,4.49,315
5356,Motor 03,Em operação,56.89,3.54,216
5357, Esteira 01,PARADO,58.16,1.47,0
5358,Motor 01  ,manutencao,65.23,2.26,22
5359,  Bomba 02,parado,67.76,2.02,0
5360, Bomba 02,parado,59.86,2.01,0
5361,  Robô 01,Ligado,69.61,3.11,215
5362,Motor 03,Em manutenção,69.11,3.0,28
5363,Robô 01 ,Desligado,70.17,2.84,0
5364,Esteira 02  ,Ligado,70.29,4.7,288
5365,  Compressor 01  ,Fora de operação,54.56,4.75,0
5366, Robô 01,manutencao,60.09,2.84,23
5367,  Motor 02  ,Ligado,56.96,4.43,343
5368,Esteira 02  ,Manut.,65.32,4.14,29
5369, Robô 02,Operando,60.77,2.73,287
5370,Esteira 02  ,manutencao,68.73,2.68,6
5371,Motor 03 ,Fora de operação,57.4,4.57,0
5372, Robô 02,Parado,76.69,3.55,0
5373,Motor 01,operando,71.68,2.61,208
5374,Compressor 01 ,MANUTENÇÃO,75.96,2.17,28
5375,Motor 01  ,Manut.,83.43,3.84,23
5376,Robô 01  ,Manutenção,67.53,1.47,9
5377,  Esteira 02  ,operando,69.31,3.23,241
5378,Motor 02 ,parado,60.74,3.89,0
5379,  Motor 02  ,Ligado,69.29,2.54,342
5380,Motor 02 ,Desligado,62.14,2.2,0
5381,Compressor 01 ,Parado,62.36,3.08,0
5382,  Robô 02  ,Operando,72.67,3.71,418
5383,  Bomba 01,Em operação,59.35,3.48,388
5384,Compressor 01  ,Em operação,84.45,3.68,335
5385, Motor 01,Manut.,51.99,3.61,3
5386,Bomba 02  ,Desligado,63.52,1.75,0
5387,  Esteira 01,manutencao,69.48,3.37,11
5388,  Robô 01,parado,75.39,2.96,0
5389,Bomba 02,operando,59.84,2.63,392
5390,  Bomba 02,Parado,57.28,2.35,0
5391,  Esteira 01  ,Ligado,68.38,3.41,402
5392,  Motor 01  ,Parado,71.16,2.42,0
5393, Robô 01,Parado,69.44,3.97,0
5394,Robô 01,Fora de operação,63.41,3.83,0
5395,Motor 03  ,Parado,67.33,5.56,0
5396,Esteira 01  ,Manutenção,57.13,2.16,5
5397, Esteira 02,parado,63.86,3.42,0
5398,  Compressor 01  ,PARADO,65.94,3.36,0
5399,Bomba 01  ,Em manutenção,66.18,4.15,17
5400,Compressor 01  ,Em manutenção,70.35,4.87,24
5401,Esteira 01,OPERANDO,68.54,2.21,220
5402, Compressor 01,PARADO,67.18,2.04,0
5403,  Robô 01  ,Ligado,66.92,3.48,274
5404, Motor 01,Parado,72.95,3.96,0
5405,  Esteira 02,operando,67.65,3.08,319
5406, Compressor 01,Manut.,82.57,3.21,29
5407, Compressor 01,Manut.,66.85,2.98,14
5408,Esteira 01  ,Em manutenção,66.08,2.51,15
5409,  Compressor 01,PARADO,82.01,1.92,0
5410,Motor 02,Manut.,67.36,2.27,10
5411,  Motor 03  ,manutencao,58.77,3.24,12
5412,Esteira 01,MANUTENÇÃO,66.26,3.02,29
5413, Motor 02,operando,70.69,3.26,399
5414, Esteira 02,Ligado,65.38,3.89,235
5415,Motor 01 ,manutencao,59.61,1.47,22
5416,  Compressor 01,operando,67.62,1.21,380
5417,Bomba 02,Manutenção,58.33,2.42,3
5418,Bomba 02 ,manutencao,61.99,2.51,12
5419,  Bomba 02,parado,64.27,4.41,0
5420,Bomba 02  ,Em manutenção,67.56,3.92,8
5421,Motor 01,Fora de operação,66.08,2.54,0
5422, Esteira 02,Manutenção,58.95,4.18,6
5423,Compressor 01  ,Ligado,71.28,2.93,394
5424,Motor 02  ,operando,67.34,2.35,339
5425,  Motor 01,Operando,63.3,3.72,351
5426,  Esteira 01,Operando,67.49,2.2,381
5427,Robô 02,operando,72.23,2.61,370
5428,Motor 02,operando,56.51,4.23,218
5429,Bomba 02,Operando,63.24,3.09,269
5430,Robô 01  ,manutencao,68.39,3.85,14
5431,Bomba 01  ,PARADO,77.26,1.41,0
5432, Esteira 01,Parado,65.0,4.24,0
5433,Esteira 01 ,PARADO,74.47,2.27,0
5434,Motor 02 ,Fora de operação,59.54,3.84,0
5435,  Esteira 02,Ligado,77.84,2.81,416
5436,  Bomba 02  ,parado,73.36,1.9,0
5437, Esteira 01,Operando,69.19,2.79,306
5438,  Motor 03  ,parado,63.51,3.36,0
5439, Robô 01,Em operação,62.07,3.66,399
5440, Robô 02,manutencao,63.33,3.11,0
5441,Motor 01,manutencao,74.68,2.08,4
5442,Motor 01  ,parado,65.47,2.74,0
5443,Bomba 02,Parado,68.33,3.21,0
5444,Bomba 01 ,Ligado,70.67,2.05,209
5445,  Bomba 02  ,Ligado,65.16,1.06,358
5446, Esteira 01,Parado,77.87,1.95,0
5447,  Esteira 01,Fora de operação,63.93,1.26,0
5448,Esteira 01,operando,69.0,2.91,189
5449,Robô 02,Desligado,71.01,1.9,0
5450,Motor 02  ,PARADO,55.82,2.89,0
5451,Esteira 02  ,Operando,71.65,4.37,239
5452,  Bomba 01  ,Em operação,75.06,3.59,333
5453,Motor 03  ,Manutenção,77.91,3.61,1
5454,  Esteira 02  ,Ligado,62.13,2.33,202
5455,  Esteira 01,parado,74.48,5.05,0
5456,Motor 01  ,MANUTENÇÃO,68.43,2.59,4
5457,Bomba 02  ,operando,55.28,5.44,374
5458,Robô 02 ,MANUTENÇÃO,56.54,3.5,8
5459,Compressor 01,Em manutenção,60.6,4.4,2
5460,Motor 02,Parado,59.86,0.9,0
5461,Esteira 01,Em manutenção,60.77,2.34,6
5462,  Robô 02,Fora de operação,47.58,3.03,0
5463,Motor 02  ,Fora de operação,78.57,2.97,0
5464,  Motor 03  ,parado,60.77,2.4,0
5465,  Bomba 02  ,Em manutenção,65.95,3.29,23
5466,  Motor 02,MANUTENÇÃO,59.04,3.2,27
5467,Motor 02  ,PARADO,52.99,3.37,0
5468,  Motor 03  ,Desligado,49.99,2.43,0
5469, Bomba 02,parado,52.37,2.5,0
5470,Bomba 01,operando,66.06,2.1,378
5471,  Motor 03,Manut.,59.36,3.88,5
5472,  Bomba 02,parado,54.62,3.75,0
5473,Robô 01,Fora de operação,65.56,2.48,0
5474,Bomba 02,parado,73.19,3.04,0
5475,Motor 03  ,Manut.,60.34,1.94,22
5476,Robô 01  ,Operando,58.01,3.4,241
5477,Bomba 01  ,Desligado,71.86,3.65,0
5478,  Robô 02,PARADO,59.71,3.33,0
5479,  Robô 02,parado,64.46,4.31,0
5480,Esteira 01  ,Parado,75.35,2.79,0
5481,Bomba 01,Manut.,76.9,3.79,29
5482,Esteira 02,MANUTENÇÃO,53.24,3.87,24
5483,Bomba 02 ,PARADO,62.71,2.89,0
5484, Motor 02,Fora de operação,80.46,2.57,0
5485,Bomba 02 ,MANUTENÇÃO,74.21,3.78,2
5486,Motor 02 ,Desligado,64.86,3.25,0
5487,Bomba 01,Operando,66.12,2.48,249
5488,  Robô 02  ,Manutenção,74.15,5.31,17
5489,Compressor 01 ,Manutenção,64.82,3.17,7
5490, Motor 01,Fora de operação,68.19,3.58,0
5491,Motor 03 ,Manutenção,77.02,3.22,12
5492,  Motor 01,Em operação,72.59,4.57,185
5493,  Bomba 02  ,Manutenção,63.79,2.76,5
5494, Motor 03,Em manutenção,70.56,4.36,26
5495,  Motor 02  ,Desligado,71.23,3.16,0
5496,Motor 01,MANUTENÇÃO,76.54,2.68,0
5497,Motor 03 ,MANUTENÇÃO,70.22,3.97,22
5498, Bomba 02,Em operação,64.27,1.85,273
5499,  Esteira 01,MANUTENÇÃO,66.45,2.28,0
5500,  Bomba 01,Manut.,67.61,2.67,20
5501,Esteira 02 ,parado,83.82,2.25,0
5502,  Bomba 01,Manutenção,68.38,1.95,1
5503,Bomba 02  ,Manut.,62.22,3.13,20
5504,Esteira 02 ,Parado,68.22,3.98,0
5505,Motor 02 ,parado,58.65,1.34,0
5506,  Robô 01  ,Em manutenção,53.0,4.22,16
5507,  Esteira 01  ,manutencao,72.79,2.25,25
5508,Esteira 02  ,manutencao,73.37,1.94,29
5509,  Bomba 01  ,Desligado,76.28,2.62,0
5510,  Bomba 02,Ligado,60.61,3.5,256
5511,Robô 01 ,Ligado,74.87,4.74,387
5512,  Compressor 01,Parado,66.34,3.09,0
5513,Robô 01  ,Em operação,67.48,4.82,346
5514,Bomba 02  ,Desligado,69.59,4.94,0
5515,Esteira 02 ,Ligado,74.81,1.93,332
5516,Bomba 01  ,Operando,59.66,4.43,382
5517,Esteira 02 ,MANUTENÇÃO,88.03,4.28,1
5518, Robô 02,Desligado,66.06,4.21,0
5519,Motor 01,PARADO,68.4,3.68,0
5520, Robô 02,Fora de operação,74.54,3.42,0
5521,  Esteira 01  ,PARADO,78.26,2.04,0
5522,Robô 02 ,Em operação,56.54,1.41,350
5523, Motor 01,Desligado,69.26,2.94,0
5524,Motor 03 ,Desligado,70.37,3.08,0
5525,  Motor 01  ,OPERANDO,63.29,1.78,256
5526,Bomba 01,Manutenção,70.57,4.28,9
5527,Esteira 01 ,Ligado,69.87,2.74,298
5528,Robô 02 ,MANUTENÇÃO,62.77,1.73,7
5529,  Esteira 01,Fora de operação,74.43,1.79,0
5530,Esteira 01,MANUTENÇÃO,64.3,0.96,3
5531, Motor 03,Manutenção,65.98,3.29,27
5532,  Motor 03,Parado,70.11,4.12,0
5533, Esteira 02,Desligado,57.38,3.7,0
5534,  Motor 03  ,Parado,68.74,3.31,0
5535,  Bomba 01,Ligado,58.25,2.87,353
5536,Bomba 01 ,Em operação,65.43,3.44,341
5537,Bomba 02,MANUTENÇÃO,54.81,1.77,2
5538, Robô 02,Parado,73.62,3.73,0
5539,Esteira 02 ,Em manutenção,59.65,4.41,7
5540,  Compressor 01  ,Operando,73.46,2.62,301
5541,Motor 03  ,Em manutenção,73.02,3.79,7
5542,Compressor 01 ,parado,78.13,4.19,0
5543,  Motor 02  ,Parado,70.28,2.25,0
5544,  Bomba 02  ,manutencao,67.91,1.45,24
5545,Bomba 02 ,Manut.,76.41,4.1,0
5546,Robô 01 ,Desligado,81.03,4.95,0
5547,  Compressor 01,OPERANDO,76.72,3.22,195
5548,Bomba 02  ,Ligado,78.43,4.05,241
5549, Motor 01,Manut.,62.34,2.49,2
5550,  Bomba 02  ,PARADO,72.63,2.79,0
5551,  Motor 01  ,Parado,64.65,1.27,0
5552, Robô 01,Manut.,73.69,1.1,22
5553,  Bomba 02,Ligado,65.57,2.69,224
5554,Esteira 01 ,MANUTENÇÃO,68.58,4.81,29
5555,Robô 01  ,Operando,64.69,3.96,419
5556,  Motor 02  ,Em operação,65.59,2.82,274
5557, Robô 02,parado,66.36,3.39,0
5558,Motor 03  ,OPERANDO,68.14,2.38,243
5559, Esteira 02,PARADO,62.64,3.84,0
5560,  Bomba 02,OPERANDO,65.0,2.87,363
5561,Bomba 01 ,Fora de operação,72.67,3.22,0
5562, Esteira 02,Manut.,78.75,4.09,6
5563, Esteira 02,parado,72.01,2.45,0
5564,Motor 02,Manutenção,64.66,2.62,18
5565,  Compressor 01,operando,65.55,2.67,184
5566, Bomba 02,Manutenção,52.29,1.87,29
5567,Compressor 01  ,OPERANDO,57.59,4.21,266
5568,  Motor 02,Ligado,72.21,2.17,395
5569, Bomba 02,Manutenção,58.31,2.01,23
5570,  Robô 01,Ligado,68.74,2.57,205
5571,Robô 02  ,Ligado,55.01,4.39,381
5572,  Bomba 01,Ligado,63.79,2.13,303
5573,Motor 02,Parado,72.48,4.01,0
5574,  Compressor 01,Operando,61.56,3.4,397
5575,  Robô 02  ,Fora de operação,68.55,2.75,0
5576,Esteira 01,Em operação,66.66,3.42,387
5577,Motor 03,OPERANDO,68.11,2.14,386
5578, Robô 01,Desligado,57.36,3.15,0
5579,  Esteira 01  ,Em operação,57.66,1.53,223
5580,Robô 02 ,Desligado,57.43,4.1,0
5581, Motor 01,Manutenção,68.01,2.32,19
5582,Esteira 01 ,parado,63.91,2.08,0
5583,Bomba 01 ,Manutenção,77.01,3.76,4
5584,  Esteira 01,Desligado,64.89,3.09,0
5585,Esteira 01  ,Manutenção,69.91,3.55,1
5586,Bomba 01,Ligado,67.23,4.07,205
5587,Robô 01 ,OPERANDO,68.89,3.47,317
5588, Robô 01,Parado,68.24,2.51,0
5589,  Robô 01  ,Ligado,65.89,2.73,372
5590,Bomba 02  ,operando,65.36,1.7,236
5591,Bomba 02,Ligado,56.77,2.75,354
5592,  Motor 02  ,manutencao,61.79,3.2,12
5593,Robô 02,PARADO,66.95,1.76,0
5594,  Esteira 02  ,PARADO,62.98,3.38,0
5595,Motor 01,Parado,70.71,3.66,0
5596,Motor 02,PARADO,73.61,2.53,0
5597, Bomba 02,Em operação,53.84,2.35,187
5598,Robô 01  ,Parado,70.88,3.53,0
5599,Motor 01  ,Parado,69.95,3.34,0
5600,Robô 02,Fora de operação,66.07,4.53,0
5601,Bomba 01 ,Manut.,60.76,4.13,4
5602,  Robô 02,Parado,60.13,4.68,0
5603, Robô 02,PARADO,64.46,3.28,0
5604,  Compressor 01,manutencao,65.6,2.64,24
5605,Robô 01  ,parado,67.01,1.16,0
5606,Esteira 01  ,Parado,63.95,3.41,0
5607,  Bomba 02,Manut.,68.45,1.86,30
5608,Motor 01 ,Parado,59.25,3.14,0
5609,Esteira 01  ,Em manutenção,71.77,2.19,9
5610, Motor 01,manutencao,73.82,4.27,29
5611,  Esteira 02  ,parado,72.76,2.9,0
5612,  Bomba 02,OPERANDO,62.26,3.12,235
5613,Motor 01 ,Manutenção,76.74,4.26,13
5614,  Motor 02  ,Em operação,71.79,4.42,275
5615,Motor 03 ,Desligado,68.38,4.44,0
5616,  Robô 01  ,parado,71.21,5.28,0
5617,  Esteira 02,Operando,70.78,2.27,276
5618,Robô 01  ,parado,54.41,1.91,0
5619, Motor 01,parado,55.45,2.55,0
5620,Esteira 01,Operando,66.13,3.79,354
5621,  Robô 02  ,Ligado,62.91,3.52,395
5622,Motor 02 ,Fora de operação,78.47,2.85,0
5623,  Motor 03  ,Fora de operação,74.6,4.04,0
5624,Compressor 01,parado,64.61,3.72,0
5625,Motor 02,Manut.,66.39,4.07,29
5626,Motor 03  ,operando,73.68,3.64,212
5627, Robô 01,Em operação,58.6,3.25,185
5628,Motor 02  ,operando,58.26,3.54,282
5629,  Motor 01,Parado,63.22,2.0,0
5630,  Robô 01  ,Em operação,70.95,2.11,252
5631,Robô 02  ,PARADO,65.3,2.86,0
5632, Motor 03,operando,63.62,3.13,319
5633,Bomba 02 ,parado,59.93,4.39,0
5634,Robô 01  ,Desligado,55.17,0.33,0
5635,  Motor 01,operando,57.12,3.17,355
5636,  Bomba 01,Em manutenção,67.94,6.25,6
5637, Motor 02,Fora de operação,50.08,3.7,0
5638,  Bomba 01,Em manutenção,73.14,4.91,13
5639,  Motor 02,Fora de operação,64.56,4.07,0
5640,Compressor 01  ,Desligado,75.25,3.66,0
5641,Esteira 01  ,Em manutenção,63.54,1.86,18
5642,Robô 02,parado,50.3,2.64,0
5643,Motor 01,MANUTENÇÃO,70.46,4.89,15
5644,  Motor 02,PARADO,59.79,4.55,0
5645,Motor 03,parado,70.54,5.92,0
5646,  Esteira 01,Manut.,76.7,4.41,2
5647,Compressor 01  ,Em manutenção,61.55,2.97,1
5648,Motor 01 ,manutencao,65.09,2.9,15
5649,Motor 03  ,Parado,66.99,2.14,0
5650,Bomba 01  ,Ligado,63.01,3.98,390
5651,  Esteira 01  ,Fora de operação,74.65,2.47,0
5652, Motor 02,PARADO,82.61,0.2,0
5653,Esteira 01  ,Manutenção,75.72,4.91,24
5654,Bomba 01,PARADO,67.96,2.75,0
5655,  Robô 02  ,manutencao,70.59,4.27,28
5656,  Motor 02  ,manutencao,75.35,1.3,26
5657,  Esteira 02,Em manutenção,63.13,3.4,29
5658,  Motor 02  ,OPERANDO,65.08,2.12,189
5659,  Motor 02  ,Desligado,59.79,3.9,0
5660,Esteira 02 ,Em operação,70.91,3.49,377
5661,Robô 01 ,Parado,67.62,3.96,0
5662,Esteira 01,Fora de operação,67.71,5.22,0
5663,Compressor 01  ,parado,55.66,2.88,0
5664,Robô 02,Manutenção,57.78,2.3,9
5665,Bomba 01  ,Desligado,57.37,3.41,0
5666,Motor 01  ,manutencao,56.25,1.81,22
5667,  Motor 02,PARADO,57.31,1.51,0
5668,  Bomba 01  ,MANUTENÇÃO,73.51,2.63,16
5669,Motor 02,Manut.,71.88,5.57,15
5670,  Esteira 01,PARADO,77.57,3.38,0
5671,  Motor 02,Manutenção,67.86,3.92,0
5672,Motor 03 ,OPERANDO,61.09,1.93,368
5673,Esteira 02,manutencao,56.3,1.72,26
5674,Esteira 01,parado,64.58,2.43,0
5675,  Esteira 01,Parado,66.57,3.26,0
5676,Robô 01,Manutenção,68.47,2.3,5
5677,Esteira 02  ,Em manutenção,69.45,2.64,21
5678, Motor 01,manutencao,64.65,4.89,24
5679,Bomba 01,manutencao,60.93,2.46,11
5680,Motor 02,Manutenção,66.34,2.05,2
5681,  Bomba 01,Em operação,79.6,3.19,252
5682,Motor 02 ,PARADO,61.19,4.22,0
5683,  Robô 02  ,operando,73.28,2.42,261
5684,  Esteira 02  ,OPERANDO,65.08,3.94,203
5685,Robô 02,Desligado,70.7,2.76,0
5686,  Motor 02  ,Manut.,68.17,2.76,20
5687,Esteira 01 ,parado,64.66,3.81,0
5688,Robô 02  ,OPERANDO,84.12,3.65,241
5689,  Compressor 01,manutencao,60.19,4.0,29
5690,Bomba 02  ,OPERANDO,68.44,1.82,239
5691,Esteira 01  ,parado,71.42,3.52,0
5692,  Motor 02  ,Em manutenção,55.67,2.67,19
5693,Motor 01  ,MANUTENÇÃO,68.52,4.86,4
5694,  Esteira 02  ,Manutenção,70.69,2.45,12
5695,  Bomba 02  ,OPERANDO,62.5,3.05,284
5696, Esteira 01,MANUTENÇÃO,64.39,4.25,19
5697, Esteira 01,Em operação,68.73,4.03,420
5698,  Robô 01,parado,71.39,2.66,0
5699,Motor 01  ,parado,68.08,2.16,0
5700, Esteira 02,Em operação,67.05,4.38,278
5701, Robô 02,Desligado,66.31,3.28,0
5702, Esteira 02,Parado,67.63,2.91,0
5703, Bomba 01,MANUTENÇÃO,72.96,1.97,29
5704,Robô 01  ,Parado,55.84,1.8,0
5705,  Compressor 01  ,Em manutenção,76.07,3.17,25
5706,  Robô 02,Em operação,64.13,3.88,204
5707,  Compressor 01,Parado,74.44,3.41,0
5708,Robô 01  ,Ligado,78.86,3.15,384
5709,Robô 02 ,Em operação,72.46,4.0,296
5710,Esteira 01 ,Em operação,66.37,1.73,282
5711,Bomba 02  ,parado,58.56,3.67,0
5712,Robô 02  ,Em operação,60.09,3.37,207
5713,  Compressor 01  ,Em manutenção,67.91,2.93,27
5714,Bomba 02  ,Operando,71.68,3.5,292
5715,Motor 02,Operando,71.74,2.94,314
5716,  Esteira 02  ,Manut.,70.07,2.94,12
5717,Compressor 01 ,parado,61.34,3.47,0
5718,Bomba 01,Desligado,65.99,2.06,0
5719,  Motor 01  ,operando,59.29,4.08,246
5720,  Robô 02  ,Manutenção,69.41,3.84,6
5721,Bomba 01  ,Manut.,62.22,2.28,16
5722,Bomba 01,Manut.,82.81,2.76,10
5723,  Motor 01  ,Parado,68.41,2.1,0
5724, Robô 02,PARADO,65.82,3.35,0
5725, Esteira 02,MANUTENÇÃO,64.49,2.96,26
5726,Robô 01  ,OPERANDO,77.16,2.04,211
5727,Esteira 02,Em manutenção,68.62,3.35,27
5728,Esteira 01  ,Parado,84.95,0.41,0
5729,  Bomba 02  ,OPERANDO,67.5,1.06,257
5730,Robô 01,Manutenção,57.02,3.99,16
5731,Esteira 02  ,Ligado,67.39,2.08,323
5732,  Motor 01  ,parado,69.8,4.23,0
5733,Esteira 01,manutencao,67.79,2.92,2
5734,  Motor 03,Desligado,58.63,2.46,0
5735,Motor 02  ,Manutenção,70.05,4.73,20
5736,Robô 01 ,OPERANDO,79.61,1.9,305
5737,Compressor 01 ,Desligado,61.35,3.9,0
5738,  Esteira 01,Parado,65.04,3.27,0
5739,  Esteira 01  ,parado,68.28,3.93,0
5740, Esteira 02,Manutenção,61.12,2.53,24
5741,  Robô 02,manutencao,66.63,2.35,3
5742,Robô 01,Manutenção,71.5,2.95,11
5743,  Compressor 01  ,parado,76.4,3.94,0
5744,  Motor 01,Manut.,67.68,3.61,14
5745,Esteira 02 ,Em manutenção,62.14,3.97,13
5746,  Motor 03  ,parado,72.35,2.47,0
5747,  Bomba 02,Desligado,66.22,3.37,0
5748,Robô 02  ,Manut.,73.13,2.34,15
5749,  Esteira 02,MANUTENÇÃO,73.09,2.03,21
5750,  Esteira 02  ,Ligado,79.47,2.41,362
5751, Bomba 01,Fora de operação,64.23,3.62,0
5752,Compressor 01 ,Manut.,67.76,2.89,24
5753,  Esteira 01,parado,58.27,3.37,0
5754,Esteira 02,Em operação,68.04,2.95,401
5755,  Compressor 01,PARADO,63.33,3.78,0
5756,Compressor 01 ,Ligado,66.17,3.48,373
5757, Compressor 01,Manutenção,67.41,2.76,18
5758,Motor 01,Manutenção,65.16,1.83,8
5759,  Motor 01,Parado,57.95,4.06,0
5760, Motor 03,manutencao,65.62,3.86,7
5761,Robô 01 ,Manutenção,63.32,2.3,10
5762, Motor 03,Em manutenção,59.6,0.96,13
5763,  Motor 01  ,Manutenção,76.0,2.34,0
5764,Motor 01 ,PARADO,93.99,3.81,0
5765,Motor 02,Operando,65.84,1.27,329
5766,  Bomba 01,operando,76.42,3.83,333
5767,Robô 01  ,Fora de operação,65.8,1.21,0
5768,Motor 02,Desligado,78.72,4.35,0
5769, Robô 01,manutencao,78.97,2.68,8
5770,  Bomba 02,operando,64.73,3.89,294
5771,Bomba 02,Desligado,60.69,1.97,0
5772,  Robô 01,Manutenção,78.18,3.1,23
5773,  Robô 02,parado,60.42,1.36,0
5774,Bomba 02  ,Manut.,72.81,4.2,23
5775,  Bomba 01  ,OPERANDO,62.64,3.77,333
5776,Robô 02 ,Operando,57.41,2.87,250
5777,  Motor 03  ,Ligado,66.79,3.02,226
5778,  Robô 02  ,OPERANDO,51.7,3.15,398
5779,Motor 01 ,Em operação,72.56,1.82,339
5780,  Robô 01,OPERANDO,69.24,2.91,194
5781,Bomba 01,Ligado,73.12,2.23,276
5782,Motor 01 ,PARADO,62.02,4.98,0
5783,Esteira 01  ,Fora de operação,69.81,2.45,0
5784,Robô 01 ,OPERANDO,66.59,3.94,257
5785,Motor 03,Ligado,64.45,3.79,206
5786,  Motor 01  ,Em manutenção,59.68,1.13,7
5787,  Robô 01,Manutenção,68.0,4.03,2
5788,  Robô 01  ,Manutenção,62.69,1.22,13
5789,  Esteira 02,PARADO,65.47,3.74,0
5790,Esteira 01 ,operando,62.49,3.08,216
5791,Bomba 01  ,Parado,72.04,5.12,0
5792,Bomba 02 ,Desligado,69.57,2.25,0
5793,Robô 02  ,MANUTENÇÃO,57.31,2.76,22
5794,  Motor 02,Desligado,61.86,2.55,0
5795,Robô 02  ,Operando,70.08,1.97,360
5796, Motor 02,Desligado,73.21,2.98,0
5797,Robô 01,parado,55.57,3.51,0
5798, Motor 03,Desligado,70.79,4.99,0
5799, Robô 02,Em operação,49.95,2.6,203
5800,  Robô 01  ,MANUTENÇÃO,69.29,3.19,6
5801,Robô 01,Em manutenção,66.64,4.09,8
5802,  Motor 03  ,Fora de operação,71.29,3.03,0
5803,Motor 03,manutencao,61.77,2.5,14
5804,Esteira 01,Em manutenção,53.47,1.91,5
5805,Motor 02  ,Parado,75.55,4.89,0
5806,Esteira 02,operando,64.99,4.07,230
5807,Esteira 01,Parado,71.86,2.47,0
5808,Esteira 01,operando,66.15,3.35,195
5809,Esteira 02 ,Operando,58.79,3.48,351
5810,Motor 02,Fora de operação,78.5,3.1,0
5811,Bomba 01  ,Desligado,63.08,4.72,0
5812,  Bomba 01,parado,66.41,1.53,0
5813,  Esteira 01  ,MANUTENÇÃO,59.9,5.89,9
5814,Motor 02  ,manutencao,76.32,2.88,3
5815,  Motor 03,Fora de operação,72.92,2.05,0
5816, Bomba 01,Operando,57.78,3.86,419
5817,  Robô 02  ,MANUTENÇÃO,72.82,3.73,3
5818,  Bomba 02  ,parado,65.86,2.69,0
5819,  Motor 01  ,manutencao,63.32,3.01,21
5820, Esteira 02,MANUTENÇÃO,66.55,2.08,4
5821,Bomba 02  ,Manut.,74.5,4.18,20
5822,Compressor 01 ,Manut.,64.23,2.63,25
5823,Bomba 02  ,Fora de operação,70.16,0.65,0
5824,Motor 01  ,Ligado,61.44,2.24,384
5825,  Motor 02  ,Operando,76.06,3.19,215
5826,  Bomba 01,OPERANDO,67.56,1.84,296
5827,  Motor 01  ,Ligado,67.95,3.31,345
5828,Compressor 01 ,Desligado,62.64,4.09,0
5829,Motor 03 ,MANUTENÇÃO,69.81,4.14,3
5830,Motor 03  ,Parado,72.37,3.58,0
5831,Motor 01 ,Manutenção,81.54,3.05,25
5832,  Motor 01  ,Manut.,72.94,4.23,16
5833,Bomba 02,MANUTENÇÃO,62.79,3.66,0
5834, Motor 03,Em operação,79.2,3.24,396
5835,  Esteira 02,Em operação,54.94,3.65,357
5836,Robô 02 ,Operando,66.7,2.89,402
5837,  Motor 02  ,Desligado,76.13,2.87,0
5838,  Bomba 01,parado,72.28,2.92,0
5839,Motor 01,Manut.,59.47,4.0,11
5840, Bomba 02,Ligado,58.89,2.99,310
5841,  Robô 01,manutencao,71.72,2.47,22
5842,Robô 02  ,Em manutenção,67.37,3.78,21
5843,  Motor 01,Manutenção,78.12,4.75,26
5844,Robô 02,Manut.,69.7,3.34,23
5845,Esteira 01  ,parado,72.66,3.15,0
5846,Robô 02 ,Manutenção,67.31,0.94,2
5847,Robô 02  ,Operando,67.29,3.28,264
5848,  Motor 02  ,manutencao,66.09,6.34,18
5849,  Bomba 01  ,Ligado,51.03,2.19,325
5850,Esteira 02 ,operando,57.07,2.21,246
5851,Compressor 01  ,manutencao,73.34,3.38,9
5852, Compressor 01,Desligado,67.44,4.04,0
5853,  Motor 02  ,parado,57.13,3.33,0
5854,Robô 02 ,manutencao,68.85,4.54,12
5855,Compressor 01,MANUTENÇÃO,53.88,2.4,24
5856,  Robô 01,Em manutenção,58.87,1.91,13
5857,  Bomba 01,manutencao,62.01,1.96,5
5858,  Bomba 01  ,Manutenção,62.62,2.96,28
5859,Motor 03  ,Manut.,71.43,4.17,0
5860,Motor 02  ,Ligado,70.83,3.9,190
5861,Bomba 02  ,Desligado,62.23,4.13,0
5862,  Esteira 02  ,Em manutenção,53.53,4.12,20
5863,Compressor 01  ,Operando,61.58,2.45,262
5864, Robô 01,PARADO,78.24,2.83,0
5865,Robô 02 ,Em manutenção,61.37,2.69,2
5866,Esteira 01 ,Manutenção,72.03,5.34,10
5867,  Bomba 01  ,MANUTENÇÃO,64.59,1.79,5
5868,  Robô 01  ,Fora de operação,58.33,3.19,0
5869,Compressor 01 ,operando,69.5,3.02,342
5870,Esteira 02  ,parado,58.95,0.49,0
5871,  Motor 03,PARADO,65.43,3.55,0
5872,Motor 02  ,Fora de operação,61.61,3.13,0
5873,Esteira 01 ,Fora de operação,56.76,4.08,0
5874,Motor 02 ,MANUTENÇÃO,63.19,2.43,3
5875,  Robô 02,PARADO,59.74,2.91,0
5876,Motor 01,Fora de operação,73.25,2.84,0
5877, Robô 01,Operando,70.58,2.24,229
5878,Motor 01,MANUTENÇÃO,66.22,1.8,20
5879, Motor 03,Manut.,66.3,3.61,8
5880,  Robô 01  ,Ligado,63.48,4.49,222
5881,  Compressor 01,parado,58.44,2.67,0
5882,Robô 01 ,parado,65.75,2.84,0
5883,  Motor 02  ,Em manutenção,65.17,3.09,0
5884, Esteira 01,Manut.,66.78,3.2,26
5885, Bomba 01,PARADO,66.9,2.13,0
5886,  Robô 01,parado,75.05,3.0,0
5887,Bomba 01 ,Em operação,64.96,5.14,268
5888,Esteira 01  ,OPERANDO,68.58,2.92,407
5889,  Bomba 02,Em manutenção,65.74,4.75,12
5890,  Motor 03,OPERANDO,73.01,3.37,232
5891,  Bomba 02  ,Em manutenção,69.63,1.75,2
5892,Motor 02  ,manutencao,71.92,4.11,11
5893,  Bomba 02,manutencao,59.57,2.02,25
5894,Robô 01 ,manutencao,86.02,3.84,28
5895,Bomba 01 ,manutencao,76.26,1.95,26
5896,Esteira 01  ,Ligado,73.72,1.95,296
5897,Bomba 01 ,Desligado,76.98,4.8,0
5898, Bomba 02,parado,65.97,5.48,0
5899,  Bomba 01,PARADO,63.52,2.49,0
5900,Bomba 02,PARADO,55.76,2.45,0
5901,  Motor 01,Em manutenção,61.26,4.33,28
5902,  Robô 02  ,Fora de operação,75.86,2.58,0
5903,  Motor 02,PARADO,65.14,3.37,0
5904,  Robô 02  ,manutencao,66.46,3.54,9
5905, Robô 02,Parado,67.88,3.54,0
5906,Esteira 02  ,Desligado,72.17,4.62,0
5907,Esteira 01  ,MANUTENÇÃO,60.63,1.94,15
5908,  Esteira 02,PARADO,60.74,3.49,0
5909,Bomba 01  ,Manut.,68.33,3.14,10
5910,  Esteira 02  ,Fora de operação,65.96,4.87,0
5911,  Esteira 01  ,Em manutenção,60.07,5.8,13
5912,  Robô 01,Manutenção,60.67,3.14,13
5913, Robô 02,OPERANDO,65.01,1.24,248
5914,Robô 02,PARADO,52.86,4.47,0
5915,Esteira 01 ,Em manutenção,70.66,3.55,18
5916,  Compressor 01,operando,77.33,3.05,208
5917,Motor 02 ,Manutenção,66.89,4.2,7
5918,Esteira 02  ,Em operação,67.16,3.49,408
5919,  Esteira 02  ,Desligado,62.71,3.16,0
5920,  Bomba 01,Desligado,64.22,3.76,0
5921,Esteira 01 ,Em operação,60.22,1.8,304
5922,Esteira 02,parado,53.03,2.67,0
5923,  Bomba 01,Ligado,62.56,2.51,240
5924,Motor 03  ,Parado,73.35,2.91,0
5925,  Motor 01  ,manutencao,51.02,1.81,11
5926,  Compressor 01  ,Fora de operação,64.43,4.2,0
5927,Robô 01,Manutenção,65.23,3.26,25
5928,Robô 01 ,Manutenção,59.29,1.76,13
5929, Motor 03,Ligado,66.47,1.64,343
5930,  Esteira 02,Operando,64.55,4.16,244
5931,Bomba 02  ,PARADO,64.9,2.77,0
5932,  Compressor 01  ,Fora de operação,54.29,3.22,0
5933,Esteira 01 ,operando,56.61,2.56,326
5934,Bomba 01,Desligado,65.1,1.96,0
5935,Esteira 02 ,manutencao,67.2,2.83,14
5936, Motor 01,Fora de operação,68.46,2.69,0
5937,  Motor 02,Parado,65.68,2.93,0
5938,Motor 01,PARADO,66.97,0.73,0
5939,Compressor 01  ,MANUTENÇÃO,61.45,2.06,15
5940,  Robô 01,manutencao,53.24,1.72,10
5941,  Bomba 01  ,operando,58.25,4.03,208
5942,Bomba 01  ,MANUTENÇÃO,68.98,1.65,24
5943,  Robô 02,PARADO,62.67,3.54,0
5944,  Esteira 01,PARADO,73.71,3.1,0
5945,  Bomba 01  ,Desligado,65.23,2.93,0
5946,  Motor 01,OPERANDO,72.84,4.02,249
5947, Motor 02,Ligado,71.07,1.34,372
5948,Esteira 01  ,Operando,71.05,3.39,334
5949,Compressor 01 ,OPERANDO,60.98,3.14,337
5950,  Esteira 01,parado,76.4,1.28,0
5951,  Bomba 01,manutencao,68.24,1.82,14
5952,  Motor 02  ,Em operação,65.52,3.07,360
5953,  Motor 01  ,Operando,75.99,2.33,238
5954,  Bomba 01  ,parado,71.98,2.03,0
5955,  Motor 03,Em manutenção,71.28,3.2,27
5956, Bomba 01,Manutenção,54.15,4.18,15
5957,Robô 02 ,manutencao,67.47,2.73,28
5958,Robô 01  ,parado,58.64,3.67,0
5959, Motor 02,Manutenção,70.2,3.58,25
5960,Motor 03,Em operação,64.04,2.67,401
5961,  Motor 03,operando,75.23,2.48,382
5962,Robô 01  ,MANUTENÇÃO,80.34,2.84,25
5963,Robô 02 ,parado,78.68,2.85,0
5964,Compressor 01 ,Manutenção,62.31,2.39,11
5965, Esteira 01,Parado,64.62,2.3,0
5966,Esteira 02,operando,54.6,2.87,356
5967,  Robô 01  ,Em manutenção,67.98,1.56,2
5968,  Esteira 01,Manut.,59.03,3.47,0
5969, Bomba 01,Operando,70.56,4.9,344
5970,Robô 01,manutencao,60.67,2.5,30
5971,Bomba 02  ,Em operação,68.65,1.88,409
5972,  Esteira 02,operando,66.33,4.59,222
5973,Motor 01,Em operação,64.25,2.46,242
5974,Bomba 01 ,Operando,69.74,2.81,293
5975,Motor 03  ,Ligado,67.9,3.02,180
5976,  Robô 01,Manut.,69.73,0.89,14
5977,Compressor 01,manutencao,47.65,1.73,21
5978,  Compressor 01,operando,72.07,2.97,299
5979, Bomba 02,manutencao,66.6,3.06,13
5980,  Compressor 01  ,Em manutenção,73.65,3.52,30
5981,  Motor 02,OPERANDO,75.49,3.43,396
5982,  Robô 01,Desligado,72.63,3.36,0
5983,  Robô 01,Em manutenção,65.11,2.96,28
5984,  Motor 03,Em manutenção,65.17,3.95,12
5985,Esteira 02  ,parado,63.7,3.2,0
5986,Robô 02,parado,77.84,3.47,0
5987,Esteira 01  ,Manutenção,79.17,3.32,8
5988,Robô 02,Fora de operação,64.76,1.46,0
5989, Motor 01,Em operação,75.75,4.44,209
5990,  Robô 02,Manutenção,75.39,3.52,23
5991,Bomba 01  ,Fora de operação,72.7,3.69,0
5992, Robô 01,Fora de operação,53.5,4.67,0
5993,Compressor 01 ,OPERANDO,71.64,3.71,243
5994,Motor 02  ,Ligado,62.42,2.33,215
5995, Bomba 01,parado,68.1,2.57,0
5996,  Motor 02,Fora de operação,65.89,1.43,0
5997,  Robô 01  ,Desligado,55.06,3.59,0
5998,Robô 01,OPERANDO,77.61,1.38,239
5999,Esteira 01 ,Desligado,68.0,4.27,0
6000, Esteira 02,Manutenção,72.31,1.89,0
6001,Bomba 02 ,PARADO,67.85,4.9,0
6002,  Motor 02,Em operação,64.19,3.75,326
6003,  Esteira 01  ,manutencao,66.1,3.29,5
6004,Motor 02 ,Operando,76.95,2.16,218
6005, Robô 01,Ligado,72.36,3.56,311
6006,  Robô 02  ,PARADO,66.01,3.04,0
6007,Esteira 01 ,MANUTENÇÃO,67.5,1.74,3
6008,  Compressor 01,operando,73.76,1.89,229
6009,Motor 01 ,parado,51.72,3.1,0
6010,Robô 02 ,operando,77.55,4.7,358
6011,Bomba 02,Parado,72.82,3.65,0
6012, Robô 01,MANUTENÇÃO,61.09,2.15,10
6013, Esteira 01,PARADO,62.93,3.61,0
6014,  Robô 01,MANUTENÇÃO,70.85,2.14,27
6015,Bomba 02,Operando,63.2,3.56,263
6016,  Robô 02  ,PARADO,62.36,1.77,0
6017,Esteira 01,Manutenção,67.93,1.42,1
6018, Esteira 01,OPERANDO,65.9,4.86,371
6019,Compressor 01 ,Manut.,67.26,1.92,8
6020,Bomba 01,MANUTENÇÃO,75.76,3.1,28
6021,Robô 01,Fora de operação,62.31,5.02,0
6022,  Compressor 01  ,MANUTENÇÃO,67.71,3.59,2
6023,  Bomba 01,Operando,75.38,1.58,221
6024,Compressor 01,PARADO,55.72,2.01,0
6025,Bomba 01  ,manutencao,76.71,1.95,13
6026,Motor 02,operando,83.44,3.88,327
6027,  Compressor 01,Em operação,71.87,2.46,352
6028,  Bomba 01,Parado,58.86,3.39,0
6029, Compressor 01,OPERANDO,60.02,3.95,255
6030,Robô 01 ,Em operação,76.91,2.57,374
6031,Esteira 01  ,Operando,62.81,2.61,355
6032,Bomba 02  ,Em manutenção,62.77,3.94,26
6033,  Bomba 02,manutencao,59.03,2.38,29
6034,Bomba 02,Ligado,50.91,2.82,380
6035,  Robô 01,Operando,57.13,1.69,406
6036,  Compressor 01,PARADO,60.52,2.46,0
6037,Esteira 01  ,Fora de operação,72.59,2.46,0
6038, Bomba 02,PARADO,62.63,3.23,0
6039,Compressor 01,Manutenção,67.52,2.77,14
6040,Esteira 01 ,operando,73.46,4.08,224
6041,  Motor 03  ,MANUTENÇÃO,75.54,3.35,28
6042,Motor 03 ,Ligado,69.36,3.66,378
6043,Esteira 01,MANUTENÇÃO,73.03,4.18,29
6044,Esteira 01 ,Em operação,58.07,4.31,388
6045,  Motor 01,Fora de operação,72.39,3.03,0
6046,  Esteira 01  ,Manut.,76.63,3.12,20
6047, Motor 03,Parado,53.68,3.89,0
6048, Bomba 01,Fora de operação,65.7,3.61,0
6049, Bomba 01,PARADO,66.52,2.79,0
6050,Bomba 02 ,Em operação,54.11,2.74,266
6051,Esteira 02  ,PARADO,68.19,2.2,0
6052,Motor 02,Fora de operação,58.94,1.85,0
6053,Robô 01,Em operação,70.25,3.9,259
6054,Motor 03  ,MANUTENÇÃO,72.28,3.13,14
6055,Bomba 02 ,OPERANDO,58.68,4.45,302
6056,  Robô 01,Desligado,49.51,2.62,0
6057,  Robô 01,Operando,66.11,2.84,364
6058, Robô 02,OPERANDO,77.52,4.55,414
6059,Compressor 01,Manut.,74.87,2.28,22
6060,Bomba 01  ,parado,82.44,2.6,0
6061,Robô 02  ,Manutenção,75.65,4.44,18
6062,  Robô 01,OPERANDO,74.42,2.51,231
6063,Motor 02 ,MANUTENÇÃO,70.31,3.82,11
6064, Bomba 02,Fora de operação,70.26,2.07,0
6065,  Robô 02,Em operação,64.7,4.1,240
6066, Esteira 01,Desligado,66.24,3.06,0
6067,Motor 01,Parado,68.79,3.24,0
6068,  Robô 01,Em operação,65.5,3.45,420
6069, Motor 01,Manutenção,72.89,4.41,24
6070,Motor 01,manutencao,72.03,2.49,11
6071,Esteira 02,parado,65.69,4.26,0
6072,  Motor 03  ,Em manutenção,66.21,2.78,28
6073,  Esteira 02,parado,72.31,3.92,0
6074,Motor 01,Parado,72.03,4.43,0
6075,  Robô 02,Em operação,64.89,4.94,238
6076,Bomba 02,PARADO,55.33,2.73,0
6077,  Esteira 02  ,Desligado,78.52,2.35,0
6078,Esteira 01,Fora de operação,75.16,2.86,0
6079, Compressor 01,Manut.,67.68,4.37,12
6080,  Robô 01  ,Manutenção,69.21,3.12,2
6081,Esteira 02 ,PARADO,71.0,3.02,0
6082,  Motor 03,PARADO,77.24,3.85,0
6083,Robô 01 ,Desligado,64.2,1.77,0
6084,Compressor 01,operando,59.59,4.3,324
6085,  Bomba 02,Fora de operação,85.93,2.78,0
6086,Motor 03,Fora de operação,68.88,3.38,0
6087,Motor 03,operando,69.35,2.63,365
6088, Bomba 01,Ligado,67.58,3.66,324
6089,Compressor 01,Em manutenção,65.82,4.53,6
6090,Compressor 01  ,Parado,57.61,3.05,0
6091,Motor 02 ,Desligado,76.65,2.79,0
6092,Bomba 01 ,MANUTENÇÃO,72.25,3.85,6
6093,  Robô 02  ,PARADO,75.23,3.78,0
6094,  Motor 01,Parado,70.76,2.13,0
6095,Motor 02 ,Manut.,70.65,4.27,14
6096,Esteira 01  ,parado,69.01,3.54,0
6097,Robô 02,Desligado,71.61,2.77,0
6098, Motor 02,Em operação,57.12,1.07,382
6099,  Compressor 01  ,PARADO,68.43,5.36,0
6100,  Bomba 02  ,MANUTENÇÃO,62.83,3.25,24
6101,Esteira 02 ,Ligado,63.94,2.6,406
6102,Bomba 01 ,Fora de operação,73.75,2.37,0
6103,Motor 03  ,Em manutenção,61.32,3.9,10
6104,  Bomba 02  ,Em manutenção,61.76,5.08,27
6105, Motor 01,Fora de operação,68.87,2.94,0
6106,Esteira 01 ,Manut.,65.67,3.06,9
6107,Motor 03 ,PARADO,60.64,2.59,0
6108,  Motor 01  ,Operando,65.36,1.83,182
6109,Robô 02,parado,64.47,2.01,0
6110,  Compressor 01,OPERANDO,66.0,3.69,277
6111, Motor 03,Parado,66.7,3.68,0
6112, Motor 01,parado,68.01,2.39,0
6113,Robô 02,manutencao,82.29,2.5,20
6114,Motor 01,Manutenção,63.13,4.08,3
6115,  Motor 02,OPERANDO,69.98,2.19,413
6116,Motor 02 ,PARADO,73.05,2.88,0
6117,Robô 02,Manut.,69.58,3.13,8
6118,Motor 03  ,MANUTENÇÃO,70.31,5.84,19
6119,  Robô 01  ,Em operação,61.33,3.37,220
6120,Robô 02  ,Manutenção,67.6,4.88,24
6121,Bomba 01  ,parado,60.82,1.08,0
6122,  Compressor 01,MANUTENÇÃO,85.29,1.95,7
6123,Robô 02,MANUTENÇÃO,70.63,4.03,29
6124,  Motor 03  ,Em operação,55.12,3.48,283
6125,Bomba 01,Operando,66.26,2.55,324
6126,Motor 01  ,Operando,64.11,1.74,290
6127,  Esteira 02,parado,79.23,3.89,0
6128,Esteira 02 ,OPERANDO,59.26,3.45,395
6129,Bomba 01 ,Em operação,65.75,2.82,415
6130, Esteira 02,Manutenção,67.06,4.11,15
6131, Robô 02,manutencao,66.31,2.76,13
6132,Compressor 01 ,MANUTENÇÃO,78.03,1.27,7
6133, Robô 02,Em operação,77.22,2.69,282
6134,Robô 02,Em operação,64.96,3.73,379
6135, Robô 02,MANUTENÇÃO,73.45,3.05,16
6136,Compressor 01  ,manutencao,68.33,4.19,7
6137,Robô 01,Manut.,67.25,3.3,15
6138,Esteira 01 ,Parado,67.14,5.24,0
6139,Esteira 01,OPERANDO,74.31,3.01,205
6140, Motor 03,Em operação,67.83,0.78,185
6141,Robô 02  ,Parado,71.7,4.82,0
6142,Motor 03,Ligado,67.26,3.4,414
6143,  Motor 02,Operando,76.16,4.42,263
6144,Motor 02,PARADO,65.29,2.18,0
6145,Bomba 01 ,Desligado,68.48,2.84,0
6146,Robô 02 ,Manutenção,69.29,3.1,4
6147,  Motor 03  ,Em manutenção,64.73,2.32,10
6148,Bomba 02 ,operando,75.58,3.76,275
6149,Bomba 01,OPERANDO,63.4,4.18,388
6150,  Motor 01,MANUTENÇÃO,57.75,2.96,27
6151,  Esteira 01  ,Manut.,66.18,3.27,22
6152,  Esteira 01  ,manutencao,60.43,5.47,29
6153,Motor 02  ,manutencao,69.38,2.76,22
6154,Compressor 01 ,Parado,63.44,3.11,0
6155,  Bomba 02,MANUTENÇÃO,69.15,5.61,20
6156,Motor 03 ,parado,67.33,5.01,0
6157,Bomba 02,manutencao,55.56,4.13,2
6158,  Robô 01  ,Parado,75.64,2.1,0
6159,Esteira 01 ,OPERANDO,79.14,3.2,297
6160,Bomba 02,Parado,70.91,3.25,0
6161,Bomba 01  ,Desligado,62.56,2.11,0
6162,  Bomba 01  ,Manutenção,60.34,3.62,28
6163,Motor 02 ,Ligado,62.78,1.69,288
6164,Motor 01  ,Operando,66.71,1.76,207
6165,Motor 01,Manut.,64.48,4.74,23
6166,Motor 02,manutencao,67.83,3.66,26
6167,Robô 01  ,Desligado,58.86,2.66,0
6168,Esteira 01,Em operação,71.53,1.07,348
6169,  Motor 02,Ligado,63.76,2.93,310
6170,  Compressor 01  ,Desligado,66.69,2.67,0
6171,  Bomba 01,Manut.,48.83,1.31,20
6172,  Motor 01  ,Fora de operação,50.69,5.24,0
6173,Robô 01  ,MANUTENÇÃO,71.27,4.06,16
6174,Motor 01,PARADO,77.53,2.6,0
6175,Motor 03,manutencao,61.26,2.13,21
6176,  Esteira 02,OPERANDO,61.78,2.28,270
6177,Bomba 02 ,Operando,62.14,3.25,365
6178,Motor 01  ,Ligado,73.74,3.41,293
6179,Robô 01  ,Fora de operação,60.73,2.16,0
6180,  Motor 02  ,Em operação,63.73,3.77,320
6181,  Esteira 01,PARADO,71.22,2.61,0
6182,Compressor 01 ,Fora de operação,74.29,3.34,0
6183,Robô 01  ,manutencao,61.12,3.58,27
6184,Robô 01 ,MANUTENÇÃO,63.77,3.12,13
6185,Esteira 02 ,parado,76.99,3.52,0
6186,  Bomba 01,Ligado,72.3,3.09,372
6187,Motor 02  ,Operando,75.84,2.37,233
6188, Robô 02,Operando,66.29,2.57,315
6189,  Bomba 01,Parado,67.26,2.41,0
6190,  Compressor 01  ,PARADO,61.82,3.18,0
6191,Esteira 01,parado,58.07,3.14,0
6192,Motor 02  ,MANUTENÇÃO,70.85,3.98,11
6193,Esteira 02  ,PARADO,66.48,2.96,0
6194, Motor 02,Em operação,65.05,2.63,275
6195,Esteira 02 ,Parado,69.39,3.15,0
6196,Bomba 01 ,Fora de operação,75.32,3.04,0
6197,  Motor 01  ,Fora de operação,59.41,2.45,0
6198,Esteira 01  ,Em manutenção,57.12,3.14,7
6199,Robô 01  ,PARADO,71.5,3.83,0
6200, Bomba 02,Operando,70.68,4.8,252
6201,Esteira 01  ,Ligado,67.34,2.75,187
6202,Robô 02,Em operação,67.68,3.68,258
6203, Robô 02,Operando,48.15,3.24,251
6204,  Motor 02,Fora de operação,57.8,2.52,0
6205,Bomba 01 ,parado,67.12,2.52,0
6206,  Robô 02,manutencao,68.09,3.53,19
6207, Bomba 02,OPERANDO,63.01,4.04,263
6208,Bomba 02,Operando,69.67,3.75,213
6209,Esteira 01 ,Operando,58.97,4.29,295
6210, Motor 02,Parado,72.91,3.56,0
6211,  Robô 02  ,Operando,68.5,2.69,312
6212,Motor 03  ,Manut.,72.32,2.61,13
6213,  Bomba 02,Operando,63.84,1.36,397
6214, Motor 03,Fora de operação,72.98,3.98,0
6215,Esteira 02 ,PARADO,65.79,2.9,0
6216,  Robô 01,MANUTENÇÃO,68.01,3.49,4
6217,  Compressor 01,Fora de operação,63.08,4.24,0
6218,Esteira 02 ,Em operação,69.19,3.56,384
6219,  Esteira 02  ,Desligado,72.14,4.1,0
6220, Bomba 02,manutencao,79.73,3.96,7
6221,Compressor 01,Em operação,63.64,3.63,198
6222,Motor 02  ,Operando,64.7,2.18,277
6223,Robô 02,Manut.,66.7,3.61,24
6224,  Esteira 01  ,Fora de operação,61.22,3.63,0
6225,Motor 01 ,PARADO,78.18,2.36,0
6226,Robô 01  ,Em manutenção,66.53,1.22,26
6227,Robô 02  ,OPERANDO,65.61,1.17,276
6228, Robô 02,Manut.,64.32,4.19,17
6229,  Robô 01  ,MANUTENÇÃO,67.61,3.45,1
6230,Esteira 01 ,operando,66.1,3.75,197
6231,Robô 01,operando,92.36,1.77,323
6232,Motor 02 ,Operando,73.07,2.81,201
6233, Esteira 01,Parado,62.02,2.28,0
6234,  Robô 02  ,Operando,64.19,4.12,308
6235,  Bomba 01,Operando,61.96,2.75,192
6236,  Bomba 02,operando,63.33,4.87,297
6237, Robô 01,operando,70.26,3.16,387
6238,  Bomba 01,Em operação,65.57,3.57,375
6239,  Motor 03,Parado,62.82,2.14,0
6240,Esteira 02,PARADO,66.75,2.87,0
6241,  Esteira 01,Em operação,66.49,4.5,337
6242,  Robô 01,Operando,62.99,2.66,335
6243,  Motor 02  ,Ligado,52.51,4.74,337
6244,Esteira 02,OPERANDO,69.86,2.17,256
6245,Motor 02,Em manutenção,63.25,3.57,13
6246,Compressor 01 ,Ligado,77.15,2.53,322
6247,Motor 01 ,PARADO,73.28,2.65,0
6248,  Motor 02  ,Em manutenção,68.59,3.15,17
6249,  Robô 02,Manutenção,63.46,3.99,3
6250,Motor 03 ,Ligado,61.48,3.7,253
6251,Motor 01,Em operação,51.01,3.99,282
6252,Compressor 01  ,Em operação,71.88,2.42,342
6253,Robô 02  ,Fora de operação,66.28,3.86,0
6254,  Motor 02,Operando,71.22,2.65,386
6255,Motor 02,Operando,73.8,2.58,299
6256,Motor 01,PARADO,49.58,3.31,0
6257,  Esteira 01  ,PARADO,61.09,5.11,0
6258, Robô 02,MANUTENÇÃO,73.33,6.01,1
6259,Compressor 01  ,operando,78.18,4.43,293
6260,Motor 02  ,manutencao,67.74,1.21,1
6261,Esteira 02  ,Operando,68.48,3.49,253
6262,Esteira 02,MANUTENÇÃO,58.54,4.62,13
6263,Compressor 01 ,Ligado,68.15,4.57,312
6264,  Esteira 02  ,Fora de operação,64.51,0.23,0
6265,Bomba 01 ,OPERANDO,69.71,5.99,302
6266, Motor 01,manutencao,67.52,3.84,0
6267,Motor 01 ,Fora de operação,63.84,1.85,0
6268,  Motor 03,Manutenção,61.66,3.62,23
6269,  Bomba 02  ,operando,76.3,2.73,345
6270, Compressor 01,operando,71.89,3.08,325
6271,  Esteira 02,manutencao,71.78,2.69,15
6272, Motor 03,MANUTENÇÃO,66.79,1.82,11
6273,  Robô 01,Em manutenção,62.06,4.39,26
6274, Robô 02,Em manutenção,54.31,3.34,17
6275,  Compressor 01  ,operando,66.81,3.5,416
6276,Esteira 01 ,Fora de operação,68.1,3.59,0
6277,Compressor 01  ,parado,65.3,3.2,0
6278,Motor 01 ,Parado,63.99,2.93,0
6279,Esteira 01 ,PARADO,64.26,2.79,0
6280,  Motor 02,OPERANDO,63.29,3.95,387
6281,Robô 02  ,Fora de operação,72.44,4.99,0
6282,  Esteira 02,Em operação,56.49,4.18,316
6283,  Robô 02,Operando,71.71,3.6,340
6284,Bomba 01 ,PARADO,81.24,3.16,0
6285,  Robô 02  ,Ligado,66.99,3.63,358
6286,  Motor 02  ,Desligado,74.02,3.01,0
6287, Robô 02,Parado,62.82,4.32,0
6288,Motor 01 ,Operando,63.87,2.67,193
6289,Motor 01,Manutenção,82.46,4.32,26
6290,  Motor 02  ,MANUTENÇÃO,67.0,2.68,10
6291,Bomba 02,parado,75.39,3.67,0
6292,Esteira 01  ,Em operação,71.32,0.55,371
6293,  Robô 02  ,Desligado,81.8,4.3,0
6294,Esteira 01,Operando,62.83,1.97,215
6295,Esteira 01  ,Em manutenção,60.9,5.62,26
6296,Robô 02  ,Operando,67.95,1.58,407
6297,  Robô 01,PARADO,74.28,4.18,0
6298,Esteira 01,Operando,66.53,3.88,211
6299,  Compressor 01  ,Manut.,74.36,2.71,20
6300,  Esteira 01  ,parado,77.23,1.24,0
6301,  Bomba 01  ,parado,70.46,3.33,0
6302,Motor 02  ,Desligado,69.52,3.51,0
6303, Bomba 02,MANUTENÇÃO,76.83,3.89,12
6304,Esteira 02,PARADO,59.54,4.05,0
6305,Esteira 01,OPERANDO,69.02,3.82,209
6306,Bomba 02  ,Ligado,62.98,3.4,413
6307,Robô 02  ,operando,60.32,3.67,250
6308, Motor 01,OPERANDO,68.42,4.4,197
6309,  Robô 02  ,Ligado,56.52,0.79,215
6310, Robô 01,Manut.,76.59,1.92,25
6311,Compressor 01,OPERANDO,60.05,4.03,298
6312,Robô 02 ,Fora de operação,72.13,2.03,0
6313, Motor 03,Parado,70.84,4.37,0
6314,Esteira 02 ,Em operação,64.71,2.36,243
6315,  Bomba 02  ,manutencao,58.96,2.79,27
6316,Motor 02,Em operação,68.03,2.41,191
6317,Bomba 02 ,Operando,60.3,2.36,262
6318,  Robô 01,PARADO,72.43,3.56,0
6319,Bomba 01  ,Manutenção,61.22,1.8,24
6320,  Bomba 02  ,Manut.,71.0,4.09,15
6321,Robô 02,OPERANDO,75.11,2.48,356
6322,Motor 03,manutencao,64.79,0.63,30
6323,  Esteira 01,OPERANDO,70.27,3.52,365
6324,  Bomba 02,manutencao,70.89,3.18,10
6325,Robô 01 ,operando,66.21,3.07,339
6326,Bomba 01 ,Manutenção,60.36,2.22,15
6327, Compressor 01,manutencao,51.99,3.72,18
6328,Esteira 01  ,Em manutenção,61.87,4.0,18
6329,Bomba 01 ,operando,57.76,2.54,217
6330,  Esteira 02  ,PARADO,66.64,3.52,0
6331,  Motor 02,Manutenção,68.45,4.07,29
6332,Compressor 01,Ligado,65.19,2.08,270
6333,  Bomba 02  ,PARADO,69.14,2.74,0
6334,Motor 03 ,Desligado,63.47,4.98,0
6335, Esteira 01,Operando,69.52,1.9,272
6336, Bomba 02,Operando,66.64,1.91,217
6337, Robô 02,Manutenção,66.83,4.52,4
6338,  Robô 01,Ligado,79.98,2.64,223
6339,Motor 02,Manut.,56.07,3.38,16
6340,Esteira 01,OPERANDO,63.7,2.55,289
6341,Bomba 01 ,Desligado,64.4,3.62,0
6342, Compressor 01,Operando,74.03,3.53,185
6343,Robô 01 ,OPERANDO,61.86,2.89,352
6344,  Motor 02,Manutenção,65.3,1.97,22
6345, Bomba 02,Manutenção,64.95,3.33,19
6346,Bomba 01 ,Parado,76.24,3.95,0
6347,Motor 01 ,Manut.,74.34,3.68,19
6348,  Esteira 02  ,Desligado,68.28,1.54,0
6349,  Motor 03,Manut.,71.99,4.45,0
6350,  Esteira 01,Operando,70.76,3.09,241
6351,Bomba 01,OPERANDO,66.77,1.87,180
6352,  Esteira 01  ,Em operação,61.13,1.23,343
6353, Esteira 02,PARADO,64.69,3.69,0
6354,  Motor 02,MANUTENÇÃO,54.79,2.24,17
6355,Motor 01  ,operando,74.59,1.96,236
6356,  Motor 02,Em manutenção,72.97,2.48,12
6357,  Robô 01,manutencao,66.57,2.98,6
6358,Motor 01 ,Parado,66.05,3.85,0
6359,  Motor 01,operando,61.96,3.41,298
6360,Motor 01,Manutenção,61.45,2.86,23
6361,Bomba 01  ,Operando,76.16,4.05,204
6362,  Compressor 01,Em operação,77.54,4.98,392
6363,Motor 03  ,Operando,61.98,2.67,210
6364,Bomba 01,Parado,71.23,1.77,0
6365,Bomba 02  ,Fora de operação,74.19,2.96,0
6366,Esteira 01,Parado,72.68,1.76,0
6367, Bomba 01,manutencao,67.14,3.7,21
6368,Robô 01,Parado,58.18,3.07,0
6369,  Compressor 01  ,PARADO,63.63,2.55,0
6370,  Esteira 02  ,Operando,80.1,2.55,258
6371,  Compressor 01,OPERANDO,77.73,2.48,353
6372,Esteira 01  ,Parado,70.18,3.24,0
6373,Motor 02 ,MANUTENÇÃO,70.35,3.85,16
6374, Bomba 02,PARADO,58.75,3.52,0
6375, Robô 01,parado,69.81,3.2,0
6376,Compressor 01 ,Desligado,51.24,1.72,0
6377,Motor 01 ,Manut.,79.28,2.69,17
6378,Robô 01,manutencao,67.46,1.97,26
6379,  Robô 01,operando,71.15,1.25,259
6380, Motor 03,Fora de operação,71.93,3.06,0
6381,  Bomba 01  ,MANUTENÇÃO,63.83,4.66,19
6382,Motor 03,Parado,66.44,2.17,0
6383,  Bomba 02,Parado,58.09,3.56,0
6384,Motor 02,Manutenção,69.89,4.11,18
6385, Robô 01,Operando,63.97,1.47,299
6386, Bomba 02,PARADO,71.36,2.47,0
6387,Motor 02,parado,76.09,3.1,0
6388,Bomba 01  ,Fora de operação,50.36,3.64,0
6389,Motor 02 ,Manutenção,70.82,2.84,3
6390, Esteira 01,parado,64.62,1.8,0
6391,Bomba 02,Operando,70.98,2.77,297
6392,  Bomba 02  ,manutencao,76.44,3.74,20
6393,Robô 02  ,Fora de operação,63.28,2.62,0
6394,Compressor 01 ,parado,76.41,2.16,0
6395,  Esteira 01  ,Em manutenção,56.45,2.36,15
6396,Robô 02  ,OPERANDO,57.3,3.4,417
6397,  Bomba 01  ,parado,81.18,2.22,0
6398, Esteira 01,Desligado,61.84,1.61,0
6399,  Robô 01  ,Parado,69.9,2.72,0
6400,  Bomba 01  ,Manutenção,75.74,2.81,19
6401,  Robô 01,Desligado,61.92,2.07,0
6402, Esteira 02,Fora de operação,56.41,3.41,0
6403,  Motor 01  ,Manut.,67.73,3.02,0
6404, Compressor 01,PARADO,58.74,2.38,0
6405,  Robô 02  ,Manutenção,72.47,1.54,10
6406,  Compressor 01  ,Manut.,63.66,2.5,25
6407,Esteira 02 ,operando,68.22,2.86,283
6408, Robô 02,manutencao,60.82,3.54,24
6409,Bomba 01 ,Manutenção,68.33,4.8,26
6410,Bomba 01  ,operando,66.35,2.87,384
6411, Esteira 02,Parado,53.21,2.02,0
6412,Esteira 01  ,Desligado,62.3,4.33,0
6413,  Robô 02  ,Operando,57.72,3.42,380
6414,  Robô 02,Parado,60.92,3.07,0
6415, Robô 01,Manut.,64.05,2.31,21
6416,Robô 01,parado,61.04,3.22,0
6417,Esteira 01 ,Manutenção,80.02,3.56,22
6418,Esteira 01,PARADO,65.17,2.73,0
6419,  Compressor 01,parado,80.11,4.35,0
6420,Esteira 01 ,Manutenção,76.7,3.32,15
6421,Robô 01  ,Ligado,63.89,3.48,228
6422,  Esteira 01  ,manutencao,61.3,3.09,7
6423,  Esteira 01,Fora de operação,61.57,2.62,0
6424,Robô 01 ,Manutenção,68.12,1.49,7
6425, Motor 02,Manut.,72.45,1.48,10
6426, Esteira 01,PARADO,67.82,4.64,0
6427,Bomba 01,Em operação,64.08,2.69,332
6428, Motor 01,OPERANDO,72.15,2.95,303
6429,Compressor 01,Em operação,58.44,3.73,406
6430,Motor 01  ,Ligado,65.5,2.26,268
6431,Compressor 01,Manut.,68.9,3.07,13
6432,  Motor 02,Em operação,73.52,3.56,259
6433,Esteira 02 ,Fora de operação,65.81,4.21,0
6434,Bomba 02,MANUTENÇÃO,71.74,4.17,7
6435,Robô 02,Manutenção,73.32,4.3,24
6436,  Motor 01,Parado,78.21,3.4,0
6437, Motor 02,OPERANDO,77.38,1.51,318
6438,  Esteira 01  ,manutencao,62.51,2.4,9
6439,  Esteira 02,Desligado,65.21,2.39,0
6440,Motor 01 ,Parado,58.27,4.43,0
6441,Bomba 01  ,Parado,84.55,3.93,0
6442,  Esteira 01  ,Parado,59.57,3.61,0
6443,Compressor 01  ,Fora de operação,68.94,2.28,0
6444, Esteira 01,Manutenção,71.69,3.88,6
6445,  Robô 02  ,Fora de operação,76.76,3.67,0
6446,Bomba 02,Operando,56.3,2.91,391
6447,  Esteira 01,Fora de operação,59.63,4.13,0
6448,  Motor 03,Manut.,68.18,3.02,30
6449, Motor 03,Operando,60.76,2.72,266
6450,  Motor 01,operando,57.78,3.46,290
6451,Compressor 01,Manut.,63.86,0.64,21
6452, Motor 02,Operando,75.71,3.56,233
6453,Esteira 02 ,Fora de operação,74.33,3.32,0
6454, Compressor 01,Manut.,70.34,3.52,2
6455,  Robô 01  ,Ligado,62.4,1.56,389
6456,Esteira 01  ,manutencao,58.16,1.66,23
6457, Robô 02,Fora de operação,77.72,2.26,0
6458, Robô 02,operando,73.35,3.11,186
6459,Compressor 01,OPERANDO,70.37,4.02,401
6460,Motor 01  ,OPERANDO,73.26,2.31,347
6461,  Compressor 01,manutencao,65.57,4.18,1
6462,Bomba 01 ,Fora de operação,59.43,2.67,0
6463,Robô 01  ,Manut.,63.03,3.3,17
6464,Motor 03,parado,68.43,3.65,0
6465,  Robô 01  ,manutencao,66.16,0.57,5
6466,Bomba 02  ,Desligado,72.49,3.37,0
6467,  Bomba 02  ,parado,60.88,4.08,0
6468,  Motor 03  ,Manut.,66.07,4.12,27
6469,  Robô 02,Em manutenção,66.51,2.91,13
6470,  Esteira 02,OPERANDO,65.16,2.38,389
6471, Bomba 01,Parado,59.54,3.37,0
6472,  Compressor 01  ,Em operação,58.35,3.34,317
6473,Esteira 02,PARADO,77.81,3.13,0
6474,Robô 02 ,parado,63.74,4.12,0
6475,  Motor 01,operando,73.06,4.18,308
6476,  Robô 02,Manut.,70.42,3.8,12
6477,Robô 01,MANUTENÇÃO,60.17,2.4,4
6478,  Bomba 02  ,manutencao,76.07,3.72,12
6479,Esteira 02,PARADO,73.31,3.25,0
6480,Compressor 01,Manutenção,59.68,2.99,10
6481,  Bomba 02  ,manutencao,60.25,3.82,25
6482,Esteira 01,manutencao,72.34,1.89,12
6483,  Esteira 02,Em manutenção,61.07,2.65,2
6484,  Motor 03,Fora de operação,52.22,2.78,0
6485,Motor 03 ,OPERANDO,60.79,2.77,275
6486,Esteira 02,Em manutenção,65.93,3.21,18
6487,Robô 02,Fora de operação,61.89,2.83,0
6488,Motor 01  ,PARADO,77.9,3.13,0
6489,Compressor 01,manutencao,55.82,2.95,12
6490,Compressor 01,Parado,70.83,4.1,0
6491,  Motor 02  ,Operando,61.36,3.25,252
6492, Esteira 01,parado,76.09,2.89,0
6493,Compressor 01  ,parado,63.16,3.27,0
6494,  Esteira 02,operando,63.99,2.32,197
6495,Motor 02,Manut.,74.56,1.1,1
6496,Compressor 01,Em manutenção,74.0,3.89,11
6497,  Motor 01  ,OPERANDO,69.19,3.12,269
6498,Esteira 02  ,PARADO,73.14,4.55,0
6499,  Esteira 01  ,Manutenção,65.67,2.93,0
6500,Motor 03  ,Manut.,72.02,2.47,19
6501,  Robô 02,Em operação,60.75,1.9,347
6502,  Bomba 01  ,Ligado,71.96,2.33,332
6503,  Compressor 01  ,Em operação,66.67,4.79,268
6504,  Motor 03,Manutenção,62.78,1.86,23
6505,  Esteira 02  ,Manutenção,69.87,3.8,12
6506,Esteira 02,Parado,67.86,2.42,0
6507,Esteira 02,MANUTENÇÃO,70.14,1.2,2
6508, Esteira 01,PARADO,85.5,2.0,0
6509,  Esteira 01,MANUTENÇÃO,56.63,3.87,23
6510,  Robô 02  ,Fora de operação,58.82,3.5,0
6511,Bomba 02,Em manutenção,60.69,2.93,24
6512,  Motor 02,Em operação,65.24,2.92,272
6513,Robô 01 ,Fora de operação,65.61,1.91,0
6514,Motor 02 ,Em operação,65.41,2.96,194
6515,Esteira 01 ,Desligado,62.36,3.58,0
6516,  Motor 01  ,Parado,61.84,3.37,0
6517,Motor 01  ,Fora de operação,60.37,2.6,0
6518,Motor 03 ,Parado,67.57,2.23,0
6519,  Compressor 01  ,Fora de operação,78.65,4.46,0
6520,  Motor 02  ,Operando,74.17,2.46,384
6521,Motor 02  ,Em operação,60.78,3.66,310
6522,Robô 02  ,Manutenção,73.16,3.07,7
6523,Motor 03,Ligado,61.28,4.13,210
6524,  Robô 01  ,Ligado,76.72,3.57,365
6525,  Esteira 01  ,Em operação,62.22,1.27,182
6526, Motor 01,OPERANDO,62.96,2.23,219
6527,Bomba 01  ,PARADO,65.04,2.64,0
6528,Bomba 01 ,Em operação,62.99,2.93,327
6529,  Robô 01,Manut.,70.62,1.17,22
6530, Robô 02,operando,74.68,1.66,300
6531,Esteira 02  ,manutencao,59.62,2.83,12
6532,Motor 01 ,OPERANDO,52.83,1.92,206
6533,  Compressor 01  ,Desligado,76.25,2.36,0
6534,Motor 03,Em operação,59.99,3.57,307
6535,Bomba 01  ,Operando,69.32,2.24,216
6536, Robô 02,parado,51.21,3.9,0
6537,Bomba 02  ,Manut.,56.87,3.07,14
6538,Robô 02  ,Desligado,59.34,3.37,0
6539,Esteira 02 ,Parado,52.53,2.93,0
6540,Esteira 02,Ligado,66.4,3.59,336
6541,  Motor 03  ,Manut.,57.63,2.35,6
6542,Bomba 02,manutencao,62.51,4.3,5
6543,Compressor 01 ,Manutenção,87.76,2.93,18
6544,Esteira 01 ,parado,73.69,2.37,0
6545,Motor 01,OPERANDO,74.22,1.48,315
6546,Esteira 02 ,PARADO,61.18,2.46,0
6547,  Bomba 01,operando,69.34,2.92,272
6548,Bomba 02  ,MANUTENÇÃO,58.07,4.0,22
6549,Esteira 01,MANUTENÇÃO,57.0,3.42,10
6550,Robô 02 ,Desligado,72.99,3.26,0
6551,Esteira 01,parado,77.7,3.44,0
6552,  Compressor 01  ,Manut.,65.38,3.82,6
6553,  Compressor 01  ,OPERANDO,72.56,1.03,363
6554,Compressor 01,Desligado,58.32,3.85,0
6555,Esteira 02 ,PARADO,71.53,2.43,0
6556,Esteira 01,MANUTENÇÃO,68.28,2.61,2
6557,Esteira 01  ,manutencao,75.74,3.21,5
6558,  Robô 01,Desligado,67.11,2.79,0
6559,  Bomba 02,operando,60.92,4.98,268
6560,Robô 02  ,Parado,60.22,3.02,0
6561,  Bomba 01,Parado,65.49,2.29,0
6562,Robô 01,OPERANDO,60.87,2.19,313
6563,Motor 03 ,OPERANDO,70.81,3.38,349
6564,  Robô 01  ,Desligado,60.19,4.0,0
6565,Bomba 01  ,Em operação,54.8,4.54,335
6566,Robô 01 ,OPERANDO,52.67,2.62,357
6567,Robô 01 ,PARADO,71.64,2.5,0
6568, Motor 01,operando,60.54,1.42,222
6569,Robô 02  ,Desligado,72.22,2.28,0
6570, Motor 03,manutencao,67.69,3.25,27
6571,  Bomba 02,Desligado,61.63,3.42,0
6572,  Compressor 01  ,PARADO,63.36,2.95,0
6573,  Robô 01  ,Manutenção,67.78,2.47,4
6574,  Robô 01,manutencao,65.77,3.27,7
6575,Motor 03,Desligado,75.04,3.06,0
6576, Robô 01,Em manutenção,64.83,5.73,30
6577,  Motor 01,OPERANDO,64.46,2.48,236
6578,  Esteira 02  ,Manutenção,58.91,4.76,24
6579,  Bomba 01,Ligado,62.97,3.98,229
6580,  Motor 03,PARADO,59.64,1.76,0
6581,Motor 01 ,Parado,68.99,4.3,0
6582,  Robô 02,Ligado,70.37,3.29,298
6583,  Esteira 01  ,Manutenção,65.23,2.65,17
6584,  Bomba 01,Manut.,72.15,2.64,5
6585,Esteira 02,MANUTENÇÃO,66.42,2.53,10
6586,Bomba 01 ,Manut.,58.94,3.83,25
6587,Esteira 01  ,MANUTENÇÃO,52.2,3.79,14
6588,Motor 01 ,operando,73.33,3.79,322
6589,Robô 01,Parado,68.76,2.08,0
6590,  Esteira 02,Em manutenção,63.87,2.52,12
6591,  Bomba 01,Fora de operação,85.01,3.26,0
6592,Esteira 02  ,Manutenção,71.93,2.75,21
6593,  Bomba 02,manutencao,67.61,3.74,5
6594,Robô 02,manutencao,71.56,4.17,10
6595,Bomba 01  ,PARADO,73.54,2.57,0
6596,  Motor 01  ,Em manutenção,63.32,3.38,21
6597,Robô 02 ,Parado,58.85,2.43,0
6598, Esteira 02,parado,65.75,4.24,0
6599,  Motor 01  ,Desligado,63.06,2.72,0
6600, Motor 02,manutencao,80.26,3.68,7
6601,Robô 02  ,Operando,65.2,2.4,309
6602,Compressor 01,Em manutenção,67.23,2.54,7
6603,Esteira 01 ,parado,64.79,3.0,0
6604,Robô 01,Operando,65.75,3.05,209
6605, Bomba 01,Ligado,54.13,3.61,230
6606,  Bomba 01,PARADO,76.86,3.29,0
6607,  Compressor 01,OPERANDO,59.24,3.02,261
6608,Bomba 02 ,Fora de operação,58.14,3.68,0
6609,  Compressor 01  ,Manut.,53.96,2.05,11
6610,Compressor 01 ,Fora de operação,61.97,4.18,0
6611,Bomba 01,Manut.,58.81,4.88,7
6612, Bomba 02,Fora de operação,66.28,2.7,0
6613,Motor 02 ,Desligado,57.3,4.68,0
6614,Esteira 02,Desligado,68.04,4.01,0
6615,  Motor 03  ,Parado,76.33,4.54,0
6616, Bomba 01,MANUTENÇÃO,82.27,2.12,28
6617,  Robô 01  ,Desligado,73.08,4.55,0
6618,  Bomba 02  ,Parado,69.15,3.31,0
6619,Motor 03,Em operação,70.35,2.26,255
6620,Esteira 02 ,OPERANDO,71.4,3.35,382
6621,  Motor 03,Manutenção,59.64,4.02,8
6622, Compressor 01,Operando,54.96,2.96,216
6623,Esteira 02,Ligado,69.92,2.25,399
6624, Esteira 01,manutencao,78.34,2.43,23
6625,Esteira 02 ,Operando,66.64,2.49,231
6626, Bomba 02,Em operação,59.31,1.7,185
6627,Robô 02 ,operando,71.98,4.52,390
6628,Robô 01,Parado,64.97,1.66,0
6629,  Bomba 01,Fora de operação,63.29,4.28,0
6630,Motor 01 ,Manut.,70.93,1.85,8
6631, Motor 02,MANUTENÇÃO,71.36,2.71,4
6632,Bomba 01 ,parado,75.88,3.17,0
6633,Robô 02,MANUTENÇÃO,76.48,4.28,23
6634,Esteira 01 ,MANUTENÇÃO,60.31,3.09,2
6635, Esteira 01,Fora de operação,68.05,1.71,0
6636,  Motor 03,parado,64.14,2.98,0
6637, Compressor 01,Em operação,68.47,2.65,209
6638,Motor 03,MANUTENÇÃO,68.51,3.47,22
6639,Esteira 01  ,operando,68.98,3.09,254
6640,Robô 02 ,Desligado,76.49,3.4,0
6641,Robô 02,Desligado,58.76,2.76,0
6642,Motor 02  ,parado,64.39,2.34,0
6643, Bomba 01,Ligado,73.77,3.97,353
6644,Robô 02  ,Operando,64.34,3.07,235
6645,Esteira 01 ,parado,78.0,2.74,0
6646,Esteira 01,PARADO,71.94,2.91,0
6647,  Bomba 02  ,parado,45.38,3.31,0
6648,  Motor 02,operando,77.19,3.2,356
6649,Robô 01  ,operando,56.22,1.68,383
6650,Compressor 01 ,Operando,60.93,4.91,208
6651,  Esteira 01  ,Ligado,67.3,2.89,407
6652,Esteira 01 ,MANUTENÇÃO,66.43,4.05,0
6653,Compressor 01,Em operação,73.26,2.4,280
6654,Bomba 01,Em manutenção,65.35,2.03,24
6655,Motor 03 ,manutencao,71.93,2.24,7
6656,  Motor 02,MANUTENÇÃO,66.92,2.6,0
6657,  Esteira 01  ,PARADO,75.02,2.8,0
6658,Motor 02,Manutenção,77.29,2.84,24
6659,Motor 01 ,MANUTENÇÃO,75.99,2.02,27
6660, Motor 01,MANUTENÇÃO,72.99,2.02,27
6661,Esteira 01,parado,60.73,3.76,0
6662,Motor 01 ,Fora de operação,61.46,2.47,0
6663,  Robô 02,parado,64.96,2.41,0
6664, Motor 03,Ligado,66.1,2.77,306
6665,  Motor 02  ,Manutenção,61.62,4.78,25
6666,Motor 01  ,PARADO,68.73,2.83,0
6667,Motor 01  ,parado,68.43,3.7,0
6668, Esteira 02,Em manutenção,78.48,3.42,10
6669,  Robô 01,Em operação,64.62,4.61,357
6670,Robô 01  ,Ligado,59.73,2.09,242
6671,Compressor 01 ,Fora de operação,65.5,1.2,0
6672, Compressor 01,OPERANDO,52.49,2.78,413
6673,  Robô 01  ,OPERANDO,63.53,1.94,266
6674,Esteira 02 ,Parado,70.42,3.1,0
6675,Robô 02,Manut.,60.5,2.62,0
6676,Esteira 01 ,Desligado,74.86,1.78,0
6677,  Esteira 01,PARADO,52.23,2.52,0
6678,  Robô 01  ,PARADO,71.83,5.03,0
6679, Esteira 01,Ligado,65.24,3.05,357
6680,  Esteira 01,Em operação,59.15,3.55,285
6681,Bomba 02 ,Desligado,59.75,3.58,0
6682,Esteira 02,parado,68.43,4.79,0
6683,Motor 03,parado,68.07,4.2,0
6684, Bomba 01,Fora de operação,60.39,3.46,0
6685,Motor 02 ,Parado,66.31,3.09,0
6686,Motor 02,manutencao,67.88,2.35,2
6687,  Bomba 01,OPERANDO,56.45,2.67,362
6688,  Esteira 01  ,parado,69.11,2.86,0
6689,  Robô 01,operando,72.55,3.69,187
6690,  Esteira 01,operando,75.11,3.83,282
6691,Motor 01 ,Parado,61.72,4.29,0
6692,Bomba 02 ,Manut.,66.41,4.74,16
6693,  Esteira 01,Desligado,67.31,0.82,0
6694,  Esteira 01,PARADO,71.67,3.52,0
6695, Motor 01,Em operação,74.54,2.05,341
6696,Bomba 01 ,Parado,70.77,2.34,0
6697,  Bomba 02,Operando,88.86,3.27,397
6698,Motor 02,Fora de operação,76.66,2.7,0
6699, Motor 03,PARADO,69.79,0.63,0
6700,  Robô 01,MANUTENÇÃO,53.97,1.97,21
6701,  Motor 03  ,operando,60.47,1.79,376
6702,  Compressor 01  ,Em manutenção,69.27,2.16,16
6703,Esteira 01  ,Parado,59.21,1.39,0
6704,Robô 02 ,Em manutenção,63.7,2.11,25
6705, Robô 02,Em operação,77.92,3.39,326
6706,  Motor 02,Manutenção,72.78,2.64,17
6707,Motor 02,Ligado,57.85,3.91,246
6708, Motor 01,Em operação,70.98,1.81,323
6709, Esteira 02,Em manutenção,66.78,1.97,14
6710,Motor 01,manutencao,55.81,3.98,29
6711,Robô 02 ,manutencao,63.64,2.33,22
6712,Motor 02 ,MANUTENÇÃO,74.29,5.36,8
6713,Esteira 02  ,manutencao,60.04,3.95,9
6714,Motor 03,manutencao,67.08,1.96,22
6715,  Bomba 01,OPERANDO,62.8,3.2,181
6716,Motor 01,parado,78.28,2.76,0
6717,  Motor 02  ,PARADO,68.68,3.92,0
6718,  Robô 02  ,MANUTENÇÃO,64.48,4.73,18
6719, Motor 03,Parado,61.09,1.46,0
6720,Esteira 01  ,Ligado,70.26,2.16,412
6721,Robô 01  ,PARADO,64.9,1.61,0
6722,Motor 01,operando,59.63,3.48,206
6723,  Motor 03  ,manutencao,59.87,2.11,10
6724,  Compressor 01,operando,66.6,2.36,399
6725,Esteira 02  ,Em operação,64.17,2.94,415
6726, Esteira 02,Manutenção,64.26,1.73,28
6727,Esteira 01 ,manutencao,64.64,3.56,28
6728, Robô 01,Manutenção,67.97,3.69,17
6729,  Compressor 01  ,Parado,73.51,1.97,0
6730,Robô 02  ,operando,65.81,2.83,215
6731,Bomba 02 ,parado,65.84,4.19,0
6732,Compressor 01,Em manutenção,74.33,3.7,4
6733,Motor 02  ,Em manutenção,74.85,3.01,1
6734,Robô 01  ,Em operação,77.04,3.81,180
6735,  Compressor 01  ,Fora de operação,82.23,5.16,0
6736,Motor 02,Em operação,71.93,2.78,277
6737,Motor 02,Fora de operação,70.22,2.52,0
6738,  Robô 02,Parado,68.34,2.52,0
6739,  Esteira 02,Ligado,79.41,2.64,351
6740,Robô 01  ,Em manutenção,63.32,2.36,22
6741, Motor 03,PARADO,77.41,3.1,0
6742,Esteira 02  ,Manutenção,72.98,1.73,14
6743,Motor 01,PARADO,53.41,2.33,0
6744,Motor 03 ,Ligado,74.58,5.15,220
6745,  Motor 02  ,manutencao,68.72,1.24,17
6746, Motor 03,parado,48.42,3.38,0
6747,Motor 01  ,parado,63.36,2.21,0
6748, Motor 01,Desligado,53.07,4.03,0
6749,Esteira 01  ,Ligado,71.81,1.83,272
6750,Compressor 01,parado,62.84,4.68,0
6751, Robô 01,operando,67.04,3.05,183
6752,  Esteira 01  ,manutencao,53.98,3.43,23
6753,Robô 02,PARADO,72.04,3.32,0
6754,Robô 01,Desligado,59.08,1.87,0
6755,  Bomba 02  ,manutencao,68.01,1.44,30
6756, Robô 02,OPERANDO,79.24,3.51,383
6757,Motor 01  ,Manut.,70.95,2.63,16
6758,Esteira 02  ,OPERANDO,61.97,1.75,305
6759,Esteira 02  ,PARADO,77.81,1.35,0
6760,Motor 03  ,parado,59.12,4.7,0
6761,  Esteira 02  ,Em manutenção,66.24,4.01,10
6762, Compressor 01,parado,60.49,3.27,0
6763,Esteira 02,MANUTENÇÃO,63.62,2.76,3
6764,Compressor 01  ,Em operação,57.81,3.11,180
6765, Motor 01,Em operação,65.12,3.56,218
6766, Motor 01,parado,73.96,2.94,0
6767,Esteira 01,Ligado,75.16,4.27,349
6768,Esteira 02 ,OPERANDO,73.45,2.82,293
6769, Esteira 01,Operando,58.53,2.08,188
6770,Compressor 01 ,MANUTENÇÃO,67.76,1.48,7
6771,Bomba 01,parado,63.08,3.05,0
6772,Motor 03 ,PARADO,60.55,3.77,0
6773, Motor 02,Parado,65.78,2.45,0
6774,Robô 02  ,Operando,78.6,3.78,395
6775,  Esteira 01,manutencao,73.37,2.63,29
6776, Esteira 01,OPERANDO,61.94,3.13,246
6777, Motor 03,Desligado,77.15,2.56,0
6778,Motor 03  ,Ligado,52.48,3.56,393
6779,  Esteira 01,Manutenção,69.82,3.91,18
6780,Esteira 01,Operando,67.54,3.82,300
6781,Motor 01,Desligado,64.87,2.29,0
6782,Esteira 01 ,Manut.,70.76,2.69,14
6783,Motor 01 ,Ligado,72.29,5.05,230
6784,  Motor 02  ,Manutenção,54.58,2.68,6
6785,Robô 01 ,Parado,57.41,4.11,0
6786, Motor 02,Parado,58.02,1.43,0
6787,Motor 01 ,PARADO,67.62,3.55,0
6788,  Robô 01  ,Manutenção,58.79,1.91,21
6789,  Motor 02,parado,60.77,2.67,0
6790,  Motor 01  ,Manutenção,61.92,3.73,22
6791,Bomba 01 ,Em operação,65.52,1.58,204
6792,  Bomba 01,Manutenção,62.93,1.43,14
6793,  Robô 02  ,OPERANDO,65.41,3.2,232
6794,  Motor 03  ,Em manutenção,57.38,3.54,30
6795,  Robô 02,Desligado,57.47,2.85,0
6796,  Esteira 02  ,OPERANDO,58.2,2.89,342
6797,Robô 02,Ligado,59.31,2.27,335
6798,  Compressor 01  ,Manutenção,62.13,3.02,6
6799,  Motor 02  ,Parado,71.16,3.19,0
6800,Robô 02  ,Parado,67.62,1.24,0
6801,Bomba 02 ,MANUTENÇÃO,65.13,3.41,21
6802, Motor 01,Parado,74.47,3.18,0
6803,  Robô 01,Manutenção,66.09,2.86,20
6804, Compressor 01,Em operação,59.11,3.14,402
6805,Esteira 02  ,Fora de operação,63.79,2.15,0
6806,Motor 03  ,Fora de operação,60.91,4.17,0
6807, Motor 01,Desligado,63.93,3.84,0
6808,  Compressor 01,OPERANDO,70.56,3.83,324
6809, Bomba 02,Manut.,64.41,2.35,18
6810, Bomba 02,Fora de operação,59.31,2.26,0
6811,Robô 02 ,Operando,69.73,4.33,262
6812,  Esteira 02,Parado,57.52,3.68,0
6813, Bomba 01,operando,58.75,3.33,235
6814,Motor 01,OPERANDO,66.78,2.66,349
6815,  Motor 03  ,MANUTENÇÃO,82.62,2.3,12
6816, Bomba 02,Manutenção,66.81,2.49,23
6817,  Bomba 02  ,MANUTENÇÃO,56.16,3.49,26
6818, Motor 03,manutencao,71.42,5.25,14
6819,Esteira 02  ,Ligado,64.9,2.89,350
6820,Bomba 02,MANUTENÇÃO,69.96,3.39,19
6821,Motor 01 ,Desligado,60.02,2.98,0
6822,  Motor 01  ,PARADO,70.62,5.01,0
6823,  Motor 03,Em operação,63.08,4.68,378
6824,Robô 01  ,Manutenção,63.24,1.72,16
6825,Bomba 01  ,Parado,63.12,2.51,0
6826,  Compressor 01,MANUTENÇÃO,79.03,3.76,21
6827,Motor 01  ,Ligado,51.33,3.16,254
6828,  Bomba 01  ,Desligado,71.48,3.61,0
6829, Compressor 01,manutencao,65.97,4.16,18
6830,Esteira 02 ,Manut.,62.15,3.13,30
6831,Esteira 01  ,PARADO,68.64,1.05,0
6832, Bomba 01,Desligado,68.62,3.01,0
6833,  Bomba 01,parado,55.39,5.55,0
6834, Robô 01,PARADO,52.69,2.54,0
6835,  Compressor 01,operando,53.82,1.85,318
6836, Robô 01,PARADO,65.11,4.92,0
6837,Bomba 01,Fora de operação,70.52,2.02,0
6838, Robô 02,Desligado,70.97,3.25,0
6839,Bomba 01,OPERANDO,67.54,4.29,326
6840,  Robô 02  ,parado,64.61,4.87,0
6841,Motor 03 ,Manut.,69.09,4.8,7
6842,Bomba 01 ,Desligado,61.8,3.6,0
6843, Motor 02,Em manutenção,72.26,3.66,1
6844,Esteira 01  ,PARADO,74.83,3.57,0
6845, Motor 01,Parado,71.92,2.33,0
6846,  Esteira 02,parado,72.91,3.1,0
6847, Motor 01,PARADO,60.82,3.72,0
6848,  Compressor 01,manutencao,70.07,2.84,23
6849,  Motor 02,operando,68.35,3.56,266
6850, Motor 01,manutencao,57.56,2.42,22
6851,Bomba 01 ,Desligado,69.65,1.57,0
6852,  Motor 02  ,Fora de operação,68.73,2.93,0
6853,Esteira 02,Parado,62.09,3.01,0
6854,Esteira 01 ,OPERANDO,71.08,2.24,363
6855,Bomba 02,operando,70.34,1.99,260
6856,Motor 01,OPERANDO,56.47,2.2,303
6857,Esteira 01  ,Operando,78.25,4.36,187
6858, Motor 02,Em manutenção,65.2,4.0,14
6859,Motor 02  ,operando,74.6,2.42,278
6860,Motor 02  ,Em operação,57.63,2.03,209
6861,  Esteira 01,Manutenção,68.45,2.16,28
6862,Bomba 01 ,operando,57.71,2.42,369
6863, Robô 02,Em manutenção,73.5,2.65,14
6864,Motor 02  ,parado,69.27,1.98,0
6865,Compressor 01,Desligado,73.03,3.16,0
6866,Motor 03  ,Em manutenção,68.19,3.67,26
6867,  Robô 01  ,MANUTENÇÃO,79.11,0.64,0
6868,  Compressor 01  ,operando,64.63,2.85,331
6869, Esteira 01,Em manutenção,74.54,4.41,8
6870,Robô 02 ,OPERANDO,68.99,3.03,403
6871,Esteira 02,Manutenção,87.6,4.1,6
6872,  Compressor 01  ,operando,74.26,2.66,272
6873,Robô 01  ,Parado,58.65,4.15,0
6874,Esteira 02  ,Operando,64.46,3.41,356
6875,  Motor 03,MANUTENÇÃO,70.67,3.02,1
6876,Esteira 01,parado,55.96,2.07,0
6877,  Motor 02,Parado,63.91,3.13,0
6878,Motor 02,Desligado,54.99,3.89,0
6879,Motor 02  ,operando,75.37,2.22,213
6880,  Esteira 01  ,Fora de operação,75.88,1.2,0
6881,Esteira 01,OPERANDO,62.82,4.28,370
6882,  Robô 01,Fora de operação,66.31,2.57,0
6883, Bomba 02,Ligado,71.3,3.64,349
6884,Bomba 01  ,parado,56.95,2.58,0
6885,Robô 02,Em manutenção,76.18,3.27,12
6886,Motor 02  ,MANUTENÇÃO,59.72,3.81,30
6887,Esteira 02 ,Operando,65.32,3.46,216
6888, Motor 01,MANUTENÇÃO,59.52,3.67,12
6889,Esteira 02,manutencao,76.23,2.01,8
6890,  Esteira 02  ,MANUTENÇÃO,71.72,1.31,28
6891,  Robô 01  ,operando,64.05,2.0,206
6892,Esteira 02,MANUTENÇÃO,69.05,1.21,8
6893,Bomba 02  ,Parado,66.23,4.39,0
6894,Bomba 01,Em manutenção,59.3,3.86,25
6895,Bomba 01  ,Operando,63.81,3.37,296
6896,Esteira 02 ,parado,58.86,3.63,0
6897,  Robô 02  ,Desligado,72.57,2.63,0
6898,  Motor 01,Em operação,79.56,5.32,200
6899, Esteira 02,Manutenção,66.07,2.98,19
6900,  Bomba 01,Manut.,73.44,1.98,29
6901, Bomba 02,Parado,73.06,1.88,0
6902,Robô 01 ,PARADO,61.21,3.65,0
6903,Motor 02  ,MANUTENÇÃO,65.8,3.35,12
6904,  Esteira 02,OPERANDO,57.24,2.88,211
6905,Compressor 01 ,Manutenção,63.54,1.06,10
6906,Robô 02,OPERANDO,84.49,2.56,279
6907,Motor 03  ,MANUTENÇÃO,60.46,3.43,3
6908,  Bomba 02,OPERANDO,68.02,1.86,291
6909, Motor 01,Em operação,64.0,2.8,386
6910,Bomba 02  ,Fora de operação,88.37,1.36,0
6911,  Bomba 02,Manutenção,73.74,3.39,12
6912,  Motor 03,manutencao,56.39,3.19,1
6913,Motor 03,Manut.,56.27,4.86,30
6914, Motor 03,operando,66.18,2.55,217
6915, Esteira 02,Ligado,63.56,3.87,370
6916,Bomba 02,Operando,55.53,2.88,313
6917,Robô 02 ,Fora de operação,65.06,3.33,0
6918,Motor 03,Parado,69.3,3.01,0
6919,Motor 03,Manutenção,59.76,4.35,7
6920, Bomba 01,MANUTENÇÃO,76.5,3.93,16
6921,Esteira 02 ,Manut.,61.64,3.56,30
6922, Robô 02,Em operação,64.31,2.46,212
6923,Motor 02,Fora de operação,70.39,3.39,0
6924,Robô 02 ,Manut.,66.41,4.75,23
6925,Motor 02 ,Manut.,63.0,1.4,8
6926,Motor 01  ,Manut.,69.09,1.94,8
6927,  Esteira 01  ,Em manutenção,57.55,1.57,15
6928,Robô 02  ,OPERANDO,64.78,2.31,373
6929,Motor 03,Manut.,79.14,4.62,4
6930,Esteira 01,Ligado,50.4,3.22,401
6931,Robô 01,Desligado,67.96,3.21,0
6932,  Motor 01  ,Fora de operação,56.68,4.43,0
6933,  Motor 03,Parado,75.47,3.05,0
6934,  Robô 02,MANUTENÇÃO,68.29,3.98,16
6935,  Compressor 01,Em operação,69.33,1.1,401
6936,  Motor 03,Ligado,67.64,2.26,313
6937, Robô 01,Ligado,66.86,0.2,390
6938,Motor 03 ,Em operação,65.74,3.72,343
6939, Bomba 01,Parado,78.13,4.53,0
6940,  Robô 01  ,Desligado,67.4,1.83,0
6941,Bomba 01,Ligado,66.93,4.05,321
6942, Robô 01,Desligado,71.0,2.96,0
6943,  Esteira 02,parado,60.26,3.27,0
6944,  Bomba 02  ,Operando,58.45,2.85,306
6945,Esteira 02 ,manutencao,64.27,1.99,2
6946,Motor 03,Manutenção,62.3,3.22,21
6947,  Esteira 01  ,Manut.,61.9,3.7,6
6948,Motor 02 ,MANUTENÇÃO,67.0,2.56,4
6949,  Motor 02  ,Manutenção,80.12,3.51,22
6950,Motor 02 ,MANUTENÇÃO,71.73,2.9,20
6951,Motor 02,MANUTENÇÃO,62.71,3.62,9
6952, Bomba 01,Fora de operação,69.26,1.79,0
6953,Esteira 02 ,manutencao,61.6,3.29,6
6954,Esteira 01,Fora de operação,70.86,1.23,0
6955,Motor 02,Manutenção,69.98,2.52,26
6956,Esteira 01 ,MANUTENÇÃO,60.3,2.57,19
6957,Bomba 02  ,PARADO,68.55,3.14,0
6958,  Motor 01  ,Ligado,68.54,2.28,255
6959,Esteira 02  ,Fora de operação,55.53,3.14,0
6960,  Robô 01  ,Parado,71.33,1.64,0
6961,  Motor 02  ,Desligado,63.95,3.04,0
6962,Compressor 01  ,parado,77.4,3.62,0
6963,Motor 03,Parado,63.37,2.85,0
6964,Robô 02 ,Ligado,48.42,3.85,236
6965, Robô 01,PARADO,74.6,2.34,0
6966, Motor 01,Ligado,70.13,3.51,238
6967,Robô 02 ,Em operação,51.9,2.3,292
6968,Motor 01 ,PARADO,67.94,3.58,0
6969,  Esteira 02  ,Manut.,65.84,0.95,6
6970,Bomba 02  ,PARADO,64.11,4.15,0
6971,Compressor 01 ,Operando,62.21,3.28,278
6972,Bomba 02 ,parado,77.42,3.22,0
6973,  Compressor 01,manutencao,75.82,4.61,17
6974,Motor 03,Em manutenção,79.06,2.74,20
6975, Robô 01,operando,52.98,1.98,399
6976,  Robô 01,Em manutenção,71.06,2.94,17
6977,  Esteira 02,OPERANDO,57.16,3.8,235
6978, Robô 02,Ligado,75.99,1.34,364
6979,  Bomba 01  ,Fora de operação,74.43,3.09,0
6980,  Motor 03  ,MANUTENÇÃO,73.91,3.33,21
6981,Bomba 02,Manut.,66.05,4.02,7
6982, Motor 02,Ligado,66.77,5.32,232
6983,Bomba 01  ,MANUTENÇÃO,65.68,1.8,17
6984,Motor 02,Desligado,56.18,0.74,0
6985,Bomba 02 ,operando,70.09,3.74,210
6986,  Motor 01,manutencao,67.84,4.37,2
6987,  Compressor 01  ,Operando,63.14,4.57,420
6988,  Esteira 01,Em operação,60.96,2.23,201
6989,  Bomba 02  ,Parado,52.98,2.01,0
6990,  Robô 01  ,manutencao,55.72,4.77,5
6991,Motor 02  ,Ligado,55.26,3.1,415
6992, Motor 02,MANUTENÇÃO,69.77,2.58,22
6993,Bomba 02 ,Fora de operação,58.89,3.13,0
6994,  Compressor 01,Desligado,58.91,3.16,0
6995, Robô 02,Parado,68.76,2.08,0
6996,Esteira 01 ,operando,41.96,3.43,198
6997,Robô 02 ,Ligado,70.55,0.2,186
6998,  Robô 01  ,Desligado,68.34,2.5,0
6999, Compressor 01,Ligado,69.93,4.4,353
7000,  Compressor 01,operando,65.92,3.28,204
7001,Motor 02,Ligado,62.13,2.53,314
7002,Motor 01 ,Em operação,68.89,3.71,244
7003,Compressor 01  ,OPERANDO,67.28,2.32,329
7004,Robô 02,operando,78.26,3.13,280
7005,  Motor 02,MANUTENÇÃO,72.5,1.41,26
7006,  Compressor 01  ,Fora de operação,80.29,3.32,0
7007,Robô 02  ,operando,58.64,4.92,237
7008,  Robô 01  ,Manut.,74.59,3.28,30
7009,  Robô 02,PARADO,63.52,2.24,0
7010,Motor 03,Fora de operação,65.42,2.65,0
7011, Motor 03,PARADO,69.5,3.88,0
7012,Motor 03,Parado,60.09,3.04,0
7013,  Robô 02,OPERANDO,79.22,1.76,338
7014,Compressor 01,Manutenção,72.63,1.9,11
7015,Compressor 01  ,Ligado,74.9,4.81,299
7016,Motor 01,operando,64.49,2.32,338
7017,  Motor 02,Manutenção,57.19,3.11,5
7018,Bomba 02,Em manutenção,74.19,2.88,10
7019,Bomba 02  ,Desligado,61.64,1.24,0
7020,  Robô 01,MANUTENÇÃO,81.82,3.98,16
7021,  Bomba 01  ,Fora de operação,50.52,3.48,0
7022,  Robô 01,PARADO,75.36,1.69,0
7023,Robô 02 ,Em manutenção,69.52,4.6,6
7024,Bomba 02 ,Em operação,68.69,2.88,277
7025, Esteira 01,PARADO,60.54,3.81,0
7026,Bomba 02 ,Fora de operação,55.86,4.36,0
7027,  Esteira 02  ,Parado,56.84,2.93,0
7028,  Bomba 02,Fora de operação,66.46,4.42,0
7029,  Esteira 02,manutencao,72.76,3.54,20
7030,Esteira 01 ,Em manutenção,61.99,3.37,10
7031,  Motor 01  ,Manutenção,68.05,3.26,11
7032,  Esteira 01,PARADO,71.89,4.36,0
7033,  Robô 01  ,Em operação,62.0,1.6,336
7034,Bomba 02 ,Manut.,68.41,4.48,10
7035, Motor 01,PARADO,69.19,2.23,0
7036,Robô 01,MANUTENÇÃO,75.37,2.86,11
7037,Esteira 01  ,Ligado,69.74,4.27,416
7038,Bomba 02  ,Ligado,70.72,4.36,243
7039,Bomba 02  ,parado,63.25,4.65,0
7040,  Motor 01  ,Manut.,64.96,4.82,15
7041,  Esteira 01,Ligado,78.86,3.71,250
7042,Motor 02 ,Operando,65.78,2.13,225
7043,Esteira 02,Parado,77.04,4.19,0
7044,  Motor 03,Parado,52.95,2.89,0
7045,  Compressor 01  ,Fora de operação,62.72,3.38,0
7046,  Esteira 02,PARADO,65.56,4.14,0
7047,  Bomba 02,manutencao,71.78,3.26,27
7048,  Motor 03,Ligado,70.99,1.93,301
7049,Esteira 02,Parado,56.87,2.12,0
7050,Robô 02 ,Em manutenção,67.93,2.8,2
7051, Motor 01,Manutenção,64.88,3.12,25
7052,Robô 01,Manutenção,71.38,2.47,12
7053,Esteira 02  ,Em operação,60.47,2.49,324
7054, Compressor 01,Desligado,68.7,3.79,0
7055,  Motor 01,operando,66.58,3.79,262
7056,  Compressor 01  ,Parado,64.92,5.5,0
7057,Robô 01  ,Ligado,67.92,2.93,386
7058,  Bomba 01  ,MANUTENÇÃO,68.24,1.59,13
7059, Motor 01,MANUTENÇÃO,55.97,3.43,27
7060,  Robô 01,Parado,59.8,3.56,0
7061,Compressor 01,Manutenção,73.17,1.82,21
7062, Motor 02,Fora de operação,72.98,4.99,0
7063,Bomba 02,Em manutenção,67.67,3.57,6
7064,  Compressor 01,Em operação,60.39,4.19,313
7065,  Esteira 02  ,operando,61.36,0.63,412
7066,  Esteira 01,parado,73.98,2.67,0
7067,  Bomba 01  ,Desligado,67.19,2.95,0
7068,Robô 02,MANUTENÇÃO,79.11,3.6,12
7069,Bomba 01,Manut.,74.26,3.3,1
7070,Compressor 01,PARADO,55.33,2.81,0
7071,  Esteira 02,Desligado,65.99,1.91,0
7072,Esteira 01,Ligado,66.64,5.02,269
7073, Compressor 01,parado,72.65,2.72,0
7074,  Esteira 02  ,Manutenção,72.8,3.14,8
7075, Robô 02,PARADO,67.96,3.42,0
7076, Motor 01,operando,72.96,2.16,389
7077, Robô 01,MANUTENÇÃO,63.39,2.25,8
7078,  Esteira 01  ,operando,56.6,3.82,263
7079,Robô 02  ,Em manutenção,66.42,3.87,8
7080,Motor 01  ,Desligado,58.85,1.29,0
7081, Robô 02,Operando,68.39,3.71,340
7082,  Motor 01,Manutenção,72.69,2.41,27
7083, Bomba 01,parado,58.07,1.91,0
7084,  Motor 02  ,Parado,74.17,4.69,0
7085, Motor 01,Fora de operação,76.71,2.63,0
7086,  Bomba 02,Ligado,70.44,5.58,390
7087, Motor 03,Parado,71.14,2.28,0
7088,Esteira 02,Ligado,76.28,3.35,331
7089,Motor 02 ,Em operação,71.56,1.29,385
7090,  Motor 03  ,PARADO,68.08,3.68,0
7091, Motor 02,Em manutenção,76.48,2.88,6
7092,Motor 02  ,Manut.,66.32,3.29,4
7093,Esteira 01,Manutenção,70.64,2.92,1
7094,Bomba 02  ,OPERANDO,67.84,2.78,315
7095,  Motor 02  ,Operando,52.96,2.21,194
7096,Bomba 01 ,Desligado,65.2,4.16,0
7097,Robô 01 ,PARADO,67.33,1.95,0
7098, Compressor 01,Fora de operação,73.27,0.89,0
7099,Motor 03 ,Em manutenção,64.93,1.71,10
7100,Esteira 01  ,Em manutenção,77.93,4.31,17
7101,  Motor 03,OPERANDO,69.87,2.6,311
7102,  Motor 03,Manut.,66.43,3.62,11
7103,Motor 02  ,Parado,69.65,3.97,0
7104,  Compressor 01  ,parado,68.84,1.37,0
7105,Motor 02 ,Manut.,65.93,3.35,1
7106,Robô 01,Fora de operação,57.01,3.85,0
7107,Robô 02 ,Em manutenção,63.21,4.65,14
7108,Bomba 02,Manutenção,67.37,2.93,22
7109,Esteira 02  ,Desligado,64.73,4.71,0
7110,  Bomba 01  ,Operando,63.22,3.06,245
7111,  Esteira 02,manutencao,65.7,3.81,10
7112,  Motor 01,Manut.,72.57,2.01,11
7113,Bomba 01 ,Fora de operação,63.11,1.47,0
7114,Esteira 01 ,Em manutenção,62.85,4.14,27
7115,Motor 01  ,MANUTENÇÃO,64.54,1.67,14
7116,Compressor 01 ,Em operação,54.41,3.72,340
7117,  Compressor 01,Em operação,57.11,4.56,274
7118,  Esteira 02  ,operando,72.9,3.96,217
7119,  Esteira 02  ,Fora de operação,69.02,2.4,0
7120,  Robô 02,Fora de operação,74.93,3.38,0
7121,Esteira 02 ,Manut.,53.84,5.26,17
7122,Esteira 02  ,manutencao,66.37,1.99,8
7123,  Motor 02,parado,74.09,4.21,0
7124,  Bomba 01,Manutenção,68.97,2.69,10
7125,Bomba 01  ,Ligado,66.04,3.3,223
7126,  Compressor 01,PARADO,66.03,4.72,0
7127,  Motor 01,Em operação,69.89,3.51,378
7128,  Motor 03,OPERANDO,63.98,2.19,230
7129,Motor 02 ,Em manutenção,64.69,3.46,20
7130,Esteira 01 ,operando,50.91,3.15,389
7131,Motor 01,Parado,65.63,4.03,0
7132, Robô 01,MANUTENÇÃO,65.38,4.01,30
7133,Bomba 01 ,Manut.,62.86,3.36,3
7134,Bomba 02  ,Manutenção,68.49,4.04,29
7135,  Compressor 01  ,Em manutenção,67.65,2.07,1
7136,Robô 01  ,Parado,67.32,2.25,0
7137,Robô 02,Operando,55.19,3.07,193
7138, Esteira 02,operando,60.36,3.26,264
7139,Compressor 01  ,Parado,67.31,2.66,0
7140,  Robô 02,Fora de operação,67.81,4.09,0
7141,Bomba 02,MANUTENÇÃO,76.8,2.53,7
7142,  Motor 02  ,Manutenção,59.52,3.69,30
7143,Robô 01  ,Desligado,60.78,4.32,0
7144,Motor 02,Parado,58.78,4.32,0
7145,Esteira 01  ,operando,72.61,3.63,232
7146,Motor 03,OPERANDO,65.17,3.28,336
7147,  Esteira 01  ,Manutenção,65.87,1.54,30
7148,  Robô 02,Ligado,64.94,3.1,412
7149,  Motor 01  ,Manutenção,73.73,2.3,20
7150,Compressor 01  ,OPERANDO,88.1,1.99,196
7151,Robô 01  ,Fora de operação,68.42,3.92,0
7152,Compressor 01  ,operando,67.12,2.07,295
7153,  Bomba 02,Ligado,66.92,2.3,395
7154,  Motor 03  ,Operando,61.32,2.87,359
7155, Motor 02,Em operação,71.64,4.67,291
7156,  Esteira 02,Em operação,74.64,4.58,258
7157,Esteira 02,Em operação,58.28,3.39,376
7158,  Motor 03,Fora de operação,70.06,2.18,0
7159,Compressor 01  ,MANUTENÇÃO,62.08,2.12,21
7160,  Robô 01,PARADO,69.69,2.34,0
7161,Robô 02  ,OPERANDO,63.79,4.23,349
7162,Motor 02 ,Manut.,73.55,2.8,19
7163,Esteira 01  ,Fora de operação,65.46,2.38,0
7164,Bomba 01 ,MANUTENÇÃO,61.42,3.43,4
7165,Esteira 01  ,Em operação,71.02,3.14,276
7166,Robô 02,Em manutenção,58.51,2.66,12
7167,Esteira 02  ,parado,58.97,4.04,0
7168,Robô 01,Manut.,81.8,5.13,5
7169,Motor 03  ,MANUTENÇÃO,68.32,2.38,24
7170,Motor 03 ,parado,63.46,2.9,0
7171, Motor 01,PARADO,69.12,4.21,0
7172,Robô 01 ,Operando,77.43,2.92,196
7173,Esteira 01  ,parado,61.09,3.14,0
7174,Robô 01 ,PARADO,64.72,3.1,0
7175,Esteira 02 ,Parado,57.79,2.33,0
7176,  Bomba 01  ,MANUTENÇÃO,60.29,3.42,26
7177,  Bomba 01,Desligado,59.09,4.09,0
7178,Motor 01 ,Parado,77.41,3.77,0
7179,  Bomba 02  ,manutencao,59.71,3.24,20
7180,Esteira 02  ,Em operação,68.59,4.11,237
7181,  Motor 03,Operando,64.75,3.45,291
7182, Bomba 01,Manut.,66.96,3.86,1
7183,Motor 01 ,OPERANDO,76.06,3.9,290
7184,Compressor 01 ,PARADO,63.97,1.14,0
7185,Motor 03,Ligado,62.46,4.36,203
7186,Robô 02  ,Parado,62.1,1.81,0
7187,  Bomba 01,Parado,63.43,2.57,0
7188,Bomba 01  ,Parado,69.85,3.23,0
7189, Esteira 02,Manut.,68.77,3.69,18
7190,  Robô 01,Manut.,57.24,3.83,6
7191,  Motor 03,Manutenção,57.65,2.24,24
7192, Esteira 02,Ligado,67.89,3.53,282
7193,  Motor 01  ,MANUTENÇÃO,48.42,3.01,23
7194,Compressor 01,Operando,64.61,3.49,200
7195,Robô 01 ,Parado,54.07,3.59,0
7196,Esteira 02  ,Em manutenção,67.69,2.16,19
7197,Motor 01 ,Em manutenção,67.92,3.24,5
7198,Bomba 01  ,Fora de operação,51.12,4.18,0
7199, Esteira 02,Parado,73.81,2.43,0
7200,Esteira 01,Em operação,67.73,3.06,303
7201,  Compressor 01  ,Manut.,66.66,2.15,7
7202,  Motor 01,operando,78.65,3.21,409
7203,Motor 03,parado,59.65,2.76,0
7204, Bomba 01,Em manutenção,61.48,3.3,14
7205, Esteira 01,Operando,66.39,3.51,212
7206,Compressor 01 ,Ligado,68.36,2.5,288
7207,Bomba 02 ,parado,69.68,2.61,0
7208,  Esteira 01,operando,82.15,1.62,266
7209,Robô 01,parado,67.43,2.34,0
7210,Bomba 01 ,Parado,71.55,3.99,0
7211,Motor 03,Manutenção,67.5,4.51,15
7212, Motor 01,PARADO,66.44,2.62,0
7213,Motor 01 ,Manut.,66.86,1.18,21
7214,Bomba 02  ,PARADO,75.89,3.44,0
7215,  Bomba 01,operando,69.64,0.46,201
7216,Robô 01,Em manutenção,56.52,4.45,19
7217, Esteira 01,Ligado,58.75,4.44,327
7218,  Esteira 01  ,Manut.,68.15,4.5,11
7219,Esteira 02  ,Em operação,65.91,1.55,200
7220,Bomba 02 ,PARADO,73.15,1.16,0
7221,Robô 02 ,Ligado,69.05,3.48,315
7222,Esteira 01,OPERANDO,66.06,4.1,247
7223,  Bomba 02  ,Desligado,69.09,1.73,0
7224,  Bomba 01  ,operando,63.52,2.85,188
7225,Esteira 02,Em manutenção,69.36,0.95,10
7226,Esteira 02  ,Desligado,72.97,3.28,0
7227,Motor 01  ,Ligado,69.55,4.03,273
7228, Esteira 01,parado,68.5,3.81,0
7229,  Bomba 01,manutencao,68.51,1.56,6
7230,  Compressor 01  ,Em manutenção,75.69,3.53,17
7231,Esteira 02,parado,67.72,2.32,0
7232,  Compressor 01,Operando,64.48,2.67,381
7233,Compressor 01,Em manutenção,72.43,2.94,1
7234, Motor 02,Parado,62.92,1.15,0
7235,Motor 03  ,Manut.,61.61,1.46,27
7236,  Esteira 01  ,Em manutenção,59.76,2.65,14
7237,Robô 01 ,parado,59.43,2.9,0
7238,  Robô 02,Parado,76.28,3.41,0
7239,  Compressor 01  ,Ligado,78.83,2.75,241
7240,  Motor 01  ,operando,77.57,2.92,364
7241,Bomba 01  ,operando,68.46,1.75,320
7242, Esteira 01,manutencao,62.26,2.16,6
7243,Bomba 02 ,Manutenção,58.53,3.1,22
7244,  Esteira 02  ,Em operação,73.26,3.35,363
7245,Esteira 02 ,Em manutenção,73.8,4.42,18
7246,Esteira 01 ,PARADO,75.14,3.26,0
7247,Bomba 02 ,Operando,60.81,2.64,402
7248,  Motor 01,Desligado,71.5,2.5,0
7249,  Motor 03  ,manutencao,68.4,3.54,21
7250,  Motor 03,Operando,68.23,0.34,392
7251,  Bomba 02  ,Em manutenção,70.44,2.97,13
7252,Robô 01,manutencao,82.69,5.14,28
7253,  Esteira 01,Em manutenção,77.13,3.13,18
7254,Esteira 02  ,Operando,68.03,2.76,299
7255,Motor 01,Em manutenção,68.25,3.61,22
7256,  Bomba 02  ,OPERANDO,60.66,2.94,396
7257,  Robô 01,PARADO,73.07,1.35,0
7258,Motor 01,Em operação,63.28,2.12,358
7259,Bomba 02  ,OPERANDO,69.36,2.79,324
7260,  Bomba 01,Manutenção,60.65,1.75,29
7261,Bomba 02 ,parado,75.01,3.3,0
7262,  Esteira 01  ,Parado,73.45,2.87,0
7263,  Robô 02  ,operando,79.89,2.99,218
7264,Motor 01 ,Em manutenção,72.44,1.33,6
7265,  Bomba 01,Ligado,73.96,1.83,325
7266,Compressor 01 ,manutencao,56.77,2.81,5
7267,Bomba 01,Operando,63.69,3.11,299
7268,  Esteira 02  ,Desligado,60.15,3.67,0
7269,Bomba 01  ,operando,56.24,2.59,305
7270,Compressor 01 ,Desligado,48.36,3.98,0
7271,  Compressor 01,Fora de operação,67.99,5.09,0
7272,Robô 02  ,Manutenção,64.25,2.29,17
7273, Esteira 02,Desligado,67.64,4.08,0
7274,Robô 02  ,PARADO,67.05,2.47,0
7275,Motor 03,Em manutenção,71.1,3.42,22
7276,Bomba 02 ,parado,64.72,2.7,0
7277,  Bomba 02,operando,58.97,2.49,329
7278, Robô 02,Ligado,59.8,4.2,234
7279, Motor 02,MANUTENÇÃO,58.6,2.67,1
7280,  Bomba 01  ,parado,58.72,2.87,0
7281,Compressor 01 ,Ligado,68.23,5.02,225
7282,  Bomba 02  ,OPERANDO,75.93,3.54,250
7283,  Robô 01,Em operação,63.43,3.16,227
7284, Robô 01,parado,58.3,2.3,0
7285,Esteira 01 ,manutencao,61.8,3.91,18
7286, Motor 03,OPERANDO,64.44,2.9,345
7287,Compressor 01  ,parado,58.66,5.09,0
7288,Esteira 01  ,Manutenção,65.12,4.68,27
7289,Compressor 01 ,Em manutenção,67.51,1.66,10
7290,  Bomba 01,manutencao,60.98,1.74,24
7291,Robô 02,PARADO,66.14,3.47,0
7292,  Motor 03  ,Em operação,69.39,4.49,232
7293, Bomba 01,Desligado,69.49,2.92,0
7294,  Bomba 01,Parado,76.13,3.36,0
7295, Compressor 01,Operando,60.82,2.28,367
7296,  Esteira 01,Fora de operação,64.98,2.18,0
7297,  Bomba 01,OPERANDO,70.98,2.58,231
7298,Robô 02,parado,52.67,2.63,0
7299,Compressor 01,MANUTENÇÃO,60.96,2.99,0
7300,Bomba 02  ,MANUTENÇÃO,65.32,4.81,18
7301,Esteira 02 ,MANUTENÇÃO,76.66,4.19,2
7302,Motor 01 ,OPERANDO,74.65,1.75,331
7303,Compressor 01 ,Fora de operação,68.98,3.86,0
7304, Robô 02,operando,67.33,3.07,397
7305,Robô 01,Desligado,57.4,2.69,0
7306,Bomba 02  ,Manut.,76.28,2.56,6
7307,  Motor 03  ,Fora de operação,67.22,4.19,0
7308, Bomba 01,Desligado,64.11,4.21,0
7309,Motor 02,operando,63.26,4.15,398
7310,Esteira 01 ,PARADO,65.42,3.34,0
7311,  Motor 02,Em operação,74.82,1.38,221
7312, Bomba 02,Em operação,70.12,2.32,262
7313,  Esteira 02,OPERANDO,71.38,3.11,211
7314,Esteira 01 ,manutencao,66.97,4.09,22
7315, Motor 03,Manutenção,67.0,3.92,15
7316,  Motor 02,Ligado,64.47,2.48,278
7317,Bomba 02,Manut.,76.35,2.68,10
7318,  Esteira 02,Manutenção,76.81,3.55,13
7319, Motor 01,Manut.,54.62,2.26,2
7320,  Motor 01,Fora de operação,73.58,3.07,0
7321, Bomba 02,Parado,70.63,3.68,0
7322,  Motor 02  ,OPERANDO,71.28,3.1,254
7323,  Motor 02,Parado,61.45,3.68,0
7324,Motor 01  ,Parado,57.48,3.68,0
7325,Motor 02  ,manutencao,73.07,2.84,3
7326, Esteira 01,Manutenção,69.28,4.04,23
7327, Motor 01,Desligado,58.04,5.1,0
7328,Motor 02 ,Manut.,56.28,3.81,10
7329,Robô 01,PARADO,65.07,2.74,0
7330,  Bomba 01  ,PARADO,58.38,2.71,0
7331, Bomba 01,manutencao,70.07,1.83,5
7332,Motor 02  ,Em manutenção,74.94,4.11,20
7333, Esteira 02,Fora de operação,58.69,2.42,0
7334,Robô 01,Em operação,67.63,3.17,201
7335,Esteira 01  ,Parado,64.55,2.16,0
7336,Robô 02  ,Ligado,61.99,2.7,223
7337,Bomba 02 ,OPERANDO,70.55,3.12,221
7338,Motor 01,PARADO,66.33,3.38,0
7339,Motor 01  ,Manut.,61.06,3.07,9
7340,Bomba 02  ,Desligado,58.54,3.0,0
7341,Bomba 02 ,Fora de operação,66.2,3.48,0
7342, Robô 01,PARADO,71.86,4.75,0
7343, Motor 02,Manutenção,56.0,4.47,10
7344,Robô 02,Manut.,51.83,4.36,22
7345,Robô 02,Manut.,71.46,2.96,4
7346,Motor 02  ,Manutenção,70.09,3.17,6
7347,Motor 01  ,Parado,70.63,2.63,0
7348,  Bomba 01,Em manutenção,75.6,1.91,28
7349,Esteira 01 ,OPERANDO,51.27,2.48,183
7350, Motor 03,Manut.,65.32,1.49,8
7351, Bomba 02,parado,64.14,3.16,0
7352, Esteira 01,Operando,73.06,3.07,419
7353, Esteira 02,Ligado,59.65,2.85,190
7354,  Compressor 01,parado,78.84,3.42,0
7355,  Robô 02  ,Ligado,61.25,1.94,349
7356,Robô 02  ,PARADO,57.19,1.41,0
7357,  Bomba 02  ,parado,72.01,2.65,0
7358,  Robô 01  ,Manut.,73.53,2.38,27
7359,Motor 03,Operando,60.97,3.39,383
7360,  Esteira 02  ,Operando,80.12,3.34,358
7361,Motor 01 ,Em manutenção,76.58,3.78,26
7362,  Robô 02  ,Em manutenção,51.39,3.2,9
7363, Compressor 01,Parado,65.77,4.15,0
7364,Esteira 02,parado,66.67,1.62,0
7365,Robô 01  ,Manutenção,68.16,3.7,27
7366,  Bomba 02  ,MANUTENÇÃO,65.72,2.39,17
7367,  Bomba 01  ,OPERANDO,68.95,4.54,386
7368, Robô 01,MANUTENÇÃO,75.25,2.53,29
7369,  Bomba 02  ,Ligado,76.65,2.84,378
7370,Compressor 01  ,Manutenção,65.7,3.19,28
7371,Motor 01 ,OPERANDO,64.03,2.51,411
7372,  Compressor 01  ,Ligado,75.49,3.76,274
7373, Robô 02,operando,71.83,1.65,354
7374,Robô 02  ,OPERANDO,62.36,1.81,261
7375,Esteira 01 ,manutencao,64.65,3.17,0
7376,  Compressor 01  ,Operando,60.22,3.13,365
7377,Robô 01  ,Manut.,67.9,2.27,9
7378,Robô 02  ,Fora de operação,68.86,2.13,0
7379,  Bomba 01,parado,56.08,3.06,0
7380, Bomba 02,MANUTENÇÃO,74.95,3.64,0
7381,Bomba 01  ,Parado,77.94,3.87,0
7382,Esteira 02  ,Em operação,66.64,2.29,223
7383,Motor 03 ,Fora de operação,65.4,3.5,0
7384,  Esteira 01  ,Operando,66.55,1.72,269
7385,Esteira 02,Fora de operação,58.21,3.86,0
7386,Bomba 01,Manut.,66.77,0.83,3
7387,Motor 01  ,parado,60.59,3.11,0
7388,  Esteira 01,Ligado,61.65,3.64,334
7389,Motor 01 ,manutencao,69.52,3.17,7
7390, Compressor 01,OPERANDO,67.3,3.64,401
7391,Compressor 01  ,MANUTENÇÃO,72.18,1.23,30
7392,  Motor 01  ,Ligado,76.74,1.85,224
7393,  Esteira 01  ,Em manutenção,63.31,2.95,2
7394,Compressor 01,Manut.,69.26,1.92,19
7395, Robô 02,Parado,72.64,2.81,0
7396,  Compressor 01  ,Manutenção,70.66,2.39,4
7397,Motor 02,Manut.,73.16,4.51,30
7398,  Robô 02,Ligado,67.38,1.93,389
7399,Esteira 01,operando,62.39,4.9,232
7400,Esteira 01,Manut.,75.62,3.23,12
7401, Motor 03,Operando,71.6,1.62,265
7402,Robô 02 ,Manutenção,67.79,2.9,26
7403,Robô 01,Desligado,68.65,2.39,0
7404,Bomba 02 ,Desligado,77.59,2.63,0
7405,Motor 01,OPERANDO,70.68,3.34,199
7406,Esteira 02,Desligado,68.82,3.26,0
7407,Robô 01 ,parado,76.17,3.64,0
7408,Compressor 01  ,PARADO,60.76,2.0,0
7409,Motor 03,Em operação,58.67,2.56,400
7410, Motor 01,Manutenção,67.99,3.25,6
7411,  Esteira 02  ,PARADO,66.59,4.7,0
7412,Esteira 02 ,OPERANDO,72.71,3.73,196
7413,Motor 01,Em operação,67.24,3.05,183
7414,Esteira 02,Ligado,71.57,3.73,265
7415,Compressor 01  ,Em operação,74.49,4.29,374
7416,  Motor 03  ,Manutenção,70.53,3.62,30
7417,  Bomba 01,MANUTENÇÃO,73.88,1.92,4
7418,  Motor 02,parado,67.78,2.72,0
7419,Robô 01  ,Manut.,67.89,0.72,17
7420,  Compressor 01  ,Desligado,77.83,2.07,0
7421,  Compressor 01,PARADO,65.58,0.87,0
7422, Motor 02,Desligado,56.85,3.28,0
7423, Motor 03,Fora de operação,58.59,2.82,0
7424, Robô 02,Fora de operação,57.42,3.48,0
7425,Motor 03,Em operação,62.01,3.07,250
7426,Bomba 01,Fora de operação,66.88,4.01,0
7427,  Robô 01,Manut.,53.87,2.98,20
7428,  Compressor 01  ,Ligado,65.34,4.32,410
7429,  Motor 01,Fora de operação,60.31,1.65,0
7430, Motor 01,Manutenção,64.78,2.75,28
7431,Compressor 01 ,Desligado,64.76,3.67,0
7432,Robô 02,MANUTENÇÃO,76.93,2.96,7
7433,  Bomba 02  ,OPERANDO,81.72,3.54,391
7434,Esteira 02  ,Ligado,68.0,1.78,294
7435,  Motor 02  ,Fora de operação,66.29,3.33,0
7436, Bomba 02,Desligado,64.14,4.06,0
7437,Compressor 01,OPERANDO,78.35,2.87,342
7438,Motor 02 ,Ligado,57.11,3.48,227
7439,  Motor 01  ,Manut.,60.97,4.35,11
7440, Bomba 01,Manutenção,64.58,3.84,24
7441,  Motor 01,MANUTENÇÃO,74.82,2.65,18
7442,  Bomba 02,PARADO,64.37,1.98,0
7443,Robô 01  ,MANUTENÇÃO,54.8,2.03,20
7444,Motor 03,MANUTENÇÃO,77.24,2.35,14
7445,  Motor 03  ,Manutenção,72.63,3.15,24
7446,Robô 02 ,PARADO,67.16,2.73,0
7447, Motor 02,Em operação,58.26,3.98,273
7448,Compressor 01  ,manutencao,83.7,3.34,3
7449,  Motor 01  ,Em operação,60.2,2.77,200
7450,  Robô 01,Em operação,70.79,2.93,290
7451,Motor 03 ,Em operação,74.97,0.82,195
7452,Esteira 02  ,Desligado,64.51,3.31,0
7453,Motor 01,Desligado,55.17,3.5,0
7454, Esteira 01,OPERANDO,61.41,4.64,357
7455,  Esteira 02  ,Em operação,68.9,4.75,298
7456, Esteira 01,Em operação,72.51,1.86,377
7457,Robô 01  ,Fora de operação,74.24,2.06,0
7458,Esteira 02  ,MANUTENÇÃO,67.92,2.77,6
7459,Motor 01 ,MANUTENÇÃO,75.14,2.81,3
7460,  Compressor 01,Fora de operação,57.48,2.18,0
7461,Robô 02  ,OPERANDO,66.06,5.01,221
7462,  Esteira 02,Operando,65.26,4.3,206
7463,Esteira 01,operando,55.07,2.97,253
7464, Esteira 01,Ligado,71.74,3.49,271
7465,Bomba 02 ,operando,63.39,3.07,298
7466,Bomba 01  ,operando,73.35,2.42,185
7467,Esteira 01 ,Ligado,73.39,2.47,230
7468,Motor 03 ,Manut.,59.21,4.13,9
7469,  Motor 01  ,Parado,67.95,3.63,0
7470,  Motor 02  ,Manutenção,69.02,3.52,26
7471,Bomba 01 ,operando,64.76,2.73,394
7472,  Motor 01  ,OPERANDO,68.05,3.13,206
7473,  Esteira 01  ,parado,64.21,2.55,0
7474,Motor 01 ,Em manutenção,68.91,3.39,21
7475,Esteira 02 ,OPERANDO,62.56,2.26,417
7476,  Compressor 01  ,Ligado,66.93,2.15,231
7477,Robô 01 ,Manutenção,74.93,4.4,3
7478,  Motor 02,operando,72.9,2.9,375
7479,Robô 02  ,manutencao,62.74,2.59,4
7480,  Bomba 02  ,operando,53.65,2.69,264
7481, Bomba 01,PARADO,68.96,0.2,0
7482,Bomba 01  ,OPERANDO,64.03,3.4,344
7483,Robô 02 ,Operando,61.58,2.93,336
7484,  Robô 02  ,Em operação,71.36,2.97,229
7485, Motor 03,Parado,58.17,2.64,0
7486,Bomba 01  ,Operando,61.08,0.81,368
7487,  Bomba 01  ,OPERANDO,65.27,3.09,187
7488,Compressor 01 ,Operando,74.75,1.96,310
7489,Motor 02  ,Manutenção,74.31,2.15,14
7490,Esteira 01 ,Em operação,70.11,1.29,413
7491,Motor 03 ,OPERANDO,64.93,4.63,306
7492,  Compressor 01,Em operação,63.63,5.24,324
7493,Bomba 02 ,MANUTENÇÃO,65.43,2.96,13
7494,Esteira 02,Operando,60.65,3.49,316
7495, Robô 01,parado,64.8,4.12,0
7496,Compressor 01 ,MANUTENÇÃO,63.84,3.61,14
7497, Robô 02,MANUTENÇÃO,85.3,0.82,11
7498,  Esteira 02  ,MANUTENÇÃO,60.26,4.01,4
7499,Motor 02,Manut.,67.89,2.92,5
7500,Bomba 01 ,MANUTENÇÃO,78.24,2.87,19
7501,Bomba 02,operando,67.09,2.75,393
7502, Robô 02,OPERANDO,73.33,1.72,299
7503,  Motor 01,Fora de operação,77.72,5.03,0
7504,  Bomba 01  ,Manut.,69.99,1.59,9
7505,Esteira 01,Manutenção,65.12,3.31,4
7506,Bomba 01,Manutenção,72.3,1.62,22
7507,Robô 02 ,Ligado,62.66,1.9,419
7508,Robô 01 ,Em operação,74.18,2.68,326
7509, Bomba 01,Manutenção,73.58,2.62,25
7510,Compressor 01  ,Manut.,66.34,4.13,8
7511,Bomba 01 ,Fora de operação,62.28,1.08,0
7512,Robô 02 ,Em manutenção,58.98,3.42,3
7513,  Motor 03,manutencao,68.18,3.55,22
7514,  Esteira 02  ,manutencao,75.21,1.74,14
7515,Motor 02  ,Ligado,69.63,3.51,354
7516,Esteira 02,OPERANDO,71.15,5.62,280
7517,  Motor 03,parado,72.74,3.71,0
7518,  Esteira 02  ,Operando,67.58,2.3,190
7519,  Esteira 02  ,Manut.,59.06,4.05,3
7520, Motor 02,Desligado,61.03,3.92,0
7521,Motor 02,Parado,70.78,3.12,0
7522,Motor 03  ,manutencao,65.45,2.93,24
7523,  Esteira 02  ,Manutenção,63.53,3.9,25
7524,  Robô 01  ,OPERANDO,51.85,3.92,287
7525,  Compressor 01,MANUTENÇÃO,66.32,3.77,6
7526,  Bomba 01  ,Em operação,69.4,4.73,389
7527, Compressor 01,manutencao,69.59,1.56,16
7528,Esteira 01  ,parado,68.14,1.8,0
7529,Motor 02 ,operando,70.69,3.24,180
7530,  Compressor 01,MANUTENÇÃO,69.75,3.76,28
7531,  Esteira 02  ,Desligado,56.22,4.45,0
7532,Bomba 02 ,Ligado,68.86,2.83,411
7533,  Bomba 01,Ligado,68.24,3.25,226
7534,Motor 01  ,Fora de operação,64.6,2.97,0
7535, Compressor 01,Operando,62.39,1.98,272
7536,  Motor 01,Fora de operação,68.28,3.8,0
7537, Compressor 01,operando,76.58,2.95,229
7538,Esteira 02,manutencao,64.6,3.94,28
7539,  Motor 03  ,manutencao,52.2,3.73,11
7540,  Robô 02  ,Em manutenção,68.29,2.96,4
7541,Bomba 02  ,manutencao,76.51,3.26,15
7542, Motor 03,Operando,57.86,2.58,201
7543,Motor 03,Desligado,56.91,2.26,0
7544,Esteira 02 ,OPERANDO,67.68,6.42,359
7545,Bomba 01  ,parado,67.52,2.57,0
7546,Esteira 01,Em manutenção,62.42,4.33,24
7547,Robô 02  ,manutencao,60.65,3.31,14
7548,  Bomba 01,MANUTENÇÃO,63.63,2.64,6
7549,Motor 01  ,Desligado,54.91,2.67,0
7550,Motor 01  ,Em operação,74.26,2.68,183
7551,  Motor 03  ,Em operação,70.57,3.59,186
7552,  Motor 01,Desligado,61.82,2.36,0
7553,Bomba 01  ,manutencao,68.21,2.23,21
7554,Robô 01 ,Operando,59.2,2.42,204
7555,Esteira 02 ,Operando,63.2,4.9,292
7556, Motor 03,parado,62.05,3.53,0
7557, Bomba 02,PARADO,70.24,4.05,0
7558,Bomba 01,Desligado,71.9,2.66,0
7559,Motor 03,Em operação,71.21,0.94,346
7560,Robô 01 ,MANUTENÇÃO,58.88,1.22,21
7561,  Esteira 02,OPERANDO,78.26,4.36,246
7562,Esteira 01 ,Fora de operação,76.46,1.66,0
7563,Esteira 02,parado,70.36,0.9,0
7564,  Bomba 02,Em operação,74.41,2.89,408
7565,  Robô 01  ,Manut.,63.94,1.89,23
7566,Bomba 01  ,Parado,57.8,3.56,0
7567,Motor 02,parado,56.96,1.24,0
7568,  Compressor 01  ,OPERANDO,72.74,2.99,203
7569,  Robô 01,Fora de operação,67.8,4.41,0
7570,Robô 01  ,Manut.,63.85,4.1,1
7571, Motor 02,Em operação,54.19,2.17,208
7572,  Bomba 02  ,Em operação,60.54,4.27,313
7573,Motor 03 ,Ligado,74.49,3.01,183
7574,  Esteira 02,Operando,64.87,4.21,330
7575,  Esteira 01,Parado,74.59,3.6,0
7576,Compressor 01 ,parado,67.99,2.49,0
7577,  Bomba 02  ,Manut.,57.04,2.2,26
7578,  Esteira 01  ,manutencao,76.36,5.18,30
7579,  Bomba 01,operando,71.4,3.87,303
7580,Motor 03,OPERANDO,67.42,3.02,321
7581,  Bomba 01,Manutenção,57.84,3.05,25
7582,Robô 02,Parado,68.09,4.66,0
7583,Motor 03 ,MANUTENÇÃO,65.93,3.23,18
7584,  Robô 01  ,Em manutenção,81.2,3.11,29
7585,Compressor 01  ,Ligado,59.03,3.85,358
7586,Esteira 01,Ligado,71.52,2.64,390
7587,  Esteira 01  ,parado,64.61,3.65,0
7588,Robô 02  ,Parado,51.98,4.05,0
7589,Esteira 02  ,Manut.,56.46,0.2,14
7590,Compressor 01,manutencao,64.91,3.1,1
7591,  Motor 01,Em operação,69.97,2.93,251
7592, Esteira 01,Em manutenção,46.29,4.16,25
7593,  Esteira 02  ,Fora de operação,79.37,4.06,0
7594,Compressor 01 ,Manut.,71.41,2.9,17
7595,Compressor 01,Manutenção,65.21,1.25,28
7596, Bomba 02,Desligado,73.56,2.51,0
7597,Motor 03,Manut.,62.0,3.99,15
7598,Esteira 02,manutencao,58.49,5.49,26
7599,  Robô 01,parado,69.87,3.49,0
7600,  Robô 01  ,PARADO,65.02,3.85,0
7601,Compressor 01  ,Parado,74.27,2.15,0
7602,Esteira 02,manutencao,66.17,1.92,15
7603,  Motor 03,Ligado,64.27,1.63,224
7604,  Motor 02  ,OPERANDO,74.25,4.3,327
7605,Robô 02  ,Manut.,75.46,1.22,3
7606,Bomba 01  ,MANUTENÇÃO,74.7,3.27,26
7607, Motor 02,Em manutenção,77.12,2.82,0
7608,  Esteira 02  ,Em operação,72.13,2.85,379
7609,  Bomba 01,PARADO,74.13,2.57,0
7610,  Bomba 01  ,Em operação,80.2,4.67,346
7611,  Bomba 02,Operando,64.89,4.1,330
7612,Esteira 01  ,operando,72.52,2.46,389
7613,Esteira 02 ,PARADO,62.34,2.15,0
7614,  Compressor 01,Manut.,61.48,3.91,13
7615,  Bomba 02,Em manutenção,66.8,5.78,1
7616,Robô 01 ,OPERANDO,77.43,3.18,417
7617,  Bomba 01  ,OPERANDO,61.82,2.66,405
7618, Bomba 01,operando,64.5,3.12,326
7619,Robô 02  ,Desligado,63.24,3.12,0
7620,Robô 01  ,PARADO,74.86,3.07,0
7621,  Esteira 02  ,Em operação,67.44,3.18,199
7622,Robô 01 ,manutencao,81.24,3.63,5
7623,Robô 02  ,PARADO,68.07,2.39,0
7624,  Robô 01,MANUTENÇÃO,66.27,2.86,12
7625, Compressor 01,Em operação,51.71,4.39,231
7626,Robô 02,Ligado,74.36,4.81,245
7627,Esteira 01,Ligado,76.16,3.92,325
7628, Esteira 01,Em manutenção,69.82,3.15,29
7629,Motor 02  ,Em operação,63.53,2.22,244
7630,Robô 01  ,Parado,62.46,4.08,0
7631, Bomba 01,manutencao,66.01,3.66,12
7632,Motor 02 ,operando,65.81,4.12,297
7633,Esteira 02 ,PARADO,64.75,1.93,0
7634,Bomba 01,Manut.,58.28,3.48,17
7635,  Esteira 01  ,Desligado,51.65,3.72,0
7636,Esteira 01 ,Parado,84.12,2.62,0
7637,  Robô 02,Manut.,67.33,6.05,25
7638,  Robô 01  ,MANUTENÇÃO,57.18,2.38,23
7639,  Robô 01,Manutenção,66.98,4.22,17
7640,Motor 03 ,Manutenção,65.37,3.3,3
7641,Robô 02  ,manutencao,64.06,2.86,26
7642, Bomba 02,Em operação,77.47,1.31,258
7643,  Compressor 01,manutencao,75.89,2.68,12
7644,Robô 01 ,OPERANDO,54.38,3.93,394
7645,  Motor 02,Fora de operação,59.79,3.38,0
7646,  Robô 02  ,Em manutenção,50.85,1.28,2
7647, Motor 01,Manutenção,79.86,2.96,15
7648,Motor 02  ,MANUTENÇÃO,78.49,3.73,19
7649,  Bomba 01  ,manutencao,65.36,2.63,0
7650,Esteira 01  ,Manutenção,63.9,3.23,4
7651,Motor 02 ,Manutenção,68.81,3.23,8
7652,  Bomba 01  ,MANUTENÇÃO,57.3,4.36,26
7653,  Esteira 02,manutencao,67.77,3.35,12
7654,  Bomba 01,parado,69.55,4.83,0
7655, Robô 02,Manutenção,61.88,4.07,9
7656,  Esteira 01  ,OPERANDO,62.41,3.69,352
7657,Robô 01,Em operação,69.32,3.13,306
7658,Bomba 01 ,Em manutenção,59.92,2.41,9
7659,  Motor 02  ,Em operação,68.96,2.88,406
7660,Esteira 02  ,Em operação,73.3,5.36,192
7661,Compressor 01 ,Parado,84.35,3.33,0
7662, Robô 02,manutencao,78.2,1.33,16
7663,Motor 01  ,Manutenção,75.4,2.63,25
7664,Compressor 01,OPERANDO,66.94,3.19,417
7665,Esteira 01,Operando,67.91,3.01,303
7666,  Motor 02  ,Desligado,71.85,4.44,0
7667, Esteira 01,MANUTENÇÃO,72.43,2.27,20
7668,  Esteira 01,parado,63.7,3.71,0
7669,Bomba 02,PARADO,71.58,3.77,0
7670,Esteira 01 ,Parado,61.11,5.23,0
7671,  Esteira 02,operando,69.97,4.0,289
7672,Motor 02 ,Manut.,63.25,1.9,25
7673,  Robô 02  ,Em manutenção,70.83,3.67,14
7674, Motor 01,operando,57.77,5.02,205
7675,Esteira 01 ,Em manutenção,73.06,1.97,18
7676,  Motor 01,OPERANDO,53.46,3.44,318
7677,  Robô 02  ,Manut.,64.86,3.65,9
7678,  Compressor 01,Ligado,70.15,5.13,324
7679, Motor 02,Fora de operação,76.25,1.6,0
7680,  Esteira 01,Manut.,74.23,3.98,4
7681,Compressor 01 ,Fora de operação,67.51,4.64,0
7682,Bomba 01 ,PARADO,65.52,2.73,0
7683, Esteira 02,operando,67.75,2.68,420
7684, Motor 03,Operando,72.47,1.74,399
7685,Bomba 01  ,operando,77.67,3.55,393
7686, Esteira 02,parado,66.96,3.8,0
7687,Esteira 02 ,Em operação,68.02,3.67,379
7688,  Robô 02,Fora de operação,70.3,3.41,0
7689,  Motor 01  ,Operando,63.11,3.23,415
7690,  Compressor 01,manutencao,60.86,3.1,14
7691,Robô 01,Em manutenção,56.47,1.55,29
7692,Compressor 01  ,Parado,65.38,2.69,0
7693, Robô 02,Ligado,60.46,2.86,190
7694,Motor 01,Fora de operação,69.37,3.19,0
7695, Bomba 02,Manutenção,73.33,2.96,23
7696,  Bomba 02  ,PARADO,80.24,2.24,0
7697,  Esteira 02,Parado,63.64,2.94,0
7698,Motor 03  ,Manutenção,64.17,4.14,0
7699,Esteira 01 ,Em operação,70.29,1.75,236
7700,  Motor 03  ,Em operação,69.79,2.25,381
7701,Bomba 02  ,Em operação,78.13,2.45,265
7702,  Esteira 02  ,parado,66.4,2.2,0
7703,Compressor 01 ,PARADO,72.36,5.67,0
7704,Motor 02  ,Parado,75.8,4.12,0
7705,  Compressor 01,Fora de operação,63.99,2.26,0
7706,Robô 02 ,Manut.,61.54,2.67,13
7707,Motor 01,MANUTENÇÃO,81.23,2.12,29
7708,  Esteira 01  ,Ligado,61.24,3.38,226
7709,  Robô 02,manutencao,66.26,3.86,4
7710,Motor 02,Fora de operação,76.99,5.34,0
7711,Motor 03 ,operando,66.3,2.2,302
7712,  Robô 02  ,Parado,69.47,2.54,0
7713, Motor 03,PARADO,65.31,3.28,0
7714,Motor 02 ,OPERANDO,72.51,2.76,194
7715,Motor 03  ,Em manutenção,58.35,3.32,7
7716, Compressor 01,OPERANDO,63.72,2.8,184
7717, Robô 02,Parado,64.44,2.67,0
7718,Esteira 01  ,OPERANDO,72.01,4.33,188
7719,  Motor 02  ,Manutenção,58.84,1.07,18
7720, Bomba 02,Desligado,66.5,4.21,0
7721,  Bomba 02  ,Manutenção,60.69,1.52,6
7722,Robô 02,Manut.,58.65,2.75,6
7723,  Esteira 02,parado,57.55,3.47,0
7724,  Motor 01,Desligado,70.32,3.81,0
7725,  Bomba 02,parado,58.67,2.15,0
7726,  Esteira 01,Manut.,66.72,3.01,30
7727,  Robô 02  ,Em operação,68.77,4.09,220
7728,  Bomba 01  ,Operando,60.78,2.93,226
7729,  Bomba 01  ,parado,71.05,4.08,0
7730,  Motor 03,parado,54.5,2.32,0
7731, Esteira 01,Parado,54.83,3.69,0
7732, Compressor 01,Manutenção,77.49,2.57,28
7733,Bomba 02  ,Em manutenção,64.77,1.56,15
7734,  Motor 01  ,Manutenção,66.44,3.72,24
7735,Esteira 01 ,Manutenção,66.87,5.15,13
7736,  Bomba 02,operando,70.08,3.23,256
7737,  Robô 02  ,manutencao,60.34,3.92,12
7738,  Robô 01,OPERANDO,58.17,3.08,373
7739,  Robô 01  ,Desligado,83.09,2.44,0
7740, Robô 02,Em operação,76.38,2.86,245
7741, Motor 01,Manutenção,77.85,2.43,21
7742,Robô 02 ,operando,59.67,2.97,361
7743,  Bomba 01,MANUTENÇÃO,75.88,3.87,8
7744,Motor 01  ,Desligado,68.42,4.55,0
7745,Motor 02  ,Ligado,63.58,2.96,328
7746,Esteira 01 ,PARADO,64.69,3.28,0
7747,  Motor 03  ,Em manutenção,68.17,2.45,30
7748,Compressor 01  ,MANUTENÇÃO,67.27,5.74,17
7749,Motor 01,MANUTENÇÃO,65.1,2.58,29
7750,Motor 01,parado,68.8,4.25,0
7751, Bomba 01,Operando,71.04,3.12,328
7752,Motor 02 ,OPERANDO,70.38,5.34,242
7753,  Bomba 02  ,MANUTENÇÃO,62.85,1.71,9
7754,Motor 01  ,Desligado,68.87,3.64,0
7755, Motor 01,Ligado,73.77,4.03,289
7756, Compressor 01,Operando,69.23,2.55,269
7757,Robô 02,Manut.,70.03,2.49,21
7758,  Compressor 01,Manutenção,60.53,5.06,22
7759,Motor 01,manutencao,70.3,3.12,18
7760,  Motor 02,parado,76.15,1.69,0
7761, Esteira 01,Em operação,72.05,2.11,245
7762,Esteira 01  ,Manut.,67.6,2.62,29
7763,Motor 02 ,Em operação,65.84,2.26,338
7764,Motor 02,PARADO,69.41,3.05,0
7765,  Robô 01,Operando,69.58,3.51,227
7766,Motor 01 ,Operando,71.93,3.31,367
7767,Robô 01,Em manutenção,78.11,1.4,6
7768,  Esteira 02  ,manutencao,63.86,2.9,26
7769, Esteira 01,operando,59.26,4.13,186
7770,Bomba 01  ,Em manutenção,65.92,2.49,22
7771,Motor 02  ,Ligado,74.35,4.35,269
7772,  Motor 03  ,PARADO,62.05,3.73,0
7773, Motor 01,operando,67.59,3.55,299
7774,Robô 02 ,manutencao,64.86,4.29,28
7775, Esteira 01,Manut.,59.02,4.09,3
7776,  Motor 02,PARADO,63.58,3.08,0
7777,  Bomba 02,MANUTENÇÃO,71.15,2.01,23
7778,Motor 03  ,Operando,68.35,3.51,228
7779,  Robô 01,Em manutenção,66.82,3.71,14
7780,Esteira 01,OPERANDO,71.6,4.32,256
7781,  Motor 02,Manutenção,72.86,0.86,6
7782,Motor 01 ,Manutenção,79.37,3.23,2
7783,Robô 02  ,Em operação,67.45,2.75,267
7784,  Motor 01,Parado,67.14,3.03,0
7785,Esteira 02  ,Parado,69.99,3.81,0
7786,  Compressor 01,Operando,67.89,4.26,244
7787,  Bomba 02,Fora de operação,55.62,3.18,0
7788,  Robô 01  ,manutencao,67.22,3.32,14
7789,Bomba 02 ,Manutenção,66.45,3.38,29
7790, Robô 01,Parado,60.02,4.98,0
7791,  Motor 02,Manut.,69.19,3.62,20
7792,  Robô 02,Ligado,70.44,2.87,227
7793,Robô 02,operando,72.03,2.07,240
7794,Motor 03,Parado,76.09,4.15,0
7795, Motor 02,Em operação,81.65,3.47,397
7796,Bomba 02  ,Operando,75.71,3.71,190
7797,Bomba 01,OPERANDO,64.69,4.06,196
7798,  Motor 02  ,PARADO,58.45,1.66,0
7799,Compressor 01,manutencao,68.88,3.27,12
7800,Esteira 02  ,Parado,79.83,2.36,0
7801,  Robô 02,Manut.,59.88,3.03,6
7802, Motor 02,Manut.,78.94,2.61,26
7803,  Motor 01,manutencao,66.15,2.91,20
7804,Esteira 02  ,Manutenção,71.61,3.46,21
7805,Robô 01,Fora de operação,70.33,3.3,0
7806,Esteira 02 ,manutencao,56.6,4.08,12
7807,  Compressor 01,parado,74.58,2.34,0
7808, Bomba 01,Em operação,56.47,2.45,204
7809,Compressor 01,Fora de operação,68.78,3.47,0
7810,Bomba 02 ,Parado,80.37,4.07,0
7811,Compressor 01,OPERANDO,74.74,2.12,322
7812,Motor 01 ,manutencao,84.5,2.87,9
7813,Compressor 01  ,Em manutenção,71.08,4.05,4
7814, Bomba 01,manutencao,72.76,4.21,11
7815,  Robô 02  ,manutencao,69.27,3.82,18
7816,  Robô 01,MANUTENÇÃO,67.99,4.66,15
7817,  Motor 03,OPERANDO,56.53,1.71,228
7818,  Esteira 01  ,manutencao,62.78,4.06,21
7819, Motor 01,manutencao,68.41,2.96,26
7820, Robô 02,Fora de operação,56.64,3.07,0
7821,  Esteira 01  ,Fora de operação,68.85,2.28,0
7822,Bomba 02 ,Desligado,66.15,3.63,0
7823, Compressor 01,Fora de operação,61.26,2.79,0
7824,  Bomba 02  ,Parado,70.53,3.64,0
7825,Motor 02  ,manutencao,57.26,2.62,12
7826, Motor 03,PARADO,67.13,5.79,0
7827, Esteira 01,Em manutenção,66.8,3.17,12
7828,Motor 03,Em manutenção,72.83,3.74,7
7829,Esteira 02,operando,65.94,5.14,203
7830,  Bomba 01,manutencao,71.8,5.05,10
7831,  Motor 03,Ligado,56.79,4.14,315
7832,  Robô 01,OPERANDO,70.49,2.67,297
7833,Motor 01 ,Em operação,66.32,4.04,363
7834,  Motor 02  ,Manut.,79.51,1.5,6
7835,Esteira 02 ,Manut.,68.69,3.42,14
7836,Bomba 01 ,Manut.,61.82,2.72,18
7837,  Bomba 01,Manutenção,64.12,4.75,2
7838,Robô 01  ,manutencao,62.8,4.98,24
7839,  Esteira 02,Ligado,52.01,3.02,199
7840,Motor 03  ,operando,77.99,4.63,249
7841,  Compressor 01  ,Fora de operação,69.46,3.78,0
7842,Bomba 02 ,OPERANDO,54.71,2.04,293
7843,Motor 03 ,PARADO,66.16,2.22,0
7844,Robô 02  ,Desligado,72.01,2.45,0
7845,Robô 02,Parado,67.03,3.16,0
7846,Compressor 01 ,MANUTENÇÃO,71.92,3.75,30
7847,Motor 02  ,Ligado,71.97,2.2,325
7848,  Motor 03  ,Manut.,67.62,4.01,14
7849, Robô 01,Em operação,64.92,3.69,199
7850,  Motor 01  ,Desligado,71.46,3.51,0
7851, Esteira 02,manutencao,57.09,3.29,26
7852, Bomba 02,Em operação,67.6,3.4,389
7853,Motor 02 ,Manutenção,60.64,3.63,23
7854,  Robô 02,operando,65.95,2.14,401
7855,  Robô 02  ,parado,67.37,4.19,0
7856,Esteira 02  ,operando,69.89,2.72,399
7857,Motor 02  ,Manut.,49.55,3.24,20
7858,  Motor 01,Parado,69.81,3.12,0
7859,  Esteira 02,operando,66.45,3.21,207
7860,Motor 03 ,Operando,80.81,5.45,200
7861,Bomba 02,Operando,77.0,2.19,227
7862, Compressor 01,Desligado,75.78,2.49,0
7863,Bomba 02  ,Ligado,64.8,2.73,224
7864,Motor 01  ,parado,71.19,2.6,0
7865,Robô 02  ,Em operação,68.21,3.31,298
7866,  Robô 02,MANUTENÇÃO,60.02,4.03,20
7867,Compressor 01  ,Manut.,66.87,3.36,1
7868,Motor 02 ,operando,66.02,3.88,245
7869,Bomba 02,Manutenção,53.71,3.39,5
7870,  Esteira 01  ,Em manutenção,59.82,2.88,22
7871,Bomba 01  ,Parado,72.29,4.47,0
7872,  Bomba 01  ,Fora de operação,64.57,1.79,0
7873,Compressor 01 ,Manutenção,59.63,3.3,28
7874,  Compressor 01  ,MANUTENÇÃO,63.68,2.71,7
7875,Motor 01 ,Parado,57.85,3.11,0
7876,  Robô 02  ,Desligado,69.78,2.54,0
7877,  Compressor 01,Operando,56.04,3.41,205
7878,Motor 01 ,Fora de operação,68.1,3.88,0
7879,Robô 01,Parado,72.68,3.12,0
7880,Esteira 01  ,Operando,73.32,2.96,386
7881,  Bomba 02  ,Operando,73.07,2.23,376
7882,  Robô 01  ,parado,53.77,1.35,0
7883,  Bomba 02  ,Operando,71.46,2.27,271
7884,  Esteira 02  ,PARADO,72.84,2.55,0
7885,Compressor 01 ,Em manutenção,70.74,3.4,1
7886,Motor 02  ,Em operação,69.89,3.54,215
7887,Bomba 02 ,Em manutenção,58.3,1.26,16
7888, Motor 01,Em manutenção,65.41,4.4,1
7889,Robô 01 ,MANUTENÇÃO,62.99,2.65,12
7890, Bomba 01,Parado,70.09,3.77,0
7891,  Esteira 01,MANUTENÇÃO,56.16,3.57,18
7892,Bomba 01,Em manutenção,52.96,3.79,29
7893,Bomba 01 ,PARADO,73.41,2.4,0
7894,Esteira 02  ,MANUTENÇÃO,66.96,1.49,23
7895,Motor 03 ,operando,75.03,5.2,420
7896,Robô 01 ,parado,57.94,3.45,0
7897,Motor 01,Manutenção,60.81,3.15,5
7898,  Motor 03,Fora de operação,67.15,0.92,0
7899,Robô 02 ,Fora de operação,61.66,1.32,0
7900,Bomba 02 ,Manut.,73.45,4.6,12
7901,Compressor 01 ,Manutenção,79.0,1.35,18
7902,Robô 02,OPERANDO,71.63,3.36,312
7903,Bomba 01 ,Operando,64.75,3.23,247
7904,Motor 02 ,Fora de operação,63.31,0.78,0
7905, Esteira 02,parado,61.35,2.76,0
7906, Bomba 01,Em manutenção,64.83,2.24,22
7907,  Esteira 01  ,Fora de operação,71.67,2.4,0
7908,Esteira 01 ,OPERANDO,61.54,2.41,259
7909,  Motor 03  ,parado,66.98,2.89,0
7910,Motor 01  ,Parado,71.47,3.88,0
7911, Esteira 01,Em operação,69.09,2.84,314
7912,  Robô 02,Desligado,59.36,3.13,0
7913, Robô 01,Manutenção,62.2,3.72,19
7914,  Esteira 01  ,Ligado,66.27,2.83,206
7915,Robô 02,PARADO,79.51,4.16,0
7916,Bomba 02,Ligado,70.88,4.89,385
7917,Esteira 01,Desligado,69.32,2.34,0
7918,Motor 02  ,Manutenção,64.68,4.09,25
7919,Bomba 02,Manutenção,67.53,3.26,19
7920,Esteira 01,Ligado,58.26,3.33,192
7921,  Motor 03  ,Manut.,75.42,3.64,29
7922,  Bomba 02,manutencao,83.04,2.76,15
7923,  Compressor 01,PARADO,67.45,4.14,0
7924,  Compressor 01,Em operação,63.32,3.76,338
7925, Motor 01,Em operação,73.69,2.4,337
7926,  Bomba 01  ,Em operação,70.57,4.74,364
7927,Motor 02,Manut.,73.52,3.41,6
7928,Robô 02 ,Parado,70.6,4.89,0
7929,Robô 01  ,manutencao,67.03,2.45,7
7930,  Esteira 01  ,Manut.,72.8,3.57,23
7931,Motor 02 ,Manutenção,60.71,2.99,25
7932,  Motor 01,Operando,70.3,3.69,290
7933,  Motor 03,Operando,62.72,3.64,207
7934,  Bomba 01  ,operando,66.87,2.26,388
7935,  Robô 01,parado,75.95,5.04,0
7936,Bomba 02 ,Desligado,78.35,2.94,0
7937,  Esteira 02  ,OPERANDO,53.24,3.7,408
7938,  Robô 02,Ligado,75.72,3.54,193
7939,Bomba 02  ,Parado,74.12,1.11,0
7940, Bomba 01,Manutenção,71.94,3.25,25
7941,Bomba 01  ,Fora de operação,69.12,4.17,0
7942, Motor 02,Parado,58.68,2.74,0
7943,Robô 01  ,Fora de operação,74.37,2.27,0
7944,Robô 02 ,Em manutenção,53.27,1.61,12
7945,Bomba 01  ,Fora de operação,77.0,3.74,0
7946,Robô 02 ,Parado,70.61,2.24,0
7947,Esteira 02 ,parado,66.94,3.98,0
7948,Esteira 01  ,Operando,69.67,3.17,274
7949,Motor 03 ,Em manutenção,74.95,4.8,27
7950,  Robô 01,PARADO,60.91,2.89,0
7951,Compressor 01,MANUTENÇÃO,75.46,3.66,24
7952,Compressor 01  ,Manutenção,65.79,3.35,28
7953,  Esteira 02,PARADO,77.79,2.48,0
7954,  Robô 02  ,MANUTENÇÃO,68.09,4.25,24
7955,Bomba 01,manutencao,72.74,3.95,0
7956,  Motor 01  ,Em operação,63.08,2.14,410
7957,  Motor 01  ,PARADO,67.59,4.65,0
7958,Bomba 02,Manutenção,67.08,4.13,7
7959,Esteira 02,manutencao,57.32,3.21,25
7960,  Motor 02,Manut.,66.08,4.24,26
7961,  Motor 03,Parado,65.94,3.71,0
7962,  Robô 01  ,Manut.,64.65,2.52,4
7963,  Robô 01,PARADO,63.83,2.01,0
7964,Motor 02 ,Manutenção,81.45,3.8,12
7965,Robô 01  ,operando,60.37,4.45,208
7966,Bomba 01 ,Em manutenção,60.73,3.62,27
7967,  Bomba 02,Desligado,81.69,2.91,0
7968,Motor 01  ,Ligado,56.82,3.89,279
7969,  Esteira 02,Manutenção,76.04,3.22,11
7970,Bomba 01,manutencao,55.05,4.13,2
7971, Esteira 01,Fora de operação,56.83,5.59,0
7972, Motor 03,Em operação,80.47,1.82,310
7973,Motor 03 ,parado,64.95,2.87,0
7974,Motor 03,OPERANDO,62.32,2.28,325
7975,  Compressor 01  ,Manut.,61.92,4.87,22
7976,Bomba 02  ,PARADO,58.93,2.7,0
7977,Robô 02  ,Manutenção,61.38,2.46,6
7978,Motor 02  ,parado,69.2,2.95,0
7979,  Motor 03,Manutenção,77.43,3.59,12
7980, Robô 02,OPERANDO,67.96,1.27,367
7981,  Motor 02,Em operação,67.44,3.17,210
7982,  Motor 03,Em operação,54.07,4.35,376
7983,Motor 01,PARADO,52.47,4.81,0
7984,Robô 02,Fora de operação,73.37,1.33,0
7985,  Esteira 01,Manutenção,59.27,1.55,11
7986, Bomba 01,MANUTENÇÃO,61.42,3.77,4
7987, Motor 03,Operando,61.46,3.58,300
7988,  Esteira 01  ,manutencao,62.36,3.98,12
7989,  Robô 02  ,Em operação,71.81,4.28,259
7990,Motor 02,MANUTENÇÃO,66.73,3.22,22
7991, Motor 01,Em manutenção,66.73,1.98,0
7992, Esteira 01,Em operação,67.46,2.48,293
7993,  Esteira 02  ,parado,70.32,4.81,0
7994,  Motor 03  ,manutencao,67.83,4.01,13
7995,Motor 02,Desligado,55.35,2.94,0
7996, Motor 01,Em manutenção,67.56,3.09,26
7997,  Bomba 02  ,manutencao,65.82,2.22,21
7998, Bomba 02,Manutenção,72.77,3.47,29
7999,  Motor 02  ,operando,80.42,4.38,308
8000,  Motor 02,PARADO,67.48,2.86,0
8001,  Esteira 01  ,parado,60.79,3.56,0
8002,  Bomba 02  ,manutencao,72.52,2.78,5
8003,Robô 01,Manutenção,67.17,4.13,27
8004,Bomba 01  ,Desligado,66.81,3.24,0
8005,  Esteira 01  ,PARADO,58.48,2.08,0
8006,Robô 02 ,Operando,71.03,2.09,235
8007,  Bomba 01  ,manutencao,70.7,4.66,21
8008, Esteira 01,manutencao,66.96,4.02,27
8009,  Compressor 01  ,Parado,55.67,4.06,0
8010,  Robô 02  ,Parado,79.12,3.63,0
8011,Esteira 01,Parado,60.68,3.73,0
8012,  Motor 01,MANUTENÇÃO,76.93,3.74,24
8013,Bomba 02 ,OPERANDO,64.08,5.02,254
8014,Robô 01  ,operando,62.87,3.1,365
8015,Robô 02  ,Ligado,52.01,3.0,412
8016,  Motor 01  ,operando,64.35,3.81,299
8017,  Compressor 01,parado,66.65,3.53,0
8018,  Bomba 02  ,operando,61.53,3.61,285
8019, Bomba 01,Desligado,70.45,2.75,0
8020,  Motor 03  ,MANUTENÇÃO,67.02,2.62,18
8021,  Bomba 01  ,Em operação,64.67,1.86,388
8022, Motor 01,Fora de operação,62.34,4.95,0
8023,Robô 02 ,Ligado,61.49,1.65,245
8024,  Bomba 01,PARADO,77.33,0.56,0
8025,Bomba 02,manutencao,78.52,1.58,17
8026,Bomba 02 ,Manutenção,60.51,4.56,30
8027,  Motor 01  ,Manut.,64.35,2.88,11
8028,Robô 02 ,manutencao,60.86,3.73,6
8029, Motor 03,Fora de operação,60.85,0.56,0
8030,Bomba 01  ,MANUTENÇÃO,71.8,4.78,29
8031,Motor 02  ,MANUTENÇÃO,66.12,3.67,14
8032,  Motor 01,parado,76.5,4.17,0
8033,  Esteira 01,Operando,64.75,1.98,190
8034, Compressor 01,Operando,66.17,2.89,399
8035,  Esteira 01  ,manutencao,70.65,5.41,3
8036, Motor 02,Operando,67.48,1.79,289
8037,  Bomba 02,parado,74.5,2.95,0
8038, Motor 01,Manutenção,61.51,3.39,8
8039, Robô 01,Manut.,61.82,3.84,0
8040,  Compressor 01  ,operando,57.5,2.36,268
8041,  Bomba 02  ,Em manutenção,61.18,4.71,26
8042,Esteira 01  ,parado,65.16,3.12,0
8043,  Esteira 02,Em manutenção,57.96,3.51,2
8044,Bomba 02 ,manutencao,59.33,2.34,23
8045,Bomba 01 ,parado,75.03,2.2,0
8046,  Compressor 01  ,Ligado,66.56,2.79,270
8047,Robô 01  ,parado,64.63,3.03,0
8048,Motor 03 ,Ligado,70.77,3.04,330
8049,  Motor 03,Em manutenção,69.7,2.75,8
8050,Compressor 01  ,Manut.,68.72,3.18,10
8051,Robô 01,Em operação,70.04,3.14,255
8052,Bomba 02,Em manutenção,62.07,4.71,24
8053,Motor 01,Operando,75.33,3.66,194
8054,  Motor 01,Ligado,50.6,2.82,245
8055,  Bomba 02,Manut.,67.26,2.37,9
8056,Compressor 01 ,Ligado,73.55,1.71,239
8057,  Robô 02  ,Operando,61.7,2.83,233
8058,Motor 02  ,Desligado,63.21,4.29,0
8059,Compressor 01,Desligado,67.65,3.57,0
8060,Motor 01 ,Em operação,74.23,4.14,343
8061,  Esteira 02  ,MANUTENÇÃO,65.35,2.19,2
8062,Motor 02,Manut.,65.22,2.95,24
8063,Bomba 01  ,Em operação,67.76,2.97,255
8064,  Motor 03  ,Fora de operação,64.33,4.93,0
8065,Bomba 01  ,PARADO,58.72,1.97,0
8066,Robô 02,manutencao,62.18,1.56,4
8067,Esteira 01  ,Desligado,64.36,1.64,0
8068,  Compressor 01,Em manutenção,46.81,4.45,12
8069,  Motor 03  ,Desligado,61.56,2.69,0
8070, Motor 02,MANUTENÇÃO,72.72,2.83,20
8071,Esteira 01  ,Fora de operação,70.28,2.07,0
8072,Esteira 01  ,PARADO,64.62,4.55,0
8073,Esteira 01,Desligado,70.75,3.49,0
8074, Esteira 01,manutencao,67.4,1.62,20
8075,  Robô 02  ,Em manutenção,66.13,3.14,12
8076, Bomba 02,Desligado,67.33,3.18,0
8077,Motor 02 ,Manut.,65.97,3.48,10
8078, Motor 02,Ligado,68.5,2.68,388
8079,Compressor 01  ,parado,74.04,3.47,0
8080,  Compressor 01,Em manutenção,64.42,3.21,4
8081,Robô 01  ,Fora de operação,68.21,3.3,0
8082,Esteira 01,Manut.,77.32,5.3,14
8083,  Bomba 01,Em operação,75.1,3.35,372
8084, Motor 03,Manutenção,69.47,2.51,0
8085,  Bomba 02,PARADO,63.67,3.01,0
8086,Motor 03 ,MANUTENÇÃO,58.55,2.26,5
8087,Bomba 02 ,Parado,67.03,1.98,0
8088,  Esteira 01,Em operação,60.57,2.62,246
8089,Bomba 01,manutencao,66.81,2.23,14
8090, Bomba 01,Parado,61.45,3.39,0
8091,  Esteira 02  ,MANUTENÇÃO,75.03,2.72,4
8092, Bomba 01,manutencao,55.21,4.04,19
8093,Robô 02,manutencao,73.45,3.89,30
8094,Motor 02,Em manutenção,75.7,4.16,15
8095, Esteira 01,Desligado,68.82,2.8,0
8096,  Compressor 01,Em operação,66.28,1.94,189
8097,Bomba 01,Manutenção,54.99,4.13,17
8098,Motor 01  ,Desligado,70.37,4.66,0
8099,Motor 02  ,Ligado,66.64,3.98,195
8100,  Motor 03,Parado,59.61,3.04,0
8101,  Esteira 01  ,Em operação,66.67,0.95,276
8102,  Esteira 01  ,Ligado,74.38,1.72,327
8103, Motor 03,Em operação,56.6,1.64,215
8104,Esteira 02 ,PARADO,69.65,3.23,0
8105,  Bomba 01  ,PARADO,76.99,1.22,0
8106,  Motor 03,Ligado,66.16,3.07,343
8107, Esteira 01,Em operação,78.47,3.05,412
8108,  Motor 03,operando,59.56,4.13,371
8109, Bomba 02,manutencao,74.57,2.59,20
8110,Bomba 02  ,Manut.,55.89,3.48,15
8111,  Bomba 02  ,MANUTENÇÃO,73.3,5.01,6
8112,Compressor 01,Ligado,64.43,2.26,251
8113,Compressor 01  ,MANUTENÇÃO,53.72,3.8,5
8114,Bomba 02  ,operando,54.29,2.23,415
8115,Motor 02  ,OPERANDO,70.94,4.27,251
8116,  Motor 02  ,OPERANDO,76.94,2.47,215
8117,  Robô 01  ,Operando,74.98,1.84,398
8118, Bomba 02,Parado,67.54,4.41,0
8119,Motor 02  ,Parado,65.97,4.05,0
8120,Motor 02  ,Fora de operação,71.47,4.17,0
8121, Robô 01,operando,66.96,3.18,407
8122,Esteira 01 ,parado,67.75,3.77,0
8123,Motor 03  ,OPERANDO,62.87,3.37,350
8124,Esteira 02  ,Operando,64.27,4.12,388
8125,  Robô 01,Parado,60.08,3.47,0
8126,Robô 01  ,manutencao,63.47,3.31,6
8127,  Motor 03  ,MANUTENÇÃO,61.29,4.01,5
8128,  Robô 01,Manut.,60.27,2.88,30
8129,Esteira 01 ,PARADO,58.95,4.09,0
8130,Robô 01  ,OPERANDO,69.23,4.37,397
8131,Bomba 01  ,PARADO,71.18,4.31,0
8132,  Esteira 02,PARADO,76.44,2.5,0
8133, Bomba 02,operando,62.83,3.55,398
8134,Robô 01 ,parado,74.61,3.39,0
8135, Bomba 02,Desligado,67.63,2.37,0
8136,  Esteira 01  ,Manut.,59.06,3.87,16
8137,  Esteira 02  ,PARADO,66.44,3.5,0
8138,  Motor 02,MANUTENÇÃO,72.36,3.09,20
8139,  Esteira 01  ,Operando,67.42,3.54,362
8140,  Motor 02,parado,67.64,4.07,0
8141, Motor 03,Desligado,64.99,4.98,0
8142,Esteira 02,Em operação,67.01,1.87,264
8143,Compressor 01  ,Manut.,82.4,2.0,4
8144,Motor 03  ,Parado,78.85,3.98,0
8145,Motor 01  ,Em operação,64.19,3.03,277
8146,  Bomba 02  ,Operando,66.21,1.34,226
8147,Bomba 02,Em operação,65.85,3.19,206
8148,Compressor 01 ,Fora de operação,64.5,2.54,0
8149,Robô 02,Manut.,70.02,2.22,26
8150,Motor 03 ,Em operação,68.38,3.2,279
8151,Compressor 01  ,Desligado,62.15,5.96,0
8152, Esteira 01,Manut.,72.76,3.53,27
8153,  Motor 03  ,Em operação,69.77,3.66,314
8154, Robô 02,Parado,66.46,3.86,0
8155,  Motor 01,operando,70.12,1.74,183
8156, Compressor 01,Fora de operação,65.47,3.08,0
8157,  Esteira 01  ,Manutenção,73.37,3.25,29
8158,  Motor 01,parado,61.98,3.36,0
8159, Bomba 01,Manut.,67.81,3.76,3
8160,Compressor 01,Em operação,55.64,3.57,271
8161,  Esteira 02  ,MANUTENÇÃO,75.24,3.62,25
8162,  Robô 01  ,OPERANDO,63.87,4.73,225
8163,Motor 03,Em manutenção,68.72,1.94,21
8164,Robô 01,Parado,68.0,2.48,0
8165,Robô 01  ,Em manutenção,73.55,3.1,3
8166,  Compressor 01,Desligado,85.73,3.16,0
8167,  Motor 03,Fora de operação,61.29,3.48,0
8168,Motor 01 ,MANUTENÇÃO,77.71,3.67,22
8169,Motor 03 ,manutencao,69.2,2.92,28
8170,Robô 02 ,Ligado,79.19,3.72,356
8171,Motor 03 ,Operando,66.78,2.49,244
8172,  Robô 02,Em manutenção,77.88,5.3,17
8173,Esteira 01  ,Em operação,63.66,4.72,418
8174,  Esteira 01,Manutenção,62.78,3.58,19
8175,Robô 02  ,Em operação,73.42,4.44,373
8176,  Bomba 01  ,Desligado,71.96,3.19,0
8177,Motor 01  ,parado,58.76,1.67,0
8178,Esteira 02  ,parado,59.62,1.54,0
8179,  Robô 02  ,Operando,54.26,2.92,265
8180,Motor 01 ,Manut.,60.45,1.37,21
8181,Motor 02 ,Fora de operação,73.0,3.25,0
8182, Robô 01,Manut.,68.95,4.22,3
8183,Motor 01  ,Operando,61.25,3.19,300
8184,  Robô 02  ,Ligado,57.23,2.46,300
8185,  Motor 02,Em operação,67.6,2.99,231
8186,Esteira 02 ,parado,52.53,2.73,0
8187,Esteira 02  ,parado,59.19,5.14,0
8188,  Esteira 01,Em operação,68.82,1.77,283
8189,Bomba 02,PARADO,71.63,3.85,0
8190,Motor 01 ,Em manutenção,72.81,2.34,3
8191,Motor 03,Desligado,67.31,3.13,0
8192,Bomba 02  ,Fora de operação,69.44,4.48,0
8193, Bomba 01,MANUTENÇÃO,50.56,2.6,20
8194,Esteira 02,Em operação,68.12,3.84,273
8195,  Motor 02,Operando,73.25,4.14,361
8196,  Bomba 01,PARADO,59.5,4.19,0
8197,  Bomba 02,Desligado,64.79,4.34,0
8198, Motor 01,Manutenção,66.56,2.05,12
8199,Compressor 01  ,operando,63.14,3.24,393
8200,Robô 01,Ligado,62.74,4.08,406
8201, Esteira 02,Fora de operação,75.17,0.98,0
8202,Esteira 01  ,Ligado,84.47,3.28,375
8203, Bomba 01,Fora de operação,59.3,4.32,0
8204,Bomba 02,Desligado,55.71,0.78,0
8205, Esteira 01,Fora de operação,71.58,1.31,0
8206,Esteira 01 ,manutencao,69.05,2.77,8
8207,Robô 02  ,PARADO,70.06,2.37,0
8208,Bomba 01 ,manutencao,56.57,3.2,20
8209,  Compressor 01,Operando,65.51,4.42,337
8210,Motor 01  ,parado,64.46,3.2,0
8211,Esteira 02 ,Em manutenção,71.99,0.45,10
8212,  Robô 02,PARADO,67.74,4.08,0
8213,  Motor 01  ,Ligado,67.78,2.35,267
8214, Compressor 01,Manut.,73.97,2.35,27
8215,Robô 02,Manut.,80.3,3.73,0
8216,Esteira 02,manutencao,58.66,0.78,10
8217,Bomba 02  ,Manutenção,66.15,3.78,15
8218,Motor 03,Manut.,62.9,1.75,16
8219,  Compressor 01  ,PARADO,70.37,1.67,0
8220,Bomba 02  ,Fora de operação,71.96,3.62,0
8221, Compressor 01,Ligado,61.92,3.56,197
8222,Motor 02,Em operação,60.89,2.89,322
8223,  Bomba 02,Manut.,81.22,1.86,12
8224,  Bomba 01,manutencao,74.1,4.69,17
8225,Motor 03  ,Em manutenção,77.07,4.41,24
8226,Robô 01  ,Manutenção,71.82,2.13,29
8227,Motor 03 ,Fora de operação,75.89,2.73,0
8228,  Robô 02,Operando,63.24,2.47,364
8229,  Bomba 01  ,Desligado,69.54,1.09,0
8230,  Esteira 01,manutencao,68.58,4.65,8
8231,  Esteira 01,Manut.,63.88,3.36,10
8232,Bomba 01  ,parado,68.45,3.06,0
8233,  Motor 02,MANUTENÇÃO,63.13,2.57,17
8234,Motor 02 ,manutencao,66.77,3.19,23
8235,Esteira 02,MANUTENÇÃO,60.24,3.45,4
8236,Esteira 01,Operando,66.11,2.24,378
8237,  Motor 01,MANUTENÇÃO,75.07,3.04,18
8238,Bomba 02  ,manutencao,73.01,4.48,16
8239,  Bomba 01  ,MANUTENÇÃO,64.37,4.13,6
8240,Esteira 02 ,Fora de operação,64.79,1.83,0
8241, Robô 02,Manut.,69.27,2.73,27
8242,  Robô 02,manutencao,69.44,4.07,20
8243,Bomba 01 ,PARADO,66.28,2.15,0
8244,Compressor 01  ,manutencao,77.29,2.9,23
8245,  Esteira 01  ,PARADO,79.97,1.92,0
8246, Bomba 01,Fora de operação,66.87,2.55,0
8247,Robô 02,MANUTENÇÃO,55.51,3.87,14
8248,Motor 02  ,Parado,69.4,4.05,0
8249,  Motor 02,Em operação,76.79,2.42,245
8250, Motor 01,Parado,58.1,4.34,0
8251,Motor 01 ,operando,67.97,3.54,354
8252,  Bomba 02,PARADO,62.21,4.02,0
8253,  Motor 01,operando,81.43,2.98,327
8254,Compressor 01,PARADO,56.59,3.8,0
8255,Bomba 01,parado,75.29,1.89,0
8256,  Motor 03  ,PARADO,73.15,4.43,0
8257,  Motor 01  ,Em operação,69.16,4.32,205
8258,  Compressor 01  ,parado,63.33,3.23,0
8259,  Motor 03,Operando,71.0,3.83,243
8260,  Motor 02,Manutenção,72.06,3.03,2
8261,Bomba 01  ,Em operação,72.58,3.08,303
8262,Motor 03 ,parado,72.38,3.37,0
8263,Compressor 01  ,OPERANDO,69.1,3.06,232
8264,Bomba 02  ,Operando,55.17,4.48,261
8265,Bomba 01,Manutenção,69.7,2.18,2
8266,Esteira 01 ,Operando,62.76,1.17,300
8267,Esteira 01,Em manutenção,75.21,4.43,21
8268,  Motor 01  ,parado,61.42,3.81,0
8269,Bomba 01 ,Manutenção,72.11,3.12,20
8270,Motor 03 ,OPERANDO,59.91,2.06,357
8271,Bomba 02  ,Em operação,67.89,3.8,222
8272,  Robô 01  ,parado,73.71,2.52,0
8273,Motor 01 ,Desligado,70.98,2.63,0
8274,Robô 01,Parado,62.69,3.29,0
8275,  Esteira 01,MANUTENÇÃO,71.8,1.25,24
8276,  Robô 01,Em operação,58.77,4.58,214
8277,Bomba 02,Parado,72.53,3.83,0
8278,  Bomba 01  ,Parado,67.9,3.09,0
8279,Motor 03  ,Parado,73.88,3.33,0
8280,Compressor 01 ,Em operação,77.06,4.05,267
8281,Robô 02  ,Em manutenção,73.42,1.85,18
8282,  Bomba 02  ,OPERANDO,72.59,2.74,281
8283, Robô 02,Em manutenção,62.11,3.61,0
8284,  Motor 01,Manutenção,70.99,4.47,2
8285,Bomba 01,PARADO,72.36,0.76,0
8286,  Compressor 01  ,Parado,75.26,3.71,0
8287,Compressor 01  ,Em operação,62.82,2.73,393
8288,  Motor 03,MANUTENÇÃO,70.83,4.71,8
8289,Bomba 01  ,Manutenção,69.57,3.15,15
8290,  Bomba 02  ,OPERANDO,79.58,4.63,286
8291,  Motor 02,Em operação,65.86,2.73,218
8292,Bomba 02 ,Ligado,69.25,3.55,396
8293,  Esteira 02,Operando,66.55,1.91,180
8294,Motor 02 ,Desligado,65.46,2.54,0
8295,Compressor 01,Fora de operação,61.79,2.81,0
8296,Robô 01  ,Manut.,72.21,2.95,14
8297,Esteira 02  ,Manutenção,68.26,1.11,23
8298, Motor 02,Manut.,64.24,3.38,24
8299, Robô 02,Operando,65.82,1.9,184
8300,Bomba 01  ,Desligado,70.33,1.82,0
8301,Motor 01 ,Em manutenção,55.09,0.62,1
8302,Robô 01,Em operação,71.87,3.17,362
8303,Motor 01 ,Operando,56.12,2.56,357
8304,Motor 01 ,parado,77.94,2.91,0
8305,  Bomba 01  ,Desligado,65.12,1.66,0
8306,Robô 02  ,Operando,55.17,1.19,379
8307,Esteira 01,operando,60.86,3.65,257
8308,Bomba 02,Manut.,73.49,4.18,5
8309,  Esteira 02,PARADO,72.8,1.58,0
8310,Motor 03  ,operando,73.31,4.32,366
8311,Bomba 01  ,Desligado,71.62,2.34,0
8312,Motor 03,PARADO,69.3,2.38,0
8313,Robô 01  ,MANUTENÇÃO,71.93,1.98,22
8314,Bomba 01  ,operando,70.98,2.29,400
8315, Robô 02,Operando,67.09,3.51,395
8316,  Esteira 02  ,parado,54.44,5.02,0
8317,  Bomba 01,manutencao,69.88,2.81,13
8318,Bomba 02 ,PARADO,76.27,1.29,0
8319, Motor 02,Operando,64.98,4.38,268
8320,Motor 01 ,Ligado,75.16,2.53,372
8321,Bomba 02 ,Manutenção,71.49,3.57,1
8322,  Robô 01,OPERANDO,74.78,2.0,324
8323, Bomba 01,MANUTENÇÃO,76.12,1.99,27
8324,Esteira 01,PARADO,89.11,3.02,0
8325,  Robô 01,parado,66.54,5.33,0
8326,Bomba 02,Manut.,69.84,5.06,11
8327,  Bomba 01,Em operação,63.98,4.01,309
8328,  Motor 01  ,Parado,69.87,2.57,0
8329,Esteira 01 ,Manut.,75.25,2.83,11
8330,  Esteira 02  ,Em manutenção,78.97,2.24,21
8331,Compressor 01  ,Desligado,61.7,4.1,0
8332,Robô 01,Fora de operação,70.51,4.04,0
8333,Bomba 02 ,parado,63.68,2.69,0
8334,  Robô 02,MANUTENÇÃO,71.86,3.96,22
8335, Motor 03,Ligado,62.59,3.48,386
8336,  Motor 03,Parado,67.65,3.86,0
8337, Robô 01,Fora de operação,66.28,1.54,0
8338,Bomba 01 ,Manutenção,80.26,2.98,26
8339, Motor 01,Manut.,82.61,2.56,27
8340,Motor 03  ,Operando,73.56,3.68,200
8341,  Motor 01,OPERANDO,60.88,2.73,414
8342, Motor 01,manutencao,58.07,4.2,9
8343,  Esteira 02,Ligado,68.75,1.64,251
8344,  Motor 02  ,Em operação,63.78,1.78,187
8345, Esteira 01,Ligado,66.68,2.59,315
8346,  Bomba 02  ,manutencao,59.94,3.6,18
8347,  Motor 01,parado,55.67,1.15,0
8348,  Esteira 02,PARADO,64.7,2.67,0
8349,  Motor 01  ,Manut.,75.43,3.95,1
8350,Esteira 02,Desligado,67.65,3.85,0
8351,Compressor 01  ,OPERANDO,57.23,4.19,344
8352,  Robô 01,PARADO,64.06,1.4,0
8353,  Bomba 01  ,Ligado,73.15,5.25,418
8354, Esteira 02,OPERANDO,62.77,4.29,420
8355, Robô 02,OPERANDO,66.43,4.04,375
8356,  Compressor 01,PARADO,67.97,2.01,0
8357,Esteira 02 ,PARADO,66.0,2.82,0
8358,  Motor 02  ,MANUTENÇÃO,52.79,2.83,5
8359,Motor 02,Manut.,74.64,2.55,13
8360, Motor 01,manutencao,60.78,3.95,18
8361,  Bomba 02  ,MANUTENÇÃO,58.45,2.83,16
8362, Esteira 02,MANUTENÇÃO,69.48,1.45,25
8363,  Esteira 02,Parado,74.95,2.28,0
8364,Robô 02  ,Ligado,61.39,3.97,332
8365,  Esteira 02,MANUTENÇÃO,52.75,3.42,18
8366,  Esteira 01  ,Fora de operação,69.8,3.92,0
8367,  Motor 03  ,Manutenção,87.18,4.13,29
8368,Bomba 01 ,parado,73.37,3.61,0
8369,Compressor 01  ,Em operação,49.45,4.66,345
8370,Compressor 01  ,Manutenção,69.27,1.93,24
8371,Robô 02  ,MANUTENÇÃO,56.8,3.74,23
8372, Motor 02,Em manutenção,58.32,2.48,9
8373,Bomba 01  ,OPERANDO,66.27,2.75,362
8374,Robô 01 ,manutencao,62.32,3.37,20
8375,  Bomba 01  ,Operando,71.85,3.52,234
8376,  Compressor 01,Fora de operação,60.74,3.57,0
8377,Esteira 01  ,Manut.,68.36,2.14,26
8378,Bomba 01 ,MANUTENÇÃO,83.26,2.5,28
8379,  Compressor 01  ,PARADO,57.07,2.43,0
8380,  Robô 01  ,Manutenção,74.97,4.75,4
8381,Motor 01,Desligado,66.28,2.6,0
8382,Motor 01,manutencao,66.71,4.28,13
8383,Bomba 02  ,Operando,62.14,3.64,262
8384,Compressor 01 ,Fora de operação,64.13,3.74,0
8385,Robô 02,Fora de operação,64.62,2.07,0
8386,  Motor 01  ,Desligado,78.05,3.18,0
8387,Bomba 01  ,manutencao,62.57,3.16,5
8388,  Motor 03,Em manutenção,62.36,1.83,28
8389,  Robô 02,parado,60.99,4.29,0
8390,Robô 02 ,Em manutenção,53.35,2.9,30
8391,Bomba 01,PARADO,72.56,3.89,0
8392,Bomba 01,OPERANDO,58.95,1.46,245
8393, Esteira 01,Parado,67.84,4.16,0
8394,  Bomba 01  ,PARADO,63.5,2.04,0
8395,Esteira 01 ,Manut.,64.74,1.27,12
8396,Bomba 01  ,Em manutenção,64.82,3.14,21
8397,Motor 02,Em operação,64.61,1.81,333
8398,Motor 02 ,Operando,59.16,3.31,341
8399,Motor 03  ,Operando,73.95,2.82,420
8400,Robô 02  ,Operando,61.55,3.19,280
8401,  Bomba 02  ,parado,60.49,2.39,0
8402,  Esteira 02,OPERANDO,71.05,1.04,371
8403,  Motor 02,operando,67.02,2.49,376
8404,Esteira 01 ,parado,57.94,3.78,0
8405,  Esteira 01  ,Operando,68.29,4.01,230
8406,Bomba 02  ,Parado,63.84,1.08,0
8407,Bomba 01  ,PARADO,64.94,1.02,0
8408, Compressor 01,Parado,65.97,1.98,0
8409,Robô 01,manutencao,74.74,3.5,16
8410,  Esteira 01  ,Fora de operação,64.71,4.16,0
8411,Bomba 02 ,manutencao,57.92,3.87,30
8412, Motor 02,Manutenção,63.06,3.64,22
8413, Robô 02,Manutenção,53.58,4.4,3
8414,  Robô 02,OPERANDO,76.99,1.39,265
8415,  Bomba 02  ,Em operação,66.67,4.42,375
8416,Motor 01  ,Parado,75.79,3.63,0
8417,  Bomba 01,Manut.,71.9,3.07,0
8418,  Motor 01  ,parado,68.19,3.63,0
8419,Motor 02,Parado,64.0,2.21,0
8420,  Motor 01,Desligado,55.82,3.49,0
8421,Motor 01 ,Em manutenção,69.82,2.84,6
8422, Bomba 01,Em manutenção,77.31,2.43,23
8423,Esteira 01  ,parado,64.27,3.54,0
8424,Motor 03  ,Parado,59.33,2.49,0
8425,  Compressor 01,PARADO,64.93,2.25,0
8426,Esteira 02  ,Fora de operação,56.66,2.23,0
8427,Compressor 01,OPERANDO,61.52,0.99,278
8428,Robô 02  ,Manut.,71.79,3.57,17
8429,  Motor 03,Operando,70.48,3.26,243
8430,  Esteira 01  ,Em manutenção,82.54,4.82,12
8431,Robô 01  ,Ligado,61.64,3.24,185
8432,Motor 03,Ligado,58.95,3.6,317
8433,Esteira 02,Parado,64.08,3.1,0
8434,  Motor 03  ,Fora de operação,75.54,3.03,0
8435,  Motor 03  ,Manutenção,65.47,2.81,18
8436,  Bomba 01,MANUTENÇÃO,73.45,3.64,29
8437,Bomba 01 ,Desligado,63.71,2.76,0
8438,Bomba 01 ,Manut.,73.04,4.02,17
8439,  Compressor 01  ,Operando,77.22,1.54,229
8440,  Motor 01  ,OPERANDO,67.98,1.85,402
8441,Motor 03  ,Manut.,67.87,3.82,30
8442,Motor 03  ,Em manutenção,58.06,3.62,3
8443,  Bomba 01  ,Manut.,71.36,4.79,19
8444,Bomba 02 ,PARADO,73.74,2.74,0
8445,  Esteira 02  ,PARADO,66.43,3.9,0
8446,Bomba 01 ,Operando,63.16,3.26,313
8447,Esteira 01,MANUTENÇÃO,85.08,3.26,17
8448,  Bomba 01  ,Manutenção,75.38,3.48,29
8449,  Robô 01,Parado,62.05,3.59,0
8450,Bomba 01,manutencao,63.15,1.98,20
8451,Motor 01 ,Desligado,67.38,3.1,0
8452,  Robô 01  ,Em manutenção,58.74,3.74,25
8453,Esteira 02 ,PARADO,58.44,3.63,0
8454,Compressor 01  ,MANUTENÇÃO,68.21,1.85,13
8455, Bomba 02,Em manutenção,59.59,4.04,12
8456, Bomba 01,Manut.,68.14,3.93,14
8457,Compressor 01 ,manutencao,50.09,1.89,6
8458,Compressor 01  ,Manut.,69.61,2.65,27
8459, Bomba 02,Desligado,78.98,4.6,0
8460,Bomba 01,OPERANDO,68.14,3.91,320
8461, Compressor 01,Em operação,69.24,3.07,222
8462,Motor 02  ,Em operação,82.28,3.22,180
8463,  Esteira 02,OPERANDO,67.02,2.87,302
8464,  Robô 02,OPERANDO,62.41,2.65,330
8465,  Compressor 01,Ligado,74.11,2.95,184
8466,Robô 02  ,MANUTENÇÃO,66.67,2.23,3
8467,Robô 02  ,operando,61.54,3.41,364
8468,  Esteira 01,parado,60.62,4.14,0
8469,Robô 01  ,Parado,54.46,2.83,0
8470,  Robô 01  ,Fora de operação,64.36,2.26,0
8471,  Bomba 01,operando,67.41,4.89,336
8472,Robô 01 ,Em operação,65.91,4.87,333
8473,Bomba 02,Manut.,54.61,3.86,10
8474,Motor 03 ,PARADO,66.95,4.24,0
8475, Esteira 02,PARADO,65.19,2.79,0
8476,Esteira 01  ,Em operação,59.45,3.0,278
8477,Motor 02  ,operando,77.57,2.36,393
8478,  Robô 01,Parado,60.44,4.06,0
8479, Robô 01,OPERANDO,65.43,1.28,190
8480,Motor 01,Parado,61.8,2.63,0
8481,  Bomba 01  ,operando,60.67,3.47,320
8482,Bomba 01 ,Operando,63.01,4.26,326
8483,Esteira 01 ,Em operação,72.18,2.73,212
8484,Compressor 01,OPERANDO,68.93,3.78,420
8485,  Motor 01,Parado,67.56,4.06,0
8486,  Esteira 01  ,Parado,60.98,2.37,0
8487,  Robô 02  ,Desligado,73.97,3.23,0
8488,Motor 03  ,OPERANDO,66.56,2.6,283
8489,Motor 01  ,PARADO,55.95,2.47,0
8490,  Bomba 01  ,PARADO,53.14,3.05,0
8491,  Motor 03  ,MANUTENÇÃO,62.5,3.2,27
8492, Bomba 02,Operando,60.3,2.51,236
8493,  Robô 02  ,Em manutenção,61.75,3.03,13
8494,  Bomba 02,Operando,57.71,2.48,307
8495,Robô 01 ,Manut.,66.47,3.23,28
8496,  Motor 01  ,Manutenção,60.89,6.3,21
8497,  Motor 01,manutencao,71.49,3.88,30
8498,  Robô 02  ,MANUTENÇÃO,66.36,1.58,0
8499,Compressor 01  ,Ligado,64.38,1.62,217
8500,Bomba 02 ,OPERANDO,63.1,3.29,254
8501, Bomba 02,Operando,64.04,3.84,200
8502,  Bomba 01,PARADO,72.62,3.86,0
8503, Bomba 01,Fora de operação,55.6,2.56,0
8504, Compressor 01,Em operação,68.94,2.27,203
8505,Robô 02  ,PARADO,57.49,0.61,0
8506,Robô 01 ,Operando,55.96,3.15,375
8507,  Esteira 01  ,Desligado,69.31,2.21,0
8508,Bomba 02 ,Fora de operação,64.29,2.7,0
8509, Robô 01,Em manutenção,62.06,2.44,24
8510,  Compressor 01  ,manutencao,73.4,2.95,25
8511,Esteira 01,parado,61.0,2.43,0
8512, Motor 02,Desligado,72.44,3.72,0
8513,Esteira 01  ,PARADO,69.57,1.26,0
8514,  Motor 03,Em manutenção,82.46,2.29,7
8515,Compressor 01  ,Manut.,71.72,1.52,3
8516,  Esteira 02  ,Fora de operação,68.41,3.47,0
8517,Compressor 01,PARADO,67.77,5.12,0
8518,  Bomba 02  ,Ligado,54.97,2.34,315
8519,Bomba 01  ,Ligado,75.76,3.37,354
8520, Robô 01,Em manutenção,52.48,4.16,16
8521,  Motor 02,PARADO,71.56,4.15,0
8522,Bomba 02 ,Manutenção,53.0,4.3,15
8523,Compressor 01 ,Manut.,63.15,3.86,25
8524,  Esteira 01  ,Manut.,67.13,2.21,3
8525,Motor 01 ,manutencao,67.47,1.61,14
8526,  Compressor 01  ,OPERANDO,66.34,3.22,190
8527,Motor 03 ,manutencao,72.29,1.62,20
8528,  Robô 02  ,Desligado,65.47,3.03,0
8529,Robô 01 ,MANUTENÇÃO,63.52,4.07,6
8530,  Bomba 01,Desligado,65.28,4.01,0
8531,  Compressor 01  ,OPERANDO,68.39,3.16,253
8532,Motor 02,MANUTENÇÃO,65.48,4.04,25
8533,  Compressor 01  ,Manut.,67.74,1.79,3
8534,  Bomba 02,Operando,63.51,3.03,376
8535,Motor 02,Parado,60.48,2.04,0
8536,Bomba 02,Ligado,66.23,2.95,250
8537,  Compressor 01  ,Manutenção,65.73,3.33,27
8538,Esteira 02 ,Desligado,61.63,5.42,0
8539,Robô 01  ,OPERANDO,72.46,3.93,283
8540,Robô 02  ,Manutenção,76.88,3.44,9
8541,Robô 02 ,Fora de operação,67.38,4.17,0
8542,  Bomba 01  ,manutencao,73.08,1.94,16
8543,  Motor 01  ,Ligado,68.68,2.13,323
8544,  Esteira 01,Em operação,52.88,3.26,257
8545,Bomba 01 ,MANUTENÇÃO,55.47,3.0,15
8546,Motor 01  ,manutencao,68.18,4.01,25
8547,  Esteira 02  ,Manutenção,69.25,3.83,20
8548,  Robô 02  ,Em manutenção,65.24,2.12,7
8549,Robô 02,MANUTENÇÃO,68.8,3.17,11
8550,Esteira 01  ,Manut.,75.37,2.7,8
8551,Robô 01  ,MANUTENÇÃO,66.31,1.93,5
8552,Bomba 01,Em operação,76.14,3.18,208
8553,Compressor 01,Fora de operação,52.19,1.94,0
8554,Esteira 01,PARADO,74.81,0.9,0
8555,Robô 01,Manut.,61.27,3.71,17
8556,Robô 01,Ligado,70.96,2.65,340
8557,Robô 01 ,parado,58.57,2.19,0
8558,Robô 01,Parado,73.46,3.43,0
8559,Bomba 01 ,Manut.,47.73,4.88,11
8560, Compressor 01,operando,70.65,3.87,287
8561, Motor 02,PARADO,60.25,3.78,0
8562, Bomba 02,MANUTENÇÃO,75.25,1.8,30
8563,Robô 02 ,Manut.,55.42,3.12,18
8564,  Esteira 02,Em operação,61.15,4.06,341
8565,  Robô 02  ,Desligado,61.31,2.37,0
8566, Compressor 01,Manutenção,69.18,4.76,24
8567,Compressor 01,Manut.,53.82,4.07,5
8568,Bomba 02,Em operação,73.06,1.62,294
8569,  Motor 02,Parado,72.34,3.28,0
8570,Motor 02 ,OPERANDO,61.82,3.45,268
8571,  Robô 01  ,Manutenção,76.38,4.79,13
8572,Robô 02 ,manutencao,72.37,3.03,21
8573,Robô 02,Em manutenção,69.18,4.69,14
8574,Robô 01,Em operação,60.33,2.45,289
8575,Motor 03,Fora de operação,70.28,4.27,0
8576,  Esteira 01,Ligado,53.57,1.81,368
8577,Motor 03 ,Manut.,70.67,4.11,13
8578,  Motor 01  ,MANUTENÇÃO,56.76,3.23,3
8579,  Esteira 02,Em operação,75.32,1.35,180
8580,  Motor 03,manutencao,71.64,3.75,9
8581,Motor 03 ,Parado,65.38,3.46,0
8582, Esteira 01,Em manutenção,77.5,2.56,26
8583, Motor 02,Desligado,66.87,3.61,0
8584,Bomba 01 ,operando,72.03,2.01,270
8585, Esteira 02,Em manutenção,73.5,2.91,4
8586,Compressor 01 ,Operando,56.81,4.69,308
8587,Motor 01  ,Manut.,64.86,5.12,29
8588,  Motor 03  ,Operando,59.68,3.52,218
8589, Bomba 02,Ligado,63.24,4.54,227
8590, Robô 02,PARADO,63.75,3.01,0
8591, Esteira 01,parado,59.47,3.31,0
8592, Esteira 01,Manut.,60.56,3.69,29
8593,  Bomba 02,Em operação,58.15,3.65,413
8594,Robô 01  ,Em manutenção,74.08,4.09,9
8595,Bomba 02  ,PARADO,62.07,2.25,0
8596,Esteira 02  ,Manutenção,72.33,4.16,8
8597,Robô 02  ,Ligado,68.09,2.45,305
8598,  Bomba 01  ,Manut.,46.15,3.2,26
8599,  Bomba 02,Desligado,66.14,4.93,0
8600,  Motor 01  ,Parado,68.28,4.54,0
8601,  Compressor 01  ,Desligado,68.14,3.72,0
8602,Esteira 01,parado,74.9,4.21,0
8603,Esteira 01,PARADO,65.85,3.15,0
8604,Esteira 01 ,Operando,74.67,2.45,316
8605, Esteira 01,Ligado,71.92,3.62,350
8606,Motor 02  ,Operando,72.61,3.72,318
8607, Motor 01,Ligado,59.29,3.68,402
8608,Motor 02  ,Ligado,53.68,3.09,368
8609,  Robô 02  ,Em manutenção,63.95,3.59,3
8610,Bomba 01 ,MANUTENÇÃO,78.14,1.7,18
8611,Compressor 01  ,Manut.,73.69,3.74,8
8612,Motor 02 ,Fora de operação,67.48,2.9,0
8613,  Bomba 02,Operando,53.46,3.1,240
8614,Bomba 02 ,Operando,66.52,3.37,216
8615,  Bomba 02  ,OPERANDO,69.21,2.3,306
8616,  Robô 01  ,Fora de operação,78.01,4.81,0
8617,Bomba 01,Manutenção,71.39,0.2,4
8618,  Bomba 02  ,operando,78.34,2.49,266
8619,  Motor 01,OPERANDO,74.89,3.59,188
8620,Motor 02 ,Em manutenção,57.42,3.27,18
8621,  Compressor 01  ,Operando,58.32,4.07,406
8622,Robô 01,Operando,58.15,2.56,344
8623, Bomba 01,Em manutenção,75.29,2.76,13
8624,Bomba 01,Desligado,68.97,4.34,0
8625,Bomba 02  ,Manut.,72.94,0.94,3
8626,Esteira 02,PARADO,74.57,2.78,0
8627,Esteira 01,Desligado,63.98,2.09,0
8628, Esteira 02,Fora de operação,76.66,3.26,0
8629, Robô 02,Operando,72.47,2.63,382
8630, Bomba 02,parado,69.29,2.0,0
8631,  Motor 03  ,Manut.,65.76,3.9,26
8632,  Bomba 01  ,PARADO,59.08,1.99,0
8633,Robô 01  ,OPERANDO,70.92,3.33,238
8634,Robô 01,Manut.,64.91,3.64,19
8635, Esteira 01,OPERANDO,57.7,2.42,224
8636,Bomba 01 ,Operando,74.15,3.97,398
8637,Esteira 01  ,Manutenção,81.09,2.46,15
8638,Bomba 01 ,Ligado,61.74,2.18,282
8639,Esteira 02 ,Fora de operação,65.99,4.35,0
8640,  Motor 01,Em manutenção,57.93,1.73,5
8641,  Esteira 02,Ligado,50.33,4.84,393
8642, Robô 01,PARADO,70.62,2.31,0
8643,  Bomba 01  ,Operando,64.05,5.3,319
8644,Esteira 01  ,PARADO,66.26,3.23,0
8645,  Compressor 01  ,PARADO,76.52,2.83,0
8646,  Motor 01  ,Ligado,76.24,4.27,204
8647, Motor 02,MANUTENÇÃO,60.95,4.11,16
8648,Motor 01 ,Ligado,67.85,3.57,373
8649,  Bomba 01  ,parado,62.2,2.72,0
8650,Motor 02,operando,66.33,3.33,406
8651,  Robô 02  ,Ligado,82.64,2.95,263
8652,Motor 03,Em manutenção,70.89,2.86,5
8653,Bomba 02,Manutenção,64.44,2.94,12
8654, Esteira 02,MANUTENÇÃO,56.91,4.35,7
8655,Esteira 01,parado,68.91,3.28,0
8656, Robô 01,Ligado,69.0,3.32,201
8657,Compressor 01,Fora de operação,68.6,2.3,0
8658,  Compressor 01  ,Em operação,78.37,3.59,334
8659,Robô 02 ,Operando,58.09,2.65,361
8660,Motor 01,Em manutenção,73.19,1.49,13
8661, Compressor 01,Manutenção,59.08,4.5,7
8662,Bomba 01  ,Parado,77.72,4.03,0
8663,Esteira 01 ,OPERANDO,66.55,3.84,187
8664,  Motor 03  ,OPERANDO,73.5,0.58,380
8665,  Bomba 02,operando,73.82,3.45,370
8666,Bomba 02,OPERANDO,65.82,3.68,229
8667,  Bomba 01,PARADO,64.3,3.24,0
8668,Esteira 02  ,Operando,65.01,3.41,266
8669, Esteira 01,OPERANDO,63.81,1.16,339
8670,  Robô 02,manutencao,70.15,1.45,5
8671,Bomba 02,Parado,50.44,2.7,0
8672,Robô 01  ,manutencao,80.44,1.88,19
8673,  Motor 02,Em manutenção,65.14,1.13,3
8674,Compressor 01,Parado,69.28,2.73,0
8675,Motor 02 ,OPERANDO,66.42,2.61,254
8676,Robô 01 ,Parado,80.8,1.4,0
8677, Compressor 01,operando,81.11,1.91,293
8678,  Motor 02  ,PARADO,78.54,1.83,0
8679,Esteira 02,Fora de operação,67.18,3.08,0
8680,  Bomba 02,Fora de operação,60.44,5.06,0
8681,  Bomba 01  ,Operando,59.33,2.8,388
8682, Motor 01,Em operação,70.57,3.12,383
8683,  Motor 02,parado,69.25,2.81,0
8684,  Motor 01,operando,70.88,5.07,209
8685,  Motor 02  ,OPERANDO,58.76,3.47,399
8686,  Motor 02  ,Desligado,60.13,2.03,0
8687, Compressor 01,Operando,83.73,2.11,300
8688,  Robô 02,Parado,74.04,2.81,0
8689,Motor 01,operando,57.62,2.47,398
8690,Bomba 01 ,Em manutenção,71.84,3.83,1
8691,Compressor 01  ,Em manutenção,80.23,2.61,2
8692,  Motor 02,Em manutenção,65.95,3.88,22
8693,Motor 03 ,Manutenção,63.44,1.25,26
8694,Motor 02 ,Manut.,73.11,3.09,9
8695,  Bomba 02,OPERANDO,65.19,4.75,217
8696, Motor 03,Em manutenção,73.81,3.5,28
8697, Esteira 02,manutencao,69.55,3.28,29
8698,Robô 01 ,parado,74.97,3.51,0
8699,Robô 02 ,operando,62.59,2.45,218
8700,Esteira 01 ,Manut.,64.41,2.18,4
8701,  Motor 02,Em operação,61.48,3.5,374
8702,Esteira 01,parado,67.07,2.31,0
8703,Bomba 01,parado,73.05,3.29,0
8704,Esteira 02,operando,65.24,2.45,417
8705, Motor 02,Manutenção,62.41,1.83,23
8706,  Esteira 01  ,operando,67.05,2.95,307
8707,Robô 01  ,Em manutenção,62.97,1.79,17
8708,Bomba 02  ,Em manutenção,64.53,2.29,23
8709,Bomba 02,operando,55.84,2.5,238
8710,Motor 01 ,operando,64.93,2.27,399
8711,  Esteira 02  ,Em operação,53.68,3.24,241
8712,Esteira 01 ,manutencao,70.46,5.97,26
8713,  Robô 02,Ligado,58.34,3.66,188
8714,  Motor 02  ,parado,60.38,3.09,0
8715, Bomba 01,operando,60.21,1.44,303
8716,Bomba 01,Em operação,79.4,2.92,234
8717,Compressor 01,operando,69.95,2.84,263
8718,  Robô 02,Desligado,60.15,2.62,0
8719,  Motor 01  ,Fora de operação,61.31,4.1,0
8720,  Bomba 01  ,MANUTENÇÃO,63.4,2.32,19
8721,  Bomba 01,Manut.,59.53,2.59,16
8722,  Esteira 02,manutencao,71.03,3.93,1
8723, Bomba 02,manutencao,73.91,2.16,28
8724,Motor 03 ,operando,58.11,3.74,203
8725,Robô 02 ,Em manutenção,65.44,4.92,23
8726, Bomba 02,manutencao,56.94,3.21,28
8727,Robô 02,Desligado,90.54,2.61,0
8728,  Motor 01,Desligado,67.92,2.69,0
8729, Motor 02,Manutenção,70.38,2.1,18
8730,Bomba 01  ,OPERANDO,69.86,2.71,391
8731, Motor 03,Ligado,71.31,2.92,279
8732,  Compressor 01,OPERANDO,59.58,4.64,361
8733,Esteira 01  ,Em manutenção,60.44,4.5,13
8734,  Motor 02,OPERANDO,62.95,1.66,246
8735, Motor 02,Em operação,69.1,1.97,361
8736, Compressor 01,OPERANDO,70.04,4.48,239
8737,Compressor 01 ,OPERANDO,69.71,2.85,409
8738,  Esteira 02  ,OPERANDO,72.33,3.16,188
8739,Compressor 01  ,Ligado,71.33,2.63,274
8740,  Robô 01,operando,59.84,2.17,216
8741,Bomba 01,Em manutenção,54.74,0.24,4
8742, Bomba 01,Em manutenção,77.44,2.07,0
8743,Robô 02 ,Parado,62.71,1.58,0
8744,  Robô 01,PARADO,52.7,1.46,0
8745, Robô 02,parado,63.55,4.78,0
8746, Compressor 01,PARADO,60.37,2.54,0
8747,Esteira 01  ,manutencao,61.88,2.35,21
8748, Motor 02,Fora de operação,70.08,3.69,0
8749,Motor 02,Manutenção,69.09,2.85,20
8750,Esteira 01,operando,73.14,3.26,275
8751, Motor 01,Em manutenção,65.79,5.8,8
8752,Robô 01 ,manutencao,66.62,2.64,6
8753,  Motor 03  ,OPERANDO,72.76,4.89,412
8754,Motor 01  ,PARADO,68.88,1.91,0
8755,  Bomba 01  ,Em manutenção,67.83,2.77,24
8756,Robô 02 ,Ligado,55.58,2.14,243
8757,Compressor 01,Desligado,75.88,2.9,0
8758,Compressor 01  ,Ligado,62.77,3.18,237
8759,  Motor 02,Em manutenção,75.39,2.68,4
8760,  Bomba 02  ,Operando,57.35,2.96,387
8761, Robô 02,PARADO,70.03,3.3,0
8762,Esteira 01,Manut.,58.68,3.49,8
8763,Robô 02  ,Desligado,69.89,1.34,0
8764,Robô 01,Ligado,61.69,3.38,346
8765,  Compressor 01  ,MANUTENÇÃO,67.42,3.61,7
8766,  Esteira 01,Operando,62.65,1.95,281
8767,Motor 03 ,Em manutenção,62.99,3.74,14
8768,Compressor 01,Operando,64.81,3.76,271
8769,  Bomba 01  ,Desligado,53.36,2.87,0
8770,Esteira 02  ,manutencao,69.9,3.41,16
8771,  Motor 01  ,Desligado,70.38,1.9,0
8772,Esteira 01  ,Parado,82.1,3.92,0
8773,Robô 01 ,PARADO,48.09,3.42,0
8774,Motor 03 ,Desligado,60.48,3.18,0
8775,Compressor 01,Parado,61.77,3.47,0
8776, Bomba 01,Ligado,66.69,2.01,184
8777,  Bomba 02,parado,63.57,2.04,0
8778, Bomba 02,MANUTENÇÃO,69.53,2.86,18
8779,  Motor 02  ,parado,58.55,0.2,0
8780,Robô 02 ,Parado,66.94,2.87,0
8781,  Esteira 01,Ligado,65.02,1.2,245
8782, Motor 01,PARADO,64.2,3.12,0
8783,Compressor 01,MANUTENÇÃO,74.64,2.73,20
8784,Esteira 01,parado,74.12,3.82,0
8785,Motor 03,Manut.,87.2,3.36,11
8786, Robô 01,Operando,54.45,3.36,280
8787,Motor 03 ,PARADO,72.82,2.96,0
8788,  Esteira 02,Desligado,66.0,4.23,0
8789,Motor 03 ,Manut.,68.51,2.25,24
8790,Bomba 02 ,Em manutenção,73.83,4.2,0
8791,  Bomba 01  ,Manut.,69.47,4.88,30
8792,Compressor 01  ,Manutenção,68.13,3.25,14
8793,  Motor 03  ,manutencao,73.3,3.3,17
8794,Robô 02,Em manutenção,68.07,4.63,22
8795,Bomba 01,Manut.,70.16,3.04,19
8796,Bomba 02  ,Em manutenção,72.12,0.89,8
8797,Esteira 02 ,parado,61.94,4.48,0
8798,Robô 01,Em manutenção,66.28,2.32,5
8799,Motor 01 ,Em operação,83.55,3.96,272
8800,Motor 02 ,Manut.,64.73,2.27,15
8801,Esteira 02,Fora de operação,67.51,2.79,0
8802,  Bomba 02  ,PARADO,69.87,1.81,0
8803,  Robô 02  ,Ligado,86.22,3.72,198
8804,Esteira 01 ,Em manutenção,62.86,2.49,1
8805,  Bomba 01  ,Manutenção,60.27,2.86,15
8806,Motor 01  ,operando,73.75,1.64,249
8807,Bomba 02 ,Em operação,66.27,3.09,192
8808,Motor 01,Manut.,66.59,3.31,22
8809,Bomba 02 ,Em manutenção,60.82,4.18,12
8810, Robô 01,Em operação,66.01,1.87,292
8811, Bomba 01,Parado,62.26,3.55,0
8812,Robô 01  ,Fora de operação,70.58,3.73,0
8813, Bomba 02,Parado,64.68,3.22,0
8814,Esteira 01  ,Operando,63.87,1.82,369
8815,Motor 02,Desligado,74.92,4.06,0
8816,  Motor 02,Parado,71.55,4.41,0
8817,Motor 01  ,Manutenção,73.69,3.97,19
8818,Motor 01 ,Ligado,79.87,4.6,292
8819,  Motor 02,Em operação,73.72,3.56,250
8820,  Compressor 01,Em manutenção,68.14,1.51,12
8821,Esteira 01,Manutenção,84.37,3.74,7
8822,  Motor 03  ,Ligado,72.6,3.87,300
8823, Motor 01,Parado,64.61,4.01,0
8824,Bomba 02  ,Em operação,71.96,2.71,331
8825,Bomba 02 ,Parado,67.7,1.67,0
8826, Robô 02,Em operação,65.8,2.72,350
8827, Robô 01,OPERANDO,54.97,3.01,401
8828, Motor 02,Em manutenção,63.58,3.28,30
8829,  Esteira 02,Manut.,63.98,1.31,5
8830,  Robô 02,manutencao,63.0,0.38,2
8831,Esteira 02 ,Desligado,74.72,2.4,0
8832,Esteira 02,Manut.,77.28,3.15,12
8833,Bomba 01  ,Em operação,71.08,2.66,383
8834, Robô 02,Manutenção,66.93,1.82,26
8835,  Robô 01,Desligado,84.48,3.39,0
8836,  Esteira 01,parado,61.73,1.81,0
8837,  Compressor 01,MANUTENÇÃO,66.73,4.4,29
8838,  Esteira 01,Desligado,72.08,3.31,0
8839,Motor 03 ,operando,54.3,2.34,296
8840,  Motor 02,OPERANDO,72.2,2.03,258
8841,  Compressor 01,MANUTENÇÃO,59.89,3.38,30
8842,Bomba 02,manutencao,59.84,2.25,19
8843,Esteira 01 ,OPERANDO,63.09,3.62,267
8844,  Robô 02  ,Manutenção,64.37,2.78,13
8845,  Robô 02,Em manutenção,68.11,3.02,25
8846,  Bomba 01,MANUTENÇÃO,70.83,2.42,3
8847,  Motor 01  ,Parado,71.24,2.22,0
8848,  Esteira 01  ,Fora de operação,59.47,1.58,0
8849,  Bomba 02,Operando,59.73,1.43,380
8850,  Compressor 01,PARADO,86.51,1.49,0
8851,Esteira 02,Parado,71.58,1.28,0
8852,Compressor 01,OPERANDO,89.84,2.46,371
8853,  Motor 01  ,operando,55.56,5.08,245
8854,Robô 02 ,Operando,59.18,1.75,357
8855,Robô 02  ,Parado,61.02,3.33,0
8856,  Bomba 01,Manutenção,68.13,3.86,29
8857,  Esteira 02  ,Desligado,66.24,4.0,0
8858,  Bomba 01  ,Manutenção,63.07,2.28,26
8859, Bomba 02,Ligado,72.05,1.75,227
8860,  Motor 01  ,Manut.,68.61,3.08,18
8861, Bomba 01,MANUTENÇÃO,74.63,3.17,15
8862, Compressor 01,Desligado,59.37,2.01,0
8863,  Motor 03,parado,57.59,2.45,0
8864,  Robô 01,Operando,75.42,2.68,249
8865,  Motor 03  ,Manut.,62.48,2.27,12
8866, Motor 01,parado,78.39,2.27,0
8867,Robô 01,MANUTENÇÃO,59.04,1.79,13
8868,Esteira 02 ,Desligado,74.1,5.02,0
8869,Robô 02 ,Ligado,66.23,2.81,303
8870,  Robô 02,MANUTENÇÃO,72.24,3.66,15
8871,  Compressor 01,Manutenção,63.21,3.01,15
8872,  Motor 02,Em operação,64.65,2.96,208
8873, Bomba 02,Manutenção,61.32,3.49,27
8874, Compressor 01,Parado,61.98,2.53,0
8875,  Motor 02,Fora de operação,73.6,3.57,0
8876,Compressor 01  ,Operando,58.71,3.25,233
8877,  Motor 01,Manutenção,75.17,3.45,6
8878,  Esteira 01  ,Em operação,71.17,1.93,216
8879,  Esteira 01,Em operação,68.52,4.97,290
8880,  Robô 02  ,OPERANDO,67.28,2.29,252
8881,Motor 02  ,Operando,72.77,3.62,327
8882,Bomba 01  ,Fora de operação,74.44,4.07,0
8883,Motor 03  ,Em manutenção,62.3,5.14,1
8884,Esteira 01,operando,58.43,2.77,333
8885,Motor 02 ,parado,75.04,2.42,0
8886,Motor 02,Manutenção,74.81,4.54,26
8887,Esteira 01  ,Em manutenção,83.41,1.53,11
8888,  Robô 02,parado,62.7,1.8,0
8889, Esteira 02,Ligado,52.68,2.07,391
8890,Esteira 01  ,Manutenção,69.1,4.21,28
8891, Esteira 02,Desligado,60.1,3.09,0
8892,  Compressor 01  ,PARADO,67.54,4.5,0
8893,Bomba 01,manutencao,67.51,4.94,23
8894,  Motor 03,PARADO,69.66,1.63,0
8895,  Motor 02,Fora de operação,67.78,3.48,0
8896,Motor 03 ,Operando,72.94,2.82,230
8897,  Motor 03,PARADO,64.09,2.72,0
8898,  Esteira 02  ,MANUTENÇÃO,65.47,2.38,14
8899,  Motor 03,Desligado,64.68,1.44,0
8900,Compressor 01  ,Manut.,67.49,4.29,21
8901,Robô 01  ,Em manutenção,65.91,4.43,25
8902,Motor 03  ,parado,59.22,3.52,0
8903,Compressor 01 ,PARADO,68.65,2.14,0
8904,Robô 02,Operando,64.91,4.14,360
8905,Motor 03  ,parado,78.72,1.23,0
8906,Bomba 02 ,OPERANDO,69.89,2.4,370
8907,  Bomba 01,Ligado,74.51,3.64,216
8908,Motor 01 ,Operando,66.05,4.66,182
8909,Compressor 01,Fora de operação,75.54,3.67,0
8910, Esteira 02,MANUTENÇÃO,64.09,2.08,29
8911,  Motor 03,Parado,52.34,3.96,0
8912,Esteira 02  ,parado,68.15,4.03,0
8913,Motor 01,Fora de operação,68.21,3.76,0
8914,  Motor 02  ,operando,70.38,3.19,262
8915,Robô 01 ,Parado,56.32,4.27,0
8916, Motor 02,PARADO,69.02,3.21,0
8917,  Motor 02  ,manutencao,58.21,3.41,2
8918,Compressor 01 ,parado,79.02,2.56,0
8919,Esteira 01,OPERANDO,77.27,2.56,359
8920, Compressor 01,PARADO,70.05,4.94,0
8921,  Compressor 01  ,Manutenção,79.92,3.63,27
8922,Motor 01,Manutenção,71.25,2.54,5
8923, Bomba 02,operando,76.09,0.63,337
8924, Motor 03,manutencao,64.6,2.4,0
8925,Bomba 02,Ligado,60.75,2.96,396
8926,  Robô 02,Manut.,63.49,3.45,20
8927,Bomba 01,Em operação,67.02,4.35,190
8928,  Esteira 02,operando,75.22,3.6,398
8929,Motor 01,Em operação,65.46,3.45,260
8930,Esteira 01,manutencao,79.77,4.66,19
8931,Bomba 02,Em manutenção,74.82,2.84,19
8932,  Esteira 01  ,Em manutenção,64.59,5.36,24
8933,  Compressor 01,Fora de operação,64.94,3.22,0
8934,Bomba 01 ,Manut.,52.27,3.07,12
8935,Motor 03 ,PARADO,59.16,4.64,0
8936, Motor 03,Em operação,62.58,3.55,194
8937,Bomba 02  ,Manut.,66.02,4.75,16
8938,Bomba 02,MANUTENÇÃO,65.92,1.95,27
8939,Esteira 02,manutencao,58.83,2.97,15
8940,Motor 02,Em operação,54.86,2.39,204
8941,Bomba 02,Parado,68.41,3.05,0
8942,Motor 02  ,PARADO,60.37,1.35,0
8943,  Bomba 01,Operando,60.35,2.75,368
8944,  Robô 01,Em manutenção,81.12,2.55,8
8945,  Esteira 02  ,Em operação,71.95,3.56,251
8946,Motor 03  ,Manut.,66.74,3.66,12
8947,  Compressor 01  ,Operando,64.57,3.03,268
8948,Motor 01,Parado,69.12,2.45,0
8949,  Robô 01  ,parado,81.35,2.83,0
8950,Bomba 02  ,Em operação,79.22,1.41,293
8951,Motor 01 ,OPERANDO,66.78,4.13,324
8952,Robô 01,Em operação,75.97,4.86,181
8953,  Compressor 01,Manutenção,59.7,2.84,0
8954,  Motor 01,Desligado,71.85,3.47,0
8955,Bomba 02 ,Fora de operação,56.71,3.36,0
8956,Esteira 01  ,manutencao,62.4,2.19,13
8957,  Motor 02  ,Operando,65.63,3.57,297
8958,Motor 02 ,Operando,75.04,3.31,183
8959,  Motor 02  ,Em manutenção,71.45,2.43,30
8960,  Motor 02  ,manutencao,66.25,3.07,28
8961,  Compressor 01,Desligado,66.98,4.29,0
8962,Bomba 01 ,PARADO,59.07,3.57,0
8963,  Bomba 02,PARADO,69.27,2.08,0
8964, Compressor 01,manutencao,76.42,3.98,25
8965,Motor 03  ,MANUTENÇÃO,68.02,4.42,3
8966, Esteira 02,Operando,75.93,2.69,218
8967,Motor 02 ,OPERANDO,62.83,3.28,273
8968,  Robô 02,Desligado,68.28,4.13,0
8969,Compressor 01 ,MANUTENÇÃO,61.36,1.13,21
8970,Robô 02,OPERANDO,66.18,2.82,331
8971,Robô 02 ,MANUTENÇÃO,65.22,4.19,28
8972,Bomba 02  ,manutencao,79.07,0.64,17
8973,Motor 01,OPERANDO,65.0,2.57,373
8974, Bomba 02,Operando,59.9,2.89,370
8975,Motor 01  ,Desligado,73.4,3.32,0
8976,Motor 01,Em manutenção,58.68,3.93,22
8977,  Motor 01  ,Manutenção,62.83,3.54,1
8978,Esteira 01 ,Manut.,63.61,3.9,28
8979,Robô 02,Parado,72.37,3.85,0
8980,Bomba 02,parado,65.89,2.55,0
8981,  Robô 02,Manut.,69.2,2.23,27
8982,  Bomba 02  ,Ligado,51.48,5.04,213
8983, Bomba 01,Em manutenção,61.25,3.91,29
8984,Motor 03,Fora de operação,70.71,3.81,0
8985,Esteira 02 ,Operando,74.62,0.2,413
8986,  Motor 01,Fora de operação,65.9,4.47,0
8987,  Robô 01,Em manutenção,72.0,5.52,20
8988,  Robô 01,Manut.,78.0,4.2,29
8989,  Esteira 01  ,Manut.,66.18,3.59,1
8990,  Motor 01  ,Operando,61.3,3.44,254
8991,Robô 01 ,Ligado,74.0,1.75,382
8992, Robô 02,Operando,67.23,2.3,195
8993,  Esteira 01  ,MANUTENÇÃO,63.08,4.44,13
8994,  Motor 01  ,Desligado,56.4,1.86,0
8995,Compressor 01,parado,64.74,5.06,0
8996,  Esteira 01,Parado,66.49,3.03,0
8997,  Esteira 02,Manut.,65.26,2.89,26
8998,  Bomba 01  ,Desligado,68.05,2.79,0
8999,Compressor 01,OPERANDO,58.42,3.19,186
9000,  Motor 03,parado,66.72,3.59,0
9001,Esteira 01,Manutenção,69.06,2.99,29
9002,Motor 01,Manut.,55.53,1.5,10
9003,Compressor 01 ,Em operação,51.98,3.34,310
9004,Motor 01  ,Em operação,69.56,3.88,277
9005,Motor 03  ,OPERANDO,54.74,3.08,293
9006,Motor 03 ,Parado,67.19,3.26,0
9007,Motor 03  ,Parado,79.06,3.95,0
9008,Motor 01,Ligado,64.44,3.77,200
9009,  Motor 02,Desligado,56.56,3.0,0
9010,Bomba 01,manutencao,63.92,3.62,27
9011,  Robô 02  ,manutencao,73.26,3.94,8
9012,Motor 02  ,Operando,65.05,3.44,254
9013, Motor 02,Operando,83.09,2.63,180
9014,Compressor 01 ,Manutenção,84.19,1.85,23
9015,Bomba 01,Parado,58.44,3.7,0
9016, Esteira 01,MANUTENÇÃO,68.08,1.98,22
9017, Robô 02,MANUTENÇÃO,68.37,1.83,28
9018,Robô 02 ,PARADO,68.17,4.21,0
9019, Robô 02,Operando,63.35,2.87,274
9020, Motor 03,Fora de operação,85.54,3.93,0
9021,  Bomba 01,Ligado,65.19,3.26,200
9022,Motor 03 ,Em manutenção,68.38,2.63,15
9023,Esteira 01  ,Em manutenção,66.13,3.51,20
9024,Bomba 01  ,Em manutenção,71.49,3.4,13
9025,Bomba 02  ,Em operação,72.07,2.32,233
9026,Bomba 02 ,Manutenção,65.98,2.71,9
9027,  Bomba 01  ,Fora de operação,72.6,2.97,0
9028,Bomba 02  ,MANUTENÇÃO,68.32,3.27,17
9029,Robô 02 ,operando,72.93,2.61,239
9030,Motor 02  ,PARADO,60.19,2.22,0
9031, Bomba 02,Ligado,78.68,2.84,212
9032,Esteira 01,Em operação,74.3,4.65,241
9033,  Esteira 01  ,Desligado,55.34,2.83,0
9034,  Motor 02  ,Fora de operação,57.94,4.22,0
9035,Bomba 01,Fora de operação,65.48,1.65,0
9036,Compressor 01,Em operação,79.14,3.16,242
9037,  Robô 01,Manut.,60.88,3.93,14
9038,  Motor 01,Manutenção,68.19,3.34,5
9039,Compressor 01 ,PARADO,66.02,1.74,0
9040, Bomba 02,parado,60.42,3.08,0
9041, Compressor 01,Desligado,75.32,3.55,0
9042, Robô 01,Ligado,72.07,4.92,324
9043,Compressor 01,operando,49.85,1.11,318
9044,Motor 03 ,PARADO,57.12,3.1,0
9045,Compressor 01 ,operando,51.36,2.77,215
9046,Motor 02,Fora de operação,57.2,3.04,0
9047, Bomba 02,parado,51.16,3.68,0
9048,Motor 03  ,Manutenção,58.55,1.43,17
9049,  Robô 02,Operando,79.05,3.25,410
9050,Bomba 02  ,Manutenção,69.12,2.9,29
9051,  Motor 03,Fora de operação,77.79,3.57,0
9052,Motor 03 ,OPERANDO,61.7,2.88,262
9053,Robô 01,parado,64.35,2.99,0
9054,Compressor 01  ,OPERANDO,70.17,3.78,350
9055,Robô 02  ,MANUTENÇÃO,57.82,3.47,0
9056,Esteira 01,Operando,58.94,2.66,247
9057,  Robô 01  ,Operando,55.55,1.61,268
9058,Esteira 02 ,Manut.,59.42,2.89,18
9059,Motor 01 ,Manut.,71.95,2.84,8
9060,Bomba 02 ,Desligado,59.3,4.17,0
9061,  Motor 03,Operando,69.0,3.74,351
9062,  Robô 01  ,Operando,60.52,3.59,366
9063,Bomba 02 ,Operando,62.73,4.39,406
9064,  Robô 02,Manutenção,64.99,2.45,0
9065,  Robô 01,manutencao,54.37,2.44,6
9066,Compressor 01  ,OPERANDO,75.87,2.43,265
9067,  Esteira 01,operando,74.98,4.26,403
9068,Robô 01  ,PARADO,88.8,3.56,0
9069,Motor 02 ,MANUTENÇÃO,74.76,2.78,30
9070, Motor 02,Manutenção,66.53,2.43,2
9071, Esteira 02,operando,72.62,1.85,279
9072,Motor 03 ,PARADO,62.34,2.65,0
9073, Esteira 02,Ligado,71.18,2.09,319
9074,  Motor 03,Ligado,66.66,2.82,346
9075,  Robô 02,parado,65.36,3.2,0
9076,Esteira 02,Manut.,74.18,2.45,22
9077,Bomba 02 ,Manut.,70.45,3.14,14
9078,Compressor 01 ,parado,70.76,3.0,0
9079,Robô 02  ,manutencao,56.73,3.23,26
9080,Bomba 02 ,Manutenção,77.68,4.63,21
9081, Esteira 02,Em operação,60.78,4.62,282
9082, Compressor 01,Fora de operação,71.15,4.33,0
9083, Compressor 01,OPERANDO,74.26,2.99,337
9084,Esteira 02,parado,65.39,2.71,0
9085,Esteira 02,Ligado,59.52,2.99,416
9086,Esteira 01  ,parado,62.92,2.03,0
9087,Esteira 01  ,OPERANDO,71.38,1.31,350
9088,Robô 02  ,parado,71.27,3.82,0
9089,  Esteira 02,Manutenção,59.68,3.09,18
9090,  Bomba 02,operando,73.15,3.45,275
9091,Compressor 01 ,Manutenção,58.56,2.67,9
9092,  Esteira 01,Manutenção,76.79,2.4,26
9093, Robô 02,parado,70.1,3.68,0
9094,Bomba 01,Manutenção,65.15,3.29,2
9095,  Motor 03,parado,75.89,1.6,0
9096,Motor 01  ,MANUTENÇÃO,61.76,3.43,25
9097,Motor 01  ,Manut.,67.49,3.01,19
9098,  Motor 02,parado,60.61,4.27,0
9099,Bomba 01 ,Parado,82.34,2.28,0
9100,Esteira 01,Operando,78.99,4.28,402
9101,  Esteira 02,OPERANDO,59.03,1.44,366
9102,  Esteira 02  ,manutencao,74.23,4.65,29
9103, Bomba 01,Em manutenção,65.57,2.21,21
9104,Robô 01  ,Desligado,74.09,2.65,0
9105,Esteira 01,PARADO,67.69,2.44,0
9106,  Motor 02,parado,58.54,4.33,0
9107,Bomba 02  ,Manut.,76.16,4.13,1
9108,  Robô 01  ,Manutenção,54.42,4.34,27
9109,  Motor 02,operando,70.53,5.25,180
9110,Motor 03 ,Operando,73.81,2.79,225
9111,  Motor 03,parado,71.52,2.68,0
9112,Esteira 02  ,Manutenção,63.36,4.5,10
9113,  Motor 03,Manutenção,64.42,2.24,27
9114, Bomba 01,Em operação,58.87,3.11,397
9115,Esteira 02,operando,68.21,3.1,310
9116,  Bomba 01  ,Fora de operação,70.28,2.64,0
9117,Robô 01  ,manutencao,60.4,3.11,20
9118,  Robô 01,Manut.,60.42,5.22,5
9119,Motor 01 ,manutencao,72.82,3.49,10
9120,Motor 03  ,manutencao,70.36,0.92,24
9121,Esteira 01,MANUTENÇÃO,71.58,2.33,30
9122,  Esteira 02  ,Ligado,77.18,3.29,340
9123,Motor 03  ,PARADO,61.53,3.31,0
9124, Esteira 02,Ligado,70.06,0.42,331
9125,Esteira 02 ,Manutenção,59.87,3.39,29
9126,  Compressor 01  ,Manutenção,65.33,1.06,1
9127,  Esteira 02,PARADO,73.84,4.13,0
9128,  Bomba 02  ,Em operação,73.86,2.51,381
9129, Robô 01,Manutenção,67.48,2.64,25
9130,  Motor 01,PARADO,58.38,1.82,0
9131,Motor 02,Operando,60.78,2.48,254
9132, Esteira 02,Fora de operação,57.8,3.04,0
9133,Esteira 01,parado,64.56,2.7,0
9134,Motor 03  ,OPERANDO,59.63,3.65,334
9135,Compressor 01,Manut.,69.95,2.63,16
9136,Robô 02,Operando,63.35,3.9,324
9137,Robô 02  ,operando,58.22,4.58,315
9138, Esteira 02,Em operação,64.18,2.26,276
9139,Bomba 01,Manutenção,74.22,4.47,9
9140,Esteira 01 ,Em operação,80.26,3.79,357
9141,Motor 01  ,MANUTENÇÃO,80.61,3.35,6
9142,  Motor 02  ,Ligado,58.92,2.36,254
9143,Esteira 01 ,Manut.,55.93,3.62,20
9144,Esteira 02 ,Fora de operação,74.85,3.25,0
9145, Motor 02,Desligado,72.15,4.32,0
9146, Motor 02,parado,65.55,3.64,0
9147,Robô 01,Parado,66.55,4.81,0
9148,Robô 01  ,Fora de operação,68.59,4.19,0
9149,Compressor 01,PARADO,79.86,3.8,0
9150,Compressor 01,Fora de operação,60.05,4.14,0
9151,  Motor 01  ,parado,73.29,2.7,0
9152, Esteira 01,PARADO,53.61,4.41,0
9153, Esteira 01,parado,64.95,3.6,0
9154,Compressor 01  ,Desligado,77.85,3.63,0
9155,  Motor 01,Desligado,58.05,1.88,0
9156,  Esteira 01,Fora de operação,74.32,2.56,0
9157, Bomba 01,manutencao,71.48,2.98,18
9158,  Robô 02,Em manutenção,70.51,2.24,25
9159,Motor 02  ,Em operação,63.43,3.7,401
9160,Robô 02  ,Manutenção,68.33,4.27,11
9161,  Compressor 01  ,Manut.,59.22,2.59,12
9162,  Motor 03  ,Fora de operação,74.25,3.22,0
9163,Bomba 01,Parado,59.68,2.31,0
9164,  Motor 03,Manut.,64.09,5.01,17
9165,Compressor 01,Parado,59.89,1.83,0
9166, Esteira 01,operando,74.52,2.94,420
9167,Esteira 01,MANUTENÇÃO,61.91,1.87,26
9168,Compressor 01 ,Manut.,65.12,3.34,26
9169,  Bomba 02  ,operando,71.34,2.34,341
9170, Motor 01,operando,71.09,1.4,381
9171, Motor 01,PARADO,61.09,2.95,0
9172,Robô 02  ,Parado,76.9,1.9,0
9173,Compressor 01,MANUTENÇÃO,70.55,3.12,4
9174, Bomba 01,Desligado,68.85,2.9,0
9175, Bomba 02,operando,66.61,3.05,410
9176,  Esteira 01,Em manutenção,83.39,1.34,6
9177,  Motor 03  ,Desligado,58.02,3.36,0
9178,  Motor 03  ,Em manutenção,74.33,2.57,21
9179, Bomba 02,OPERANDO,60.33,3.84,336
9180,Compressor 01 ,Ligado,76.84,3.98,269
9181,  Motor 03  ,Em operação,67.29,2.42,305
9182,  Motor 03  ,Operando,59.85,3.47,229
9183,Motor 02 ,Em manutenção,63.9,2.48,19
9184,Esteira 02,Fora de operação,65.17,2.17,0
9185,Esteira 02 ,Manutenção,50.29,1.89,24
9186, Bomba 02,Manutenção,66.62,3.77,8
9187,Motor 01  ,Manut.,66.2,2.56,15
9188,  Compressor 01  ,operando,71.26,2.19,416
9189,  Esteira 01  ,Manutenção,61.61,3.56,20
9190,Compressor 01,Parado,60.15,1.21,0
9191,Motor 03 ,operando,64.87,2.7,187
9192,Esteira 01,Manutenção,59.46,2.89,0
9193,Compressor 01 ,Fora de operação,71.45,3.6,0
9194,  Bomba 01,parado,69.67,2.98,0
9195,  Bomba 02,manutencao,60.42,3.35,0
9196,  Motor 02  ,Parado,72.23,3.37,0
9197,Esteira 02,MANUTENÇÃO,85.04,4.54,12
9198,Bomba 01 ,PARADO,62.69,3.69,0
9199,  Bomba 01,Em manutenção,59.49,1.76,29
9200,Bomba 02 ,manutencao,62.58,3.27,4
9201,  Robô 02  ,PARADO,61.13,3.21,0
9202,Motor 01 ,Operando,61.34,3.46,185
9203, Motor 03,Ligado,78.53,3.69,408
9204,  Bomba 02  ,OPERANDO,75.08,4.15,342
9205,  Motor 01,Em manutenção,72.55,3.66,26
9206, Bomba 01,Em manutenção,71.08,2.15,26
9207,Motor 01 ,Ligado,69.32,1.09,222
9208,Robô 01  ,Operando,77.49,2.62,197
9209, Bomba 02,Fora de operação,71.82,5.33,0
9210,Bomba 02,Parado,72.39,2.26,0
9211,  Motor 01,parado,73.87,4.04,0
9212,  Esteira 01,Em manutenção,68.65,2.85,18
9213,Motor 01 ,operando,74.48,4.1,326
9214,  Compressor 01,Fora de operação,62.73,3.38,0
9215,Robô 02  ,Em operação,65.47,3.23,418
9216,  Robô 02,Manutenção,74.42,3.43,19
9217,Bomba 02,Em manutenção,72.67,4.2,29
9218, Robô 01,Operando,55.37,2.96,318
9219,Robô 01 ,manutencao,53.63,3.48,17
9220,Robô 01  ,OPERANDO,66.82,3.8,269
9221,  Robô 02,Desligado,66.5,1.86,0
9222, Bomba 02,PARADO,82.7,2.91,0
9223,  Motor 03  ,Ligado,79.13,3.23,189
9224,  Robô 02  ,PARADO,72.69,3.45,0
9225,Compressor 01 ,Fora de operação,68.25,3.09,0
9226, Esteira 01,parado,63.17,3.27,0
9227,Motor 02,Em manutenção,63.44,4.06,23
9228,Robô 01,Em operação,71.1,3.17,316
9229,Motor 03 ,MANUTENÇÃO,69.97,2.35,19
9230,  Motor 02  ,Ligado,60.06,3.43,263
9231,Motor 01  ,Em operação,64.96,2.57,387
9232,  Esteira 01  ,operando,60.62,4.03,343
9233,  Esteira 01,Desligado,71.26,3.46,0
9234,Robô 02,Parado,75.86,4.1,0
9235,  Esteira 01,MANUTENÇÃO,65.67,2.99,8
9236,Compressor 01  ,Operando,63.22,4.63,252
9237,Robô 02 ,Operando,68.33,1.6,319
9238,Motor 02 ,operando,63.07,2.67,245
9239,  Motor 03,Desligado,64.16,2.93,0
9240,Motor 02  ,Manutenção,73.59,4.59,17
9241,Robô 02,Operando,57.38,1.75,289
9242,  Motor 01  ,parado,70.95,2.02,0
9243,Esteira 02 ,Em manutenção,80.03,4.13,13
9244,Bomba 02,operando,59.23,3.26,218
9245,Robô 02 ,OPERANDO,74.06,2.91,401
9246,Compressor 01,Desligado,73.29,2.92,0
9247,  Robô 01  ,Parado,61.65,2.83,0
9248,Motor 01 ,Fora de operação,62.16,2.18,0
9249,  Robô 02  ,Parado,65.69,2.51,0
9250,Motor 01,Ligado,69.73,3.25,196
9251,  Robô 01,operando,58.17,3.53,335
9252, Bomba 02,MANUTENÇÃO,70.47,3.8,9
9253,  Compressor 01,Em operação,65.03,2.74,249
9254,Robô 02 ,Em manutenção,62.17,3.07,11
9255,Motor 02  ,Fora de operação,67.97,3.13,0
9256, Bomba 02,Ligado,66.24,4.49,214
9257,  Motor 03,Manut.,67.13,1.55,15
9258,Motor 01  ,Parado,54.93,2.19,0
9259,  Motor 03,Desligado,71.55,4.32,0
9260,  Bomba 01  ,Parado,66.06,4.63,0
9261,Esteira 02  ,MANUTENÇÃO,69.16,3.78,20
9262,Motor 01,operando,61.64,4.92,302
9263,Bomba 02  ,Em operação,68.87,1.63,274
9264, Motor 02,Fora de operação,52.81,2.5,0
9265, Bomba 01,OPERANDO,70.93,2.72,272
9266,Motor 01  ,MANUTENÇÃO,68.75,4.24,3
9267,Compressor 01 ,Manut.,70.07,3.86,21
9268, Esteira 01,Em operação,68.04,4.64,204
9269,Esteira 01  ,Parado,69.37,2.0,0
9270,  Robô 02,Parado,70.95,2.89,0
9271,  Motor 01,Ligado,72.12,2.47,183
9272,  Bomba 02  ,Em operação,70.86,2.4,263
9273,Robô 01,Manut.,64.14,4.24,19
9274,Esteira 02,PARADO,72.48,2.13,0
9275,  Robô 01,OPERANDO,62.71,3.79,292
9276,Motor 03  ,Ligado,74.82,1.87,185
9277, Bomba 02,Manutenção,57.99,1.55,30
9278,  Compressor 01  ,Ligado,60.77,3.93,274
9279,Bomba 01  ,OPERANDO,68.75,2.62,216
9280,  Esteira 01  ,Manutenção,73.23,3.61,14
9281,Bomba 01,operando,71.01,3.44,214
9282,  Compressor 01  ,Operando,71.86,3.05,256
9283,Motor 02 ,Manut.,74.46,2.7,10
9284,  Bomba 02  ,Desligado,56.51,3.01,0
9285,  Esteira 01  ,PARADO,84.47,4.68,0
9286,Robô 02  ,Desligado,58.59,3.31,0
9287, Bomba 01,Desligado,73.57,5.24,0
9288,  Robô 01  ,operando,70.25,1.61,347
9289,  Esteira 01  ,Em manutenção,57.4,1.94,10
9290,  Compressor 01  ,manutencao,63.98,3.6,20
9291,  Compressor 01,Em operação,69.18,2.26,220
9292,  Bomba 01,OPERANDO,70.75,2.89,318
9293,Esteira 01 ,MANUTENÇÃO,62.49,3.52,8
9294,Motor 03  ,Fora de operação,64.34,2.19,0
9295,Esteira 01  ,Operando,58.52,3.51,405
9296,Bomba 02,Manut.,65.8,1.81,25
9297,Esteira 01  ,Fora de operação,66.78,3.49,0
9298,  Bomba 02  ,Em manutenção,58.68,2.88,4
9299, Robô 02,operando,53.1,4.94,312
9300,Bomba 02,Em operação,64.22,2.02,275
9301,Compressor 01,MANUTENÇÃO,73.86,3.47,6
9302,Motor 01 ,parado,58.72,2.26,0
9303, Bomba 02,Parado,59.53,2.01,0
9304,Bomba 02  ,Em operação,71.35,3.41,223
9305,Robô 01  ,Desligado,59.1,2.11,0
9306,  Motor 01  ,Desligado,76.09,2.02,0
9307,  Robô 01,MANUTENÇÃO,69.59,3.17,28
9308,  Motor 01,operando,64.67,4.72,414
9309,  Esteira 01  ,parado,79.02,3.38,0
9310,Bomba 02  ,Operando,60.7,3.06,322
9311,Robô 01 ,Em operação,68.12,2.32,385
9312, Compressor 01,MANUTENÇÃO,70.53,3.53,13
9313,  Compressor 01,Em manutenção,54.89,4.1,25
9314,Esteira 01,manutencao,57.94,2.31,16
9315,Motor 01 ,Ligado,61.14,3.03,241
9316,Motor 01  ,PARADO,59.67,2.61,0
9317,Bomba 02  ,manutencao,68.01,2.49,17
9318,Motor 02  ,MANUTENÇÃO,69.5,3.01,16
9319,Compressor 01 ,PARADO,68.54,3.48,0
9320,Esteira 01,operando,70.73,3.93,338
9321,Compressor 01 ,parado,69.4,3.12,0
9322,Esteira 01,OPERANDO,74.71,3.64,294
9323,Motor 01 ,OPERANDO,62.92,1.17,306
9324,Bomba 01  ,Desligado,53.52,2.46,0
9325,Robô 01 ,Fora de operação,67.59,2.9,0
9326,Esteira 01,Em manutenção,66.5,4.08,4
9327, Compressor 01,Manut.,59.94,3.87,18
9328,Motor 02,Fora de operação,65.24,3.47,0
9329,Motor 01,Manut.,70.55,2.11,21
9330,Motor 03 ,operando,69.16,5.09,223
9331, Motor 03,Desligado,65.41,2.78,0
9332,Compressor 01,OPERANDO,75.88,3.34,407
9333,Robô 01,Em manutenção,66.43,3.04,27
9334,  Esteira 02,Fora de operação,56.34,4.4,0
9335,  Esteira 01,Operando,74.53,2.64,408
9336, Compressor 01,Operando,63.17,2.5,192
9337,Robô 02  ,Operando,54.69,3.88,232
9338, Bomba 01,Ligado,73.44,2.87,208
9339,  Bomba 02  ,OPERANDO,61.53,3.52,197
9340,Motor 01 ,Em manutenção,69.8,2.41,30
9341,  Motor 02,Ligado,81.47,3.57,350
9342,  Motor 02  ,Parado,71.0,3.52,0
9343,Motor 03,Fora de operação,63.26,3.51,0
9344, Robô 02,Em operação,74.88,2.92,203
9345,Esteira 01 ,Fora de operação,62.06,2.33,0
9346, Bomba 01,Ligado,62.43,2.82,278
9347,  Esteira 01  ,Desligado,73.38,2.84,0
9348, Esteira 02,Ligado,59.63,2.28,403
9349,Robô 01,manutencao,79.44,3.23,9
9350,  Motor 02,OPERANDO,63.63,2.05,191
9351,  Motor 02  ,Em operação,62.29,3.41,211
9352,  Esteira 02,Parado,80.18,3.16,0
9353, Motor 01,Fora de operação,66.65,4.52,0
9354,Bomba 01 ,Desligado,64.65,1.53,0
9355,  Esteira 02,Em manutenção,66.55,1.67,1
9356,Motor 02  ,operando,68.25,0.89,185
9357, Motor 03,OPERANDO,73.79,3.11,269
9358,Motor 02  ,Desligado,57.89,2.7,0
9359,  Bomba 02  ,Operando,68.88,2.69,304
9360,Bomba 01,PARADO,70.47,3.0,0
9361, Robô 02,parado,70.08,2.08,0
9362,Bomba 01,Em operação,55.15,4.31,345
9363,  Motor 03  ,OPERANDO,59.95,1.16,340
9364, Esteira 02,manutencao,61.1,2.45,13
9365,  Robô 01  ,Em manutenção,58.35,1.67,20
9366, Compressor 01,Operando,67.37,3.17,396
9367,  Robô 01,operando,77.11,1.9,278
9368, Bomba 01,Em operação,55.34,3.23,202
9369,Esteira 02 ,MANUTENÇÃO,78.26,5.11,27
9370,Compressor 01,Manutenção,80.67,1.81,30
9371,Esteira 02 ,Ligado,72.4,3.43,328
9372,Bomba 01 ,Operando,84.19,2.42,192
9373,  Motor 03  ,Fora de operação,82.68,1.42,0
9374,Robô 02 ,Em operação,48.42,3.6,288
9375, Esteira 02,MANUTENÇÃO,63.36,3.27,8
9376,  Esteira 01,Manutenção,81.5,4.47,19
9377,Motor 01  ,Desligado,72.07,2.82,0
9378,  Motor 01  ,Desligado,75.19,4.15,0
9379,  Esteira 02,Operando,69.71,3.64,181
9380,Compressor 01 ,operando,54.75,3.19,183
9381, Motor 03,Parado,69.99,3.87,0
9382,  Esteira 01  ,Manutenção,71.7,3.47,2
9383,  Compressor 01,OPERANDO,75.79,3.05,412
9384,Robô 02 ,Em operação,74.28,2.58,248
9385,Motor 01,parado,67.32,5.86,0
9386,Robô 02,Parado,67.74,2.32,0
9387,Motor 03  ,operando,57.91,3.56,234
9388,  Robô 02  ,parado,55.86,1.63,0
9389,Motor 01  ,OPERANDO,69.33,2.1,349
9390,  Bomba 01,operando,68.62,3.37,395
9391,Bomba 02 ,parado,65.75,4.11,0
9392,  Compressor 01,Em operação,54.44,3.52,277
9393,Motor 03 ,Manut.,72.21,3.33,11
9394,  Motor 01  ,Manutenção,79.41,4.04,28
9395, Esteira 02,MANUTENÇÃO,85.03,2.84,18
9396, Robô 02,Parado,65.78,3.13,0
9397,Robô 02  ,Manut.,70.56,4.03,0
9398,Motor 03  ,Parado,58.77,1.87,0
9399,Motor 02 ,Ligado,53.39,2.75,262
9400, Bomba 01,Operando,67.4,5.46,352
9401,  Robô 01,Parado,68.74,2.67,0
9402,Motor 02  ,MANUTENÇÃO,68.14,2.89,11
9403,Motor 03  ,Em manutenção,69.65,4.41,28
9404,Motor 01 ,Ligado,74.42,3.2,236
9405,  Motor 01  ,Manutenção,54.63,2.63,7
9406,Robô 01  ,Em operação,78.37,3.29,343
9407,  Compressor 01,MANUTENÇÃO,63.84,3.42,22
9408,Motor 02  ,Em manutenção,60.11,1.8,10
9409,  Motor 01,Manut.,73.23,3.76,19
9410,  Bomba 01,Em operação,78.63,2.8,269
9411,Esteira 02,Em manutenção,51.53,4.03,3
9412, Esteira 02,Desligado,59.83,3.4,0
9413,Esteira 01  ,Manutenção,65.82,3.57,22
9414,  Bomba 01  ,MANUTENÇÃO,61.3,3.94,19
9415,Bomba 01  ,Manut.,62.94,3.24,12
9416,  Motor 03  ,parado,68.63,4.67,0
9417, Esteira 01,Em operação,74.68,2.73,190
9418,  Esteira 01  ,Em manutenção,65.12,2.8,21
9419,Motor 01 ,parado,61.89,3.59,0
9420,Motor 02 ,operando,64.62,2.31,185
9421,  Compressor 01,Desligado,64.07,2.51,0
9422,Robô 02  ,PARADO,58.92,4.12,0
9423,  Motor 02  ,Manutenção,66.98,2.84,11
9424,Motor 02  ,operando,66.16,3.12,354
9425, Esteira 02,Em manutenção,67.9,4.76,14
9426,  Esteira 02  ,Manutenção,68.16,3.84,1
9427, Motor 02,operando,61.6,2.98,253
9428, Motor 02,Parado,72.09,2.21,0
9429,  Motor 02,manutencao,60.3,2.71,2
9430,  Motor 02  ,Em operação,51.53,3.65,223
9431,  Motor 01,Ligado,66.71,4.34,406
9432,  Esteira 01  ,Parado,64.84,3.85,0
9433,Bomba 01 ,MANUTENÇÃO,79.97,2.29,14
9434,Esteira 01,Manutenção,72.75,3.68,17
9435,Bomba 01  ,OPERANDO,62.81,3.51,343
9436,Motor 01,Desligado,72.76,2.2,0
9437,Robô 02 ,Ligado,64.97,3.01,256
9438,  Robô 01  ,Parado,55.73,3.37,0
9439,  Motor 02,Parado,67.8,3.02,0
9440,Robô 01,Manut.,59.64,0.94,28
9441,Motor 02  ,Manutenção,58.53,1.95,21
9442,Motor 03 ,Em operação,79.01,2.52,227
9443,Robô 01  ,MANUTENÇÃO,68.24,3.42,6
9444,  Esteira 02  ,parado,83.2,3.6,0
9445,  Robô 01,Ligado,67.66,2.04,231
9446,Motor 02 ,Fora de operação,68.05,3.52,0
9447, Motor 02,PARADO,77.07,2.2,0
9448,  Robô 02  ,Ligado,44.11,2.68,258
9449,Bomba 01,Manutenção,68.58,4.82,20
9450,  Robô 01  ,Ligado,66.42,3.58,200
9451,Bomba 02 ,PARADO,59.13,3.79,0
9452, Compressor 01,Desligado,64.38,2.15,0
9453, Motor 02,Manut.,68.14,4.71,20
9454,  Motor 03  ,OPERANDO,58.6,1.73,379
9455,Robô 01,Desligado,72.74,3.52,0
9456,  Esteira 01  ,Fora de operação,71.22,4.5,0
9457, Robô 01,Operando,69.74,2.92,281
9458,Compressor 01,parado,71.9,3.33,0
9459,Robô 01 ,operando,73.8,2.52,313
9460,  Compressor 01,Operando,71.61,4.06,333
9461,  Motor 01,OPERANDO,57.81,3.89,244
9462,Robô 01  ,operando,77.78,3.14,243
9463,Robô 02,parado,64.26,3.15,0
9464,Robô 01  ,Manutenção,67.4,4.47,7
9465,  Robô 02  ,Desligado,62.28,4.35,0
9466,Esteira 01,MANUTENÇÃO,63.18,2.9,30
9467,  Motor 03,Manutenção,70.03,2.97,13
9468,Robô 02 ,Ligado,62.63,2.68,378
9469,Bomba 02  ,Desligado,66.32,2.36,0
9470,Motor 03,PARADO,69.94,3.83,0
9471,  Robô 01,operando,68.88,2.77,290
9472, Motor 03,Operando,69.86,2.2,321
9473,Motor 01,Manutenção,60.86,2.65,1
9474,Motor 02 ,manutencao,80.53,2.9,17
9475,Motor 01 ,Em operação,46.93,4.29,407
9476,Motor 03,Desligado,69.19,4.1,0
9477,Esteira 02  ,PARADO,64.78,3.94,0
9478, Motor 03,Em manutenção,57.42,3.56,17
9479,  Bomba 02  ,operando,62.09,3.19,385
9480,  Motor 03,PARADO,68.56,3.06,0
9481, Bomba 02,Fora de operação,74.59,2.03,0
9482,  Motor 02  ,Ligado,59.4,3.81,329
9483,  Motor 01,Parado,67.82,2.28,0
9484,Bomba 02  ,Desligado,66.97,3.8,0
9485,  Bomba 02,Manut.,64.28,1.65,15
9486,  Bomba 01,MANUTENÇÃO,78.93,4.12,8
9487, Bomba 01,Parado,59.03,3.23,0
9488,Compressor 01  ,Parado,57.14,2.51,0
9489,Esteira 02 ,Desligado,67.28,3.49,0
9490,  Robô 01  ,Ligado,61.37,3.42,404
9491, Robô 02,Ligado,67.79,1.02,276
9492,Motor 01 ,OPERANDO,66.27,3.98,226
9493,  Bomba 01,PARADO,64.42,2.65,0
9494,Compressor 01  ,OPERANDO,57.88,1.91,330
9495,Robô 01  ,Manut.,73.35,3.54,3
9496, Motor 01,PARADO,66.13,2.43,0
9497,Motor 03  ,Em operação,80.27,3.13,310
9498,Motor 01 ,Ligado,63.96,3.12,220
9499,Bomba 02  ,Manut.,74.21,0.98,16
9500,Bomba 02 ,Parado,67.77,2.96,0
9501,Bomba 02,Fora de operação,70.56,2.11,0
9502,  Motor 01,Em manutenção,65.73,1.93,19
9503,  Esteira 01  ,operando,67.92,4.49,188
9504,  Motor 03  ,PARADO,69.56,1.82,0
9505,Motor 03 ,Manut.,81.1,3.66,12
9506,  Bomba 01,Parado,61.75,3.95,0
9507,  Robô 01,Ligado,61.09,2.15,182
9508,  Compressor 01  ,manutencao,67.34,1.35,12
9509,Motor 01 ,Parado,58.55,3.26,0
9510,Esteira 02,Operando,66.27,3.05,187
9511,  Bomba 02,Em manutenção,77.7,4.47,25
9512,  Motor 02  ,Parado,67.99,3.48,0
9513,  Bomba 02,Operando,68.41,2.54,254
9514,  Bomba 01,Fora de operação,57.91,3.41,0
9515,Robô 01,Em operação,69.73,4.74,409
9516,Bomba 02  ,PARADO,64.03,3.89,0
9517,Bomba 01 ,parado,68.52,2.14,0
9518,Esteira 01 ,MANUTENÇÃO,74.28,3.1,11
9519, Esteira 01,Em manutenção,62.95,3.01,20
9520,Esteira 02  ,manutencao,60.65,2.53,12
9521,  Bomba 02  ,Operando,55.32,2.6,419
9522,Motor 02  ,PARADO,67.41,1.89,0
9523,Motor 01 ,operando,66.66,3.29,287
9524,Esteira 01 ,Desligado,61.07,3.41,0
9525,  Motor 03  ,parado,73.54,3.99,0
9526,  Esteira 01,Fora de operação,70.94,3.31,0
9527, Robô 02,Manut.,77.0,3.3,9
9528, Esteira 02,operando,65.86,2.71,230
9529,  Esteira 02  ,Parado,63.36,4.04,0
9530,Robô 02  ,Operando,73.96,2.55,267
9531,  Bomba 02,MANUTENÇÃO,74.02,1.75,15
9532, Motor 03,Operando,63.47,3.56,287
9533,  Bomba 01,Em manutenção,62.41,2.99,22
9534,  Motor 02  ,Manutenção,54.57,4.98,1
9535,Esteira 02,Ligado,60.79,3.75,277
9536,Compressor 01  ,Parado,70.44,1.72,0
9537,  Esteira 01  ,OPERANDO,66.29,2.58,402
9538,  Robô 02,PARADO,67.57,3.5,0
9539,  Bomba 02,Parado,63.37,4.07,0
9540, Motor 02,Operando,70.12,2.37,247
9541, Motor 01,Desligado,62.94,1.11,0
9542,Esteira 02 ,Ligado,56.36,2.5,215
9543,Bomba 02  ,PARADO,62.35,3.56,0
9544, Motor 02,Manutenção,60.81,3.84,24
9545,Robô 01  ,parado,72.17,1.96,0
9546,  Robô 02,Fora de operação,72.86,2.23,0
9547,Compressor 01  ,parado,68.75,5.3,0
9548,Esteira 02,Desligado,64.82,2.27,0
9549,  Motor 01  ,manutencao,71.62,2.61,1
9550,Esteira 02 ,Em operação,62.61,3.23,193
9551, Compressor 01,Parado,65.01,3.97,0
9552,  Motor 03,Desligado,64.89,3.29,0
9553,Bomba 01 ,PARADO,68.95,2.57,0
9554,Compressor 01 ,Manut.,72.76,3.4,2
9555, Robô 02,Fora de operação,70.8,3.64,0
9556, Motor 01,PARADO,48.04,2.29,0
9557, Motor 01,Parado,52.33,4.36,0
9558,  Robô 02  ,operando,66.39,2.93,346
9559,Bomba 01  ,PARADO,66.8,3.1,0
9560,Compressor 01 ,Operando,74.2,3.91,352
9561, Robô 02,Em manutenção,70.2,1.77,10
9562,  Bomba 02,Em manutenção,49.01,0.92,15
9563,  Esteira 02  ,MANUTENÇÃO,62.87,3.56,24
9564,  Compressor 01,operando,62.6,3.03,284
9565,  Compressor 01  ,MANUTENÇÃO,71.27,2.27,12
9566, Esteira 01,MANUTENÇÃO,62.58,2.84,17
9567, Motor 02,Operando,70.59,2.89,384
9568, Bomba 02,Em operação,63.15,1.83,287
9569,Esteira 02,Fora de operação,66.87,4.1,0
9570,Esteira 02  ,PARADO,55.4,3.61,0
9571,  Esteira 01,Em operação,64.92,5.58,243
9572,Esteira 02  ,Manutenção,65.31,3.5,3
9573,  Compressor 01,OPERANDO,75.33,3.47,188
9574,  Motor 02  ,OPERANDO,73.36,2.06,409
9575,Esteira 02  ,OPERANDO,51.7,2.65,382
9576, Robô 02,Em manutenção,72.22,3.19,12
9577,Bomba 01,Em operação,62.26,2.35,289
9578,  Robô 02,Fora de operação,82.54,3.66,0
9579, Robô 02,Manut.,67.6,3.52,28
9580, Bomba 01,MANUTENÇÃO,61.66,5.42,28
9581,Motor 02 ,Manutenção,58.91,3.43,8
9582,  Motor 03,parado,47.99,2.8,0
9583,  Motor 02  ,MANUTENÇÃO,70.49,4.07,29
9584,  Robô 02  ,Em manutenção,68.69,3.8,7
9585,  Bomba 01,Em manutenção,55.65,1.66,0
9586,Motor 02  ,Em operação,66.75,3.98,280
9587,Bomba 02,parado,74.56,1.93,0
9588,Motor 03  ,Em manutenção,72.43,1.72,11
9589,  Motor 01  ,parado,66.77,3.26,0
9590,Motor 02  ,Em operação,76.37,3.66,404
9591, Compressor 01,Manutenção,70.03,4.03,26
9592, Motor 03,Em operação,62.09,2.31,359
9593,Bomba 01 ,parado,66.95,2.58,0
9594, Motor 01,MANUTENÇÃO,67.33,2.29,13
9595,  Compressor 01  ,OPERANDO,61.54,3.43,193
9596,Motor 02  ,Em manutenção,67.22,1.71,22
9597,Robô 01  ,operando,75.25,2.16,391
9598, Bomba 01,Parado,74.15,2.1,0
9599,Motor 03 ,Manutenção,64.19,1.3,4
9600,  Robô 01  ,Em manutenção,56.72,3.87,0
9601,  Compressor 01  ,Desligado,77.17,3.96,0
9602,Robô 01 ,manutencao,60.95,3.35,2
9603,  Esteira 01  ,MANUTENÇÃO,66.9,3.4,21
9604,Esteira 02  ,operando,55.59,3.07,184
9605,  Bomba 01  ,Manut.,49.03,2.51,21
9606,Esteira 02,MANUTENÇÃO,57.77,5.02,24
9607,  Esteira 02,manutencao,64.79,3.53,12
9608,Robô 02,Manutenção,61.82,2.34,3
9609,  Robô 02  ,Parado,68.03,2.01,0
9610, Compressor 01,Parado,67.02,3.15,0
9611,Motor 02 ,Desligado,66.14,3.95,0
9612,Robô 02 ,Em operação,76.19,2.04,320
9613,  Motor 01  ,Parado,66.97,3.28,0
9614, Robô 02,MANUTENÇÃO,76.94,2.21,3
9615,Robô 02 ,Manut.,82.57,1.96,17
9616, Compressor 01,Operando,71.69,2.48,228
9617,Robô 02,Em manutenção,78.47,3.5,20
9618, Esteira 01,manutencao,56.67,1.66,4
9619,Motor 01 ,Manutenção,59.76,4.28,22
9620,  Bomba 01  ,parado,73.15,1.2,0
9621,Esteira 02  ,PARADO,58.36,4.39,0
9622,Compressor 01  ,manutencao,70.82,5.93,7
9623, Robô 02,Fora de operação,61.94,2.7,0
9624,Motor 02,Fora de operação,65.82,2.73,0
9625,Robô 01  ,Desligado,62.4,3.96,0
9626,Compressor 01  ,Manut.,72.58,5.0,30
9627,  Motor 01  ,Em manutenção,59.65,2.64,23
9628, Robô 01,Fora de operação,62.61,3.32,0
9629,Motor 02  ,Fora de operação,55.14,2.4,0
9630,  Robô 02  ,Desligado,63.9,4.72,0
9631,  Motor 01,MANUTENÇÃO,63.29,5.05,5
9632,  Bomba 01  ,manutencao,61.37,3.88,28
9633, Esteira 01,PARADO,74.02,3.82,0
9634,  Robô 01,Parado,54.09,2.86,0
9635,Motor 01  ,Desligado,74.11,2.03,0
9636,  Motor 01,Parado,74.79,2.13,0
9637,Motor 03,Em operação,54.98,4.34,413
9638,  Motor 01,Em operação,67.37,3.3,282
9639,Esteira 02  ,Em operação,58.88,3.25,337
9640,Motor 03,OPERANDO,63.31,4.8,391
9641,Esteira 02,Manutenção,57.15,3.3,18
9642,Compressor 01,Manut.,57.54,2.74,21
9643,Motor 01,operando,71.96,4.63,373
9644,  Bomba 02,Manut.,71.52,4.47,20
9645,  Motor 02  ,parado,59.73,2.14,0
9646,  Motor 03,operando,79.01,2.87,280
9647,  Bomba 02  ,parado,66.6,3.47,0
9648,  Motor 01,manutencao,61.21,2.69,14
9649,  Bomba 01,Parado,74.18,4.27,0
9650,Motor 01  ,Ligado,75.35,4.04,409
9651,Esteira 01,Manutenção,78.43,3.15,2
9652, Robô 01,OPERANDO,70.46,3.42,325
9653,Motor 01,Em manutenção,72.62,2.87,25
9654,  Bomba 02,manutencao,65.39,2.45,1
9655,  Robô 01,Operando,68.29,2.56,399
9656,Esteira 01,parado,62.17,3.14,0
9657,  Esteira 02,Em manutenção,65.66,0.2,15
9658,Motor 02,parado,73.68,3.4,0
9659,  Bomba 02,Manutenção,68.26,5.28,16
9660,Robô 01  ,OPERANDO,70.21,3.32,210
9661,Motor 01,PARADO,72.09,4.26,0
9662,  Robô 01  ,Em operação,54.46,3.43,392
9663,  Robô 01  ,Operando,65.49,1.66,296
9664,  Motor 01  ,Parado,67.61,2.31,0
9665,  Bomba 02  ,Parado,60.47,2.86,0
9666,  Bomba 01,Fora de operação,71.96,3.2,0
9667,  Esteira 01,Manutenção,56.04,3.49,20
9668,  Robô 02  ,Manut.,65.5,4.24,19
9669,Motor 02,Em manutenção,58.58,2.41,19
9670,  Robô 02  ,Ligado,66.19,0.72,315
9671,Esteira 02  ,manutencao,70.67,2.41,6
9672,Motor 01  ,Operando,63.75,4.96,229
9673, Esteira 02,Operando,65.89,4.94,224
9674,  Motor 01,Em manutenção,68.49,3.14,12
9675,Compressor 01 ,Parado,66.52,4.02,0
9676,  Robô 02,MANUTENÇÃO,64.21,4.63,30
9677, Bomba 02,Desligado,68.84,3.42,0
9678, Compressor 01,Em manutenção,71.69,3.04,6
9679,Bomba 01  ,OPERANDO,77.64,4.06,224
9680, Bomba 02,Manutenção,67.02,3.34,24
9681,  Motor 01  ,Manut.,66.16,5.42,26
9682,Motor 01  ,Manut.,63.01,1.62,28
9683,Motor 02,OPERANDO,68.13,1.93,257
9684,  Esteira 02  ,Manut.,67.81,4.1,10
9685,  Compressor 01,OPERANDO,70.13,3.39,207
9686,Bomba 02  ,operando,75.61,3.11,204
9687,  Compressor 01,Manut.,62.4,3.41,11
9688,Motor 03,Parado,71.2,3.95,0
9689,  Esteira 01  ,PARADO,67.83,3.2,0
9690,  Motor 01,Desligado,58.48,3.87,0
9691,  Esteira 02,manutencao,68.58,2.7,15
9692,Esteira 01 ,Em manutenção,62.27,2.56,17
9693,Robô 02 ,Ligado,63.18,2.47,227
9694, Bomba 01,Parado,51.57,3.68,0
9695,Robô 01  ,Em manutenção,57.23,2.45,22
9696, Compressor 01,Manutenção,70.25,2.25,12
9697,Bomba 02,Ligado,64.06,0.43,346
9698,  Esteira 01  ,PARADO,66.89,2.85,0
9699,  Esteira 02  ,manutencao,76.62,3.25,22
9700,  Motor 01  ,PARADO,70.64,1.35,0
9701,  Bomba 01  ,MANUTENÇÃO,74.86,3.89,12
9702, Esteira 01,Ligado,72.6,3.4,413
9703, Compressor 01,Parado,65.53,2.08,0
9704,Motor 02 ,Manutenção,76.35,2.8,22
9705,  Bomba 01  ,Manutenção,63.51,2.58,25
9706,Robô 01 ,operando,54.53,4.51,354
9707,  Robô 02  ,Manut.,68.07,2.99,5
9708,  Robô 01  ,MANUTENÇÃO,60.85,3.05,22
9709,  Bomba 02,Operando,60.47,1.6,229
9710,Motor 01  ,Desligado,82.59,3.95,0
9711, Robô 01,Em operação,72.09,2.76,325
9712,  Esteira 01,Ligado,63.27,4.2,357
9713,  Robô 01,PARADO,55.26,1.61,0
9714,Esteira 01 ,PARADO,76.25,4.8,0
9715,Esteira 02,manutencao,60.83,3.55,3
9716,  Robô 01,manutencao,66.64,3.3,13
9717,  Esteira 02,Em operação,73.83,4.15,215
9718,Bomba 02  ,Ligado,65.9,1.89,186
9719,  Robô 02  ,Manutenção,73.38,4.82,3
9720,  Bomba 02  ,OPERANDO,58.32,2.61,322
9721,Esteira 02 ,Em operação,63.0,3.01,215
9722,  Compressor 01,Manut.,67.89,3.55,29
9723,Motor 03 ,Desligado,75.58,3.95,0
9724,  Robô 01,parado,71.94,3.02,0
9725,Motor 01 ,MANUTENÇÃO,73.0,3.76,27
9726,Esteira 02 ,Manut.,74.34,3.02,22
9727, Motor 03,Em operação,59.19,3.9,312
9728,Bomba 01,parado,64.83,2.9,0
9729,Bomba 01,PARADO,72.35,3.69,0
9730,  Motor 03  ,Desligado,65.41,3.84,0
9731,Compressor 01,manutencao,62.63,2.47,20
9732,Motor 01 ,MANUTENÇÃO,71.06,2.59,10
9733,Robô 01,PARADO,61.77,3.54,0
9734,Compressor 01  ,Em operação,73.59,3.93,243
9735, Motor 02,PARADO,59.47,3.56,0
9736, Esteira 01,Parado,60.16,2.33,0
9737,Motor 03 ,Parado,76.15,4.44,0
9738,Robô 01  ,operando,66.06,3.22,228
9739, Bomba 01,Em operação,72.73,3.76,392
9740,Bomba 01 ,parado,71.28,3.58,0
9741,  Motor 02  ,MANUTENÇÃO,64.04,2.87,20
9742,Motor 02 ,Manutenção,69.26,1.13,18
9743,  Motor 02  ,OPERANDO,70.93,2.05,346
9744,Esteira 01 ,Desligado,66.98,4.38,0
9745,  Motor 01  ,operando,72.27,3.95,214
9746,  Compressor 01,manutencao,71.87,3.64,20
9747,Robô 01 ,Ligado,71.45,1.9,393
9748,Robô 02,Manutenção,61.69,3.34,18
9749,Esteira 02,Manut.,56.9,2.86,0
9750,Robô 01  ,manutencao,71.85,4.19,1
9751,Bomba 02 ,Em manutenção,74.96,3.89,12
9752,Bomba 01  ,manutencao,65.86,3.66,18
9753,  Esteira 01,parado,66.96,3.62,0
9754,  Bomba 02  ,Parado,49.86,2.22,0
9755,Robô 01,Manut.,71.33,4.2,12
9756,  Bomba 01,OPERANDO,69.09,3.08,183
9757,Robô 01,Parado,65.6,2.99,0
9758,Motor 02  ,MANUTENÇÃO,65.91,3.05,22
9759,Esteira 01,Operando,64.72,3.67,317
9760,Motor 03  ,parado,74.57,1.88,0
9761,  Motor 03  ,Manutenção,69.32,2.62,29
9762,Esteira 01,PARADO,85.33,4.34,0
9763,Robô 01,Manut.,67.78,1.8,5
9764, Motor 03,Em manutenção,64.93,2.02,30
9765, Bomba 02,operando,65.23,3.38,397
9766,Motor 02  ,Desligado,67.47,3.13,0
9767,  Motor 03,manutencao,73.87,4.2,26
9768,Robô 02 ,Em manutenção,68.76,2.58,17
9769, Bomba 02,Parado,53.7,2.64,0
9770,Esteira 02  ,OPERANDO,64.99,2.15,323
9771,  Robô 02  ,Em manutenção,57.25,2.74,8
9772,Robô 02 ,Parado,65.21,2.89,0
9773,  Motor 03  ,Ligado,73.15,2.75,397
9774,Robô 01  ,Parado,49.47,3.82,0
9775,  Robô 01  ,Ligado,66.2,4.55,345
9776,Robô 01  ,operando,69.2,2.83,333
9777,Motor 01 ,Parado,75.63,2.78,0
9778, Bomba 01,Operando,65.73,2.56,284
9779,Motor 02 ,manutencao,58.04,2.34,1
9780,Robô 02 ,operando,58.85,3.66,340
9781,  Motor 03  ,Operando,70.63,4.34,414
9782,Robô 01  ,Manutenção,66.62,2.65,10
9783,Esteira 02  ,operando,70.29,1.9,337
9784,  Motor 02,Manutenção,69.99,3.79,25
9785,Robô 01 ,Desligado,66.6,2.31,0
9786,Esteira 02,Em manutenção,80.57,3.65,13
9787,Motor 03  ,Manut.,70.46,0.5,11
9788,Robô 01,Manut.,62.52,3.13,0
9789,Motor 01  ,Manutenção,63.55,2.3,25
9790,Motor 01,Fora de operação,71.71,2.63,0
9791,  Esteira 01  ,Manutenção,74.61,3.06,21
9792,  Motor 03  ,Manut.,62.35,2.5,26
9793,  Bomba 01  ,parado,56.1,3.1,0
9794,Robô 01 ,parado,71.68,1.63,0
9795,Motor 01,Parado,63.93,1.89,0
9796, Motor 03,parado,70.49,2.48,0
9797,Motor 03 ,Fora de operação,60.52,1.9,0
9798,  Compressor 01  ,Operando,85.81,3.18,268
9799,Motor 02  ,manutencao,81.44,3.63,14
9800,Motor 03 ,manutencao,66.11,4.14,19
9801,  Bomba 01,manutencao,62.9,3.16,9
9802,  Robô 01,PARADO,65.33,4.06,0
9803,  Motor 01  ,Desligado,68.75,4.15,0
9804,Robô 01  ,Operando,69.93,2.95,380
9805,Motor 01,manutencao,64.35,2.13,8
9806,Compressor 01 ,Manutenção,67.37,2.69,0
9807, Esteira 02,Operando,65.21,2.57,183
9808,Bomba 01  ,PARADO,72.49,2.32,0
9809,  Esteira 01,Desligado,68.8,1.45,0
9810,  Robô 01,parado,62.73,4.01,0
9811,Bomba 01 ,OPERANDO,63.44,4.0,262
9812,Bomba 02  ,Parado,84.32,3.48,0
9813,Bomba 02 ,Desligado,62.8,3.19,0
9814,Bomba 02 ,Em manutenção,74.81,2.91,7
9815,Motor 01,Operando,69.93,3.93,283
9816,Esteira 02 ,Em manutenção,67.02,3.92,19
9817,Robô 01 ,OPERANDO,58.44,2.38,310
9818,Esteira 02 ,PARADO,79.92,3.17,0
9819,Esteira 02 ,Operando,61.49,4.55,234
9820,  Esteira 01,Operando,53.22,4.07,346
9821,Motor 02,Desligado,72.55,3.71,0
9822, Motor 02,Desligado,58.56,1.55,0
9823,  Bomba 01  ,Fora de operação,61.78,4.15,0
9824, Motor 03,Fora de operação,63.77,3.03,0
9825, Esteira 01,Manut.,70.65,2.86,2
9826,  Robô 02  ,Fora de operação,49.67,3.73,0
9827,  Compressor 01  ,operando,67.66,3.15,207
9828,  Bomba 02,manutencao,68.23,2.28,26
9829,  Esteira 01,Operando,71.23,2.0,180
9830,Robô 02  ,Parado,61.02,2.45,0
9831, Esteira 02,Manutenção,56.65,3.97,15
9832,Esteira 02  ,Ligado,72.87,2.94,302
9833,  Bomba 02  ,Desligado,62.27,2.96,0
9834,  Robô 01,operando,58.14,4.13,359
9835,  Robô 01  ,PARADO,69.34,2.18,0
9836,Bomba 01  ,Manutenção,72.47,3.39,2
9837,  Robô 02,Manutenção,62.33,4.56,28
9838,Compressor 01  ,manutencao,79.01,3.5,27
9839, Bomba 01,Manutenção,87.2,4.34,0
9840,Bomba 01 ,manutencao,70.35,2.41,4
9841,Robô 01 ,Manut.,63.55,3.92,24
9842,  Compressor 01,Fora de operação,63.1,4.26,0
9843,  Motor 02  ,OPERANDO,64.37,3.32,188
9844,Compressor 01  ,Ligado,62.42,3.31,380
9845,  Robô 01  ,manutencao,67.48,4.42,9
9846, Motor 02,manutencao,68.02,4.74,8
9847,Bomba 01  ,manutencao,69.04,3.65,11
9848,Robô 01,manutencao,69.71,3.94,26
9849,Compressor 01,Manut.,72.53,3.69,5
9850,Compressor 01 ,MANUTENÇÃO,67.86,3.55,25
9851,Esteira 02  ,OPERANDO,59.82,3.01,214
9852,  Compressor 01  ,Operando,68.82,3.48,245
9853, Motor 01,Desligado,66.92,2.8,0
9854,Bomba 02,MANUTENÇÃO,61.53,2.25,7
9855,Esteira 02 ,Ligado,69.78,4.56,180
9856,  Motor 03  ,Manut.,66.69,0.45,6
9857,  Esteira 01  ,Parado,64.8,3.33,0
9858,  Bomba 02  ,OPERANDO,59.63,2.41,306
9859, Motor 01,Parado,70.86,3.87,0
9860,Motor 02 ,Manutenção,59.8,1.86,30
9861,Bomba 01,PARADO,70.17,3.59,0
9862,Bomba 02  ,Parado,77.91,3.54,0
9863,Esteira 02  ,Parado,68.1,3.38,0
9864,  Motor 03  ,Ligado,61.87,4.36,219
9865,Motor 03 ,Operando,79.46,1.66,418
9866, Bomba 01,Operando,68.29,0.99,209
9867,Esteira 01  ,Operando,73.68,3.13,315
9868, Robô 02,PARADO,60.49,4.17,0
9869,Esteira 01 ,Operando,65.11,3.09,275
9870,Bomba 02  ,MANUTENÇÃO,84.96,1.3,7
9871,Esteira 01 ,Parado,73.75,2.79,0
9872,Robô 01 ,Fora de operação,58.95,2.69,0
9873,Motor 03  ,Em operação,74.15,2.18,379
9874,Compressor 01 ,Desligado,69.3,1.82,0
9875,Motor 01,Em manutenção,63.28,3.88,22
9876, Esteira 01,Manut.,59.31,2.93,23
9877,  Motor 03,Manutenção,59.98,3.95,9
9878,Motor 01 ,Em operação,52.26,3.7,186
9879,  Motor 02,MANUTENÇÃO,64.51,3.93,21
9880,Bomba 02 ,MANUTENÇÃO,62.82,4.31,19
9881,  Motor 01  ,parado,59.78,5.19,0
9882,  Robô 02,Em manutenção,69.69,1.57,4
9883, Motor 03,OPERANDO,66.5,3.38,241
9884,Motor 01,parado,67.17,3.46,0
9885,Motor 02,Em manutenção,58.85,3.65,26
9886,  Motor 02  ,Em manutenção,67.28,4.79,10
9887,Robô 02,MANUTENÇÃO,61.04,1.51,27
9888,  Esteira 02  ,OPERANDO,76.56,0.74,219
9889,  Robô 01,operando,69.61,3.52,220
9890,  Robô 01,Manutenção,78.58,1.0,3
9891,Esteira 02,manutencao,68.34,1.69,29
9892,Bomba 01 ,OPERANDO,73.99,4.4,219
9893,Motor 03 ,Ligado,72.03,3.2,213
9894,Motor 01,Operando,70.03,3.4,314
9895, Robô 02,Desligado,64.76,2.6,0
9896,Esteira 01 ,Operando,58.56,1.63,325
9897,  Motor 02  ,Manut.,67.53,3.82,5
9898,Robô 02 ,parado,79.38,4.69,0
9899, Bomba 02,Fora de operação,64.81,4.7,0
9900,Robô 01 ,parado,65.84,1.31,0
9901,Esteira 02,Manut.,68.29,1.44,28
9902,  Robô 02,PARADO,61.18,2.64,0
9903,Bomba 02,Manut.,65.61,4.35,0
9904,Compressor 01,Fora de operação,71.96,3.35,0
9905,  Esteira 01,Operando,78.76,4.86,412
9906,  Motor 02  ,Parado,55.14,3.99,0
9907,  Motor 03,operando,50.78,3.25,379
9908,  Esteira 01,OPERANDO,62.05,2.67,387
9909,  Robô 02  ,Desligado,57.13,2.41,0
9910, Compressor 01,Desligado,66.34,2.47,0
9911, Esteira 02,Desligado,70.15,3.77,0
9912,Motor 03  ,OPERANDO,77.93,5.77,315
9913, Esteira 01,Desligado,66.47,2.69,0
9914,Robô 01 ,OPERANDO,66.14,2.41,333
9915,  Motor 01,OPERANDO,65.36,3.12,328
9916,Esteira 02,Manut.,66.39,2.66,8
9917,Esteira 02,OPERANDO,61.0,5.21,227
9918, Robô 02,Em operação,69.59,2.18,352
9919,Motor 01  ,Manutenção,71.07,1.94,18
9920,  Esteira 01  ,Manutenção,63.71,3.76,29
9921,  Motor 03  ,Fora de operação,65.34,2.48,0
9922,Compressor 01 ,operando,64.22,3.63,267
9923,  Robô 01  ,Manut.,71.62,2.79,22
9924,  Robô 01,Desligado,61.28,2.06,0
9925,Robô 02,manutencao,80.26,1.82,0
9926, Bomba 01,MANUTENÇÃO,76.79,3.39,8
9927,Bomba 01  ,PARADO,62.85,3.8,0
9928,  Robô 01  ,OPERANDO,58.35,4.91,213
9929, Esteira 01,manutencao,65.54,2.48,0
9930,Compressor 01,Desligado,54.09,4.09,0
9931,  Robô 01,Fora de operação,70.21,2.01,0
9932,  Esteira 02,Manutenção,59.45,3.4,20
9933, Bomba 01,manutencao,62.96,2.56,7
9934,  Bomba 01  ,parado,68.39,2.89,0
9935,Bomba 02  ,OPERANDO,65.04,2.63,396
9936,  Motor 01  ,OPERANDO,65.16,3.56,354
9937,  Bomba 01  ,Manutenção,63.04,1.07,3
9938,  Motor 02  ,Manutenção,77.79,3.73,11
9939,  Bomba 01  ,parado,69.6,3.86,0
9940, Motor 02,parado,62.91,2.18,0
9941,Robô 01,MANUTENÇÃO,61.54,2.06,8
9942,  Motor 01  ,Parado,61.6,2.75,0
9943, Motor 01,Ligado,62.1,3.46,395
9944,Esteira 02 ,MANUTENÇÃO,70.52,4.6,0
9945,Bomba 02 ,Em operação,73.7,1.79,215
9946,  Bomba 02  ,operando,65.62,3.78,402
9947,  Motor 01  ,Manutenção,78.14,2.03,26
9948,  Esteira 01,operando,58.72,4.83,362
9949, Esteira 02,MANUTENÇÃO,74.0,4.04,10
9950,Bomba 02  ,Ligado,65.99,2.9,413
9951, Bomba 01,manutencao,69.77,3.02,5
9952,Motor 03 ,OPERANDO,66.07,1.39,250
9953,  Robô 02,Em operação,59.77,3.52,291
9954,  Compressor 01  ,Manutenção,64.14,2.38,5
9955,  Robô 01,Manutenção,71.69,2.82,14
9956,  Motor 01,Desligado,68.75,3.24,0
9957,  Motor 02  ,Operando,71.52,3.63,394
9958,Esteira 02  ,MANUTENÇÃO,73.97,3.16,20
9959, Esteira 02,operando,73.35,3.87,258
9960,  Robô 02  ,Operando,72.32,3.22,197
9961,  Motor 01  ,MANUTENÇÃO,65.73,2.04,22
9962,  Esteira 01  ,operando,65.57,1.3,414
9963, Robô 02,Operando,65.03,4.43,184
9964,Bomba 02 ,Operando,69.26,2.83,198
9965,  Motor 01,Operando,64.34,2.39,232
9966,Motor 02,MANUTENÇÃO,59.9,4.53,6
9967,Motor 02 ,manutencao,59.35,2.95,10
9968,  Motor 01,parado,74.39,3.2,0
9969,  Bomba 01  ,operando,66.41,3.88,238
9970,Bomba 01,Parado,59.57,3.84,0
9971,Motor 02 ,manutencao,72.25,3.91,1
9972,Motor 03,Parado,68.55,1.87,0
9973,Motor 02,Parado,69.05,3.38,0
9974, Bomba 02,Em manutenção,64.87,1.19,8
9975,Esteira 01 ,Fora de operação,68.2,3.56,0
9976,Bomba 02,Manutenção,78.22,1.09,0
9977,  Esteira 02  ,Em manutenção,50.03,3.12,11
9978,Esteira 01,Em manutenção,64.4,1.99,15
9979, Motor 02,OPERANDO,70.91,3.12,367
9980,Motor 01  ,Manutenção,73.14,3.04,23
9981,Motor 03 ,Manut.,75.39,3.25,23
9982,  Motor 01  ,Fora de operação,58.55,3.68,0
9983, Bomba 01,Em manutenção,67.19,3.38,21
9984,Motor 01  ,manutencao,61.85,2.02,25
9985,Motor 02  ,operando,77.27,2.56,248
9986,Motor 01,MANUTENÇÃO,58.23,2.25,3
9987,  Motor 03  ,Em manutenção,55.16,1.42,3
9988, Robô 02,Manutenção,63.22,1.41,5
9989,Robô 01  ,PARADO,70.74,2.43,0
9990,Motor 02 ,manutencao,54.27,1.93,19
9991,Motor 03 ,Em operação,63.13,2.47,264
9992, Motor 01,parado,57.99,3.74,0
9993, Compressor 01,Desligado,73.88,2.69,0
9994,  Robô 02,Em manutenção,61.78,3.41,2
9995,Motor 02,Parado,77.79,3.83,0
9996,  Robô 02  ,manutencao,76.45,4.64,4
9997, Esteira 02,Operando,66.28,1.94,307
9998,Robô 02  ,Ligado,63.0,2.16,309
9999,Motor 02,PARADO,77.73,3.13,0
10000,Motor 03 ,Operando,54.59,3.06,342
10001,Bomba 01,manutencao,62.02,1.14,6
10002,Motor 02 ,PARADO,64.92,2.95,0
10003,  Motor 03  ,Ligado,68.78,2.15,392
10004,  Bomba 02  ,OPERANDO,74.57,3.21,414
10005,Motor 03  ,MANUTENÇÃO,78.14,2.77,21
10006,  Motor 03,Manutenção,70.9,2.25,28
10007,  Robô 01,Fora de operação,64.0,3.32,0
10008,Motor 02,Desligado,65.63,4.58,0
10009,Robô 02,manutencao,57.66,2.49,21
10010,  Compressor 01,Manut.,55.28,3.28,0
10011,  Robô 01,Ligado,70.63,2.66,388
10012,Robô 02  ,Manutenção,69.06,3.04,12
10013,  Bomba 02  ,PARADO,55.84,3.87,0
10014,Bomba 01 ,Operando,65.4,3.06,189
10015,Bomba 01,Manutenção,60.14,2.31,1
10016,  Bomba 02  ,Fora de operação,67.85,3.39,0
10017,Robô 02  ,Em manutenção,86.56,3.74,30
10018,  Bomba 01,Manut.,63.5,4.82,18
10019,  Robô 02  ,Em operação,69.1,1.2,246
10020,  Esteira 01,operando,61.73,3.7,358
10021,Motor 03  ,Manutenção,67.09,1.77,30
10022,  Motor 01,parado,69.93,3.37,0
10023,Robô 01,manutencao,71.84,2.59,28
10024, Robô 01,parado,61.53,3.13,0
10025, Motor 01,OPERANDO,68.62,2.72,293
10026,Esteira 02  ,Em manutenção,69.98,2.98,3
10027,  Compressor 01,PARADO,66.24,3.29,0
10028,Motor 01 ,Ligado,69.92,2.29,402
10029,  Esteira 01  ,Em manutenção,77.21,4.23,11
10030, Motor 03,Fora de operação,62.13,4.53,0
10031,Esteira 01  ,parado,71.53,3.25,0
10032,Robô 02,Ligado,61.83,3.48,289
10033,Compressor 01 ,Manut.,53.35,4.6,27
10034,Esteira 01 ,operando,71.05,2.61,349
10035,Compressor 01 ,Ligado,63.91,2.79,180
10036,Robô 01,OPERANDO,75.24,3.54,375
10037, Motor 01,PARADO,53.64,2.61,0
10038,Motor 02,Ligado,58.61,1.76,181
10039, Robô 01,Em manutenção,68.02,5.27,26
10040,Bomba 02,Fora de operação,66.38,2.9,0
10041,Compressor 01 ,PARADO,64.55,1.91,0
10042,Bomba 01,Manut.,64.62,3.35,0
10043,  Compressor 01,Em operação,61.31,5.07,192
10044, Esteira 02,MANUTENÇÃO,57.23,2.21,22
10045,  Bomba 02  ,operando,57.75,3.68,212
10046,  Motor 03,manutencao,71.07,2.19,13
10047,Motor 02,Parado,65.82,4.54,0
10048, Motor 01,manutencao,58.48,4.22,5
10049,  Robô 01  ,Em operação,71.29,2.27,364
10050,Bomba 01  ,OPERANDO,75.99,2.2,330
10051,  Bomba 01,Desligado,59.92,3.05,0
10052,Esteira 02  ,Fora de operação,77.91,1.93,0
10053,  Robô 02,Em operação,58.41,4.74,196
10054,Robô 01,OPERANDO,67.61,3.93,292
10055,Bomba 02,MANUTENÇÃO,63.18,2.45,7
10056,  Esteira 01  ,Manutenção,68.73,0.95,12
10057,Motor 01  ,Em manutenção,72.79,3.44,10
10058,  Esteira 01  ,PARADO,60.96,2.45,0
10059,Esteira 01,Desligado,64.8,1.68,0
10060,  Motor 03  ,Fora de operação,71.09,3.16,0
10061, Robô 02,Manutenção,50.6,3.29,10
10062, Motor 03,Em operação,53.15,4.55,200
10063,Bomba 01,MANUTENÇÃO,84.56,2.73,3
10064,  Bomba 02,parado,65.79,1.25,0
10065,  Robô 02,Operando,72.79,3.62,408
10066,Bomba 02 ,Desligado,72.72,2.38,0
10067,  Motor 03  ,Em operação,71.62,3.8,287
10068,Bomba 01  ,OPERANDO,67.17,2.4,389
10069,Bomba 01 ,manutencao,65.69,2.88,21
10070,  Esteira 02  ,Em operação,66.07,2.97,239
10071,Robô 02  ,parado,72.03,5.05,0
10072,  Esteira 01  ,Em operação,54.79,4.8,279
10073,Robô 02,Desligado,70.94,3.63,0
10074,Robô 02  ,parado,70.81,3.09,0
10075,Bomba 02 ,Ligado,70.63,4.26,408
10076,Esteira 01,Parado,64.55,2.53,0
10077,Compressor 01,PARADO,76.75,1.98,0
10078,Motor 02  ,Operando,70.11,1.6,358
10079,Compressor 01  ,parado,69.61,2.96,0
10080,Motor 01  ,manutencao,68.2,1.31,29
10081,Esteira 01 ,MANUTENÇÃO,65.16,3.67,16
10082,Motor 03  ,Manutenção,66.75,2.18,24
10083,Motor 02  ,Ligado,69.57,4.21,313
10084,Motor 02 ,Manutenção,51.79,3.22,9
10085,Motor 03 ,Operando,52.0,3.68,236
10086, Robô 01,Operando,71.05,1.89,391
10087,  Motor 01  ,manutencao,69.46,2.08,13
10088,  Compressor 01,Em manutenção,66.88,3.13,24
10089, Bomba 01,manutencao,61.78,4.72,27
10090,  Bomba 02  ,Operando,62.97,2.28,295
10091, Esteira 01,parado,71.02,3.36,0
10092,  Esteira 02,Em operação,72.67,3.58,392
10093,  Motor 02,manutencao,68.58,4.46,13
10094,  Bomba 02  ,operando,61.73,2.18,376
10095,  Motor 03  ,Em operação,62.82,2.25,319
10096,Bomba 01,PARADO,56.37,2.83,0
10097,  Bomba 01  ,PARADO,64.57,3.16,0
10098,Bomba 02,Em operação,71.79,2.38,200
10099,  Compressor 01  ,Em operação,67.94,1.76,258
10100,  Motor 01  ,Operando,77.47,3.71,219
10101,  Bomba 01,Manutenção,62.3,3.05,27
10102,Bomba 01  ,Manutenção,78.56,2.2,14
10103, Robô 01,Manutenção,70.14,1.91,15
10104,  Compressor 01,Parado,66.75,3.64,0
10105,  Esteira 02,MANUTENÇÃO,71.65,3.74,28
10106,  Esteira 01,Em operação,66.57,3.0,212
10107,  Robô 01  ,MANUTENÇÃO,73.7,4.68,25
10108,Bomba 02 ,OPERANDO,53.0,2.16,276
10109,Compressor 01 ,parado,69.91,3.97,0
10110,Esteira 02 ,Manutenção,67.53,2.95,24
10111,Esteira 02  ,Manutenção,78.53,2.77,18
10112,Esteira 01  ,PARADO,62.76,3.82,0
10113,  Esteira 01,Manutenção,62.04,5.36,5
10114,Motor 01  ,Em operação,61.19,3.44,406
10115,  Esteira 02,Em manutenção,60.36,3.81,22
10116,Esteira 01  ,Manutenção,77.88,2.89,30
10117,Motor 01,Desligado,65.94,1.99,0
10118, Robô 02,Em manutenção,61.73,3.36,7
10119,Robô 01  ,Parado,70.26,2.78,0
10120,  Robô 01,operando,70.88,2.35,356
10121, Robô 01,Em operação,61.12,1.92,248
10122,Esteira 01,OPERANDO,71.31,1.85,349
10123,  Compressor 01  ,Ligado,61.25,2.84,403
10124,Motor 03 ,Operando,75.32,4.87,376
10125,Esteira 02  ,MANUTENÇÃO,77.83,3.17,16
10126,  Robô 01,manutencao,65.4,1.71,22
10127,  Robô 01  ,Fora de operação,77.57,3.56,0
10128, Bomba 02,Manut.,71.29,2.64,21
10129,  Motor 03,OPERANDO,62.54,4.79,206
10130,Motor 02 ,PARADO,62.63,2.9,0
10131,Robô 01,Parado,69.75,2.77,0
10132, Bomba 02,operando,66.71,2.41,418
10133,Compressor 01,Ligado,66.44,1.5,230
10134,Motor 02 ,Operando,60.74,0.42,411
10135,Motor 02  ,manutencao,70.91,2.26,13
10136,  Motor 02,OPERANDO,63.1,4.49,281
10137,  Robô 02  ,Desligado,57.91,2.91,0
10138,  Bomba 02,Manut.,70.8,2.81,23
10139,Motor 02  ,OPERANDO,70.32,4.11,341
10140, Motor 03,Em operação,56.83,3.15,407
10141,  Robô 01,PARADO,77.29,3.5,0
10142,  Motor 02,Em manutenção,57.65,3.6,16
10143,Robô 02 ,PARADO,62.13,2.53,0
10144,Robô 01 ,manutencao,75.2,5.31,4
10145,Robô 02  ,Operando,68.59,3.07,338
10146,Esteira 01 ,MANUTENÇÃO,77.97,3.84,7
10147,Esteira 02 ,Em operação,70.97,3.69,393
10148,Motor 02,Parado,73.01,2.25,0
10149, Motor 03,operando,54.74,2.44,265
10150,  Motor 02,operando,70.69,0.53,295
10151,  Motor 01,PARADO,59.72,3.28,0
10152, Robô 02,Em manutenção,70.3,2.6,25
10153,Bomba 02 ,Parado,67.18,3.76,0
10154,Bomba 02 ,OPERANDO,54.92,5.51,398
10155,Esteira 01 ,Ligado,67.68,5.34,371
10156,  Motor 03  ,operando,71.05,3.22,256
10157,  Bomba 02,Parado,68.14,1.76,0
10158,Esteira 02  ,Fora de operação,63.77,2.28,0
10159,  Robô 02,PARADO,70.02,3.22,0
10160,Compressor 01,Parado,57.76,3.74,0
10161,Motor 03 ,Desligado,67.67,3.37,0
10162, Esteira 02,Parado,64.58,4.03,0
10163,  Esteira 01,Em manutenção,58.78,3.32,21
10164,  Esteira 01,Desligado,60.33,3.52,0
10165,  Esteira 02  ,Em operação,64.14,1.0,309
10166,Motor 02,Manutenção,52.67,4.51,24
10167,  Motor 03,Em manutenção,62.66,3.31,4
10168,  Motor 01,Em manutenção,66.62,2.89,4
10169,Robô 02 ,OPERANDO,56.57,1.77,373
10170,Motor 02,Fora de operação,69.64,2.41,0
10171, Esteira 02,Manutenção,67.7,1.69,1
10172,Bomba 02  ,Manutenção,52.07,3.32,1
10173,Robô 02  ,manutencao,69.13,4.2,27
10174,Motor 02,OPERANDO,71.43,2.81,218
10175,Robô 02  ,Desligado,71.2,4.67,0
10176,Robô 02,operando,66.66,3.15,350
10177,Bomba 01  ,Parado,74.56,2.67,0
10178,Bomba 02,parado,56.1,2.5,0
10179,Bomba 02  ,Operando,68.86,3.01,366
10180,Motor 01,Em manutenção,77.44,2.84,22
10181,  Esteira 02,Desligado,79.56,3.29,0
10182,Esteira 01,Em manutenção,70.82,2.51,29
10183,  Esteira 01,Operando,74.05,2.51,230
10184,Motor 03,manutencao,69.61,2.76,11
10185,Esteira 02  ,Parado,58.61,1.98,0
10186, Robô 02,Fora de operação,76.24,3.85,0
10187,  Robô 02  ,operando,55.93,2.01,406
10188,  Robô 02  ,Operando,64.92,2.88,277
10189,Esteira 02,PARADO,63.21,2.42,0
10190, Robô 02,Operando,78.01,2.08,326
10191,Esteira 02  ,Manutenção,69.01,4.07,28
10192,Robô 02,Manut.,68.99,2.83,26
10193,Robô 01,operando,67.25,2.19,390
10194,  Esteira 01  ,parado,73.86,3.21,0
10195,Esteira 01  ,Em operação,58.14,4.56,230
10196,Esteira 02  ,PARADO,67.64,3.44,0
10197,  Robô 02,Operando,73.36,2.78,265
10198,  Esteira 01  ,MANUTENÇÃO,71.86,3.23,25
10199,  Bomba 01,manutencao,69.8,3.86,17
10200,  Robô 01  ,Em manutenção,50.13,2.12,26
10201,Robô 01,Em manutenção,73.89,0.2,15
10202,Motor 01 ,parado,64.61,5.15,0
10203,Bomba 01 ,Parado,70.15,3.05,0
10204,Bomba 02  ,manutencao,69.75,4.64,1
10205,  Bomba 01  ,Manut.,55.18,3.64,30
10206,Esteira 02,operando,74.68,2.42,274
10207,Esteira 01  ,operando,63.42,2.58,344
10208,Robô 02,manutencao,57.46,4.14,15
10209,  Compressor 01  ,Operando,59.52,2.04,272
10210,Motor 03,Desligado,72.39,2.64,0
10211,  Robô 01,Desligado,68.47,2.89,0
10212,Esteira 01  ,Em operação,67.72,3.23,382
10213,  Robô 01  ,Manutenção,46.75,2.53,10
10214,  Robô 01  ,Parado,54.68,3.28,0
10215,  Robô 02  ,Em manutenção,69.06,3.03,15
10216, Motor 01,PARADO,55.51,3.4,0
10217,Motor 03,Parado,79.11,2.74,0
10218,Bomba 02  ,Manutenção,63.77,1.98,6
10219,  Motor 01,Em operação,50.15,2.79,199
10220,Esteira 01 ,Operando,65.9,2.19,347
10221,Motor 02 ,Operando,62.12,4.6,321
10222, Motor 02,manutencao,70.87,2.28,15
10223,Motor 01,Operando,75.25,2.86,271
10224,  Esteira 02  ,Manutenção,77.56,4.33,30
10225,  Motor 03  ,Ligado,62.79,2.08,206
10226,  Motor 01  ,Fora de operação,65.67,3.97,0
10227,Bomba 01 ,Manut.,67.06,4.4,4
10228,Bomba 01 ,parado,71.88,3.47,0
10229,  Motor 03  ,manutencao,68.01,1.37,18
10230,  Robô 01,Operando,79.38,3.83,336
10231,  Esteira 01  ,OPERANDO,69.84,3.49,245
10232,  Motor 02,MANUTENÇÃO,63.92,3.3,28
10233,Esteira 02  ,Ligado,73.4,4.49,189
10234,  Robô 02,manutencao,60.52,4.5,29
10235,Bomba 02,OPERANDO,76.22,4.39,285
10236,Robô 02 ,Desligado,76.28,3.92,0
10237,Motor 01,operando,77.12,3.72,236
10238,Motor 01,parado,54.44,3.62,0
10239,Bomba 01 ,Manutenção,77.12,2.98,28
10240, Esteira 01,Ligado,57.36,2.67,229
10241,Bomba 02  ,Em operação,71.21,3.53,252
10242, Bomba 02,OPERANDO,67.48,2.9,304
10243,  Esteira 02  ,Fora de operação,63.22,2.42,0
10244,Esteira 01  ,Manutenção,78.33,3.06,24
10245,Motor 01 ,manutencao,66.36,3.02,24
10246, Esteira 02,Desligado,62.26,2.27,0
10247,  Esteira 01,OPERANDO,63.28,4.05,225
10248,Motor 02,manutencao,62.52,3.09,9
10249,Motor 02,Em manutenção,75.56,2.6,29
10250,  Bomba 01  ,PARADO,74.55,2.37,0
10251,Motor 02 ,Parado,62.43,4.19,0
10252,Robô 02 ,manutencao,73.62,2.95,19
10253,Bomba 02 ,Ligado,64.31,2.71,204
10254, Compressor 01,OPERANDO,63.33,2.92,378
10255,  Robô 01,Manut.,64.33,2.62,17
10256,  Motor 01  ,OPERANDO,71.02,3.18,199
10257, Compressor 01,parado,65.69,3.54,0
10258,  Esteira 01  ,Em operação,70.69,3.79,265
10259,Compressor 01  ,MANUTENÇÃO,83.02,5.02,3
10260,Esteira 02 ,MANUTENÇÃO,69.49,2.69,11
10261,Esteira 01,Ligado,70.55,3.3,397
10262, Motor 02,Operando,70.41,3.15,196
10263,  Esteira 02,Em operação,69.23,2.55,252
10264,  Esteira 01,Manutenção,56.56,3.31,21
10265,Motor 01 ,Parado,62.0,1.91,0
10266,  Motor 03,PARADO,77.18,3.32,0
10267,Bomba 02,manutencao,64.31,4.15,19
10268,Compressor 01  ,Fora de operação,66.26,1.9,0
10269,  Compressor 01  ,OPERANDO,60.78,4.3,291
10270,Esteira 02,operando,67.29,3.27,294
10271,Bomba 02 ,Fora de operação,61.49,2.34,0
10272,  Compressor 01  ,parado,70.32,4.3,0
10273,Robô 01,Operando,52.59,3.87,337
10274,  Esteira 02,Parado,83.31,3.82,0
10275,  Bomba 01  ,OPERANDO,69.17,3.42,216
10276,Compressor 01,manutencao,66.27,3.61,22
10277,Bomba 01  ,manutencao,68.68,4.53,29
10278, Motor 03,MANUTENÇÃO,54.95,2.52,7
10279,Esteira 01,parado,80.54,1.6,0
10280,  Bomba 02,manutencao,76.36,1.54,15
10281,  Esteira 02  ,Em operação,73.13,2.55,304
10282,  Motor 01,operando,84.74,5.25,386
10283,Robô 02 ,Manut.,70.08,3.3,11
10284,Compressor 01  ,Manut.,62.03,3.31,1
10285,  Esteira 01,operando,64.07,3.96,416
10286,  Robô 01,Operando,69.46,3.87,233
10287, Bomba 02,manutencao,70.43,2.33,16
10288,  Robô 01  ,Em operação,64.23,1.51,397
10289,  Esteira 01,operando,69.98,2.07,321
10290,Compressor 01 ,Em manutenção,77.29,3.34,11
10291,  Compressor 01  ,operando,84.32,4.22,396
10292,Compressor 01  ,Em operação,63.18,2.5,195
10293,  Motor 03  ,PARADO,72.5,1.57,0
10294,Robô 02 ,OPERANDO,64.3,5.42,293
10295, Robô 02,parado,53.49,4.7,0
10296,Esteira 02 ,Desligado,67.45,1.35,0
10297,Compressor 01,operando,64.3,3.0,197
10298, Robô 01,manutencao,59.47,3.17,7
10299,  Esteira 02,PARADO,65.27,4.11,0
10300,  Robô 01  ,Em operação,64.44,3.47,409
10301,  Esteira 01  ,Ligado,60.73,1.99,343
10302,Robô 01  ,operando,63.62,4.17,398
10303,Esteira 02,Em manutenção,68.43,3.98,20
10304,Bomba 01 ,Manutenção,59.84,3.52,25
10305,  Motor 01  ,PARADO,58.02,2.15,0
10306,  Compressor 01,Manutenção,72.66,3.39,20
10307,Bomba 01 ,Ligado,68.38,3.13,304
10308,Esteira 01,MANUTENÇÃO,69.96,2.9,15
10309,Motor 03 ,Fora de operação,71.51,4.37,0
10310,  Robô 02  ,Desligado,62.23,3.95,0
10311,Motor 03 ,Operando,62.71,3.78,345
10312,Motor 03 ,Em manutenção,71.32,2.1,9
10313,Robô 01 ,parado,60.18,5.15,0
10314,Bomba 02 ,Manut.,75.04,4.81,8
10315,  Esteira 01,Em operação,73.53,4.46,380
10316,Motor 03,OPERANDO,70.92,3.68,180
10317,Bomba 02 ,Manut.,65.15,2.97,5
10318,Bomba 02 ,OPERANDO,63.11,0.68,404
10319,  Motor 02  ,Em operação,59.73,3.01,339
10320,  Bomba 02,Ligado,60.72,3.46,194
10321, Robô 02,OPERANDO,78.26,2.84,267
10322,  Bomba 02  ,Em manutenção,71.6,3.06,5
10323,Motor 01 ,manutencao,78.3,3.11,1
10324,Bomba 02  ,parado,69.91,2.84,0
10325,Bomba 01  ,Desligado,66.78,4.59,0
10326, Motor 03,parado,67.0,5.28,0
10327,Motor 02,Manut.,66.42,1.31,25
10328,Motor 03,Desligado,59.63,2.61,0
10329,Motor 01 ,Operando,73.83,2.77,242
10330,Motor 03,Em manutenção,59.98,4.27,26
10331,Compressor 01 ,operando,60.66,2.42,382
10332,Motor 03  ,parado,75.39,3.31,0
10333, Bomba 01,operando,77.02,2.63,234
10334, Esteira 02,OPERANDO,79.83,3.48,410
10335, Esteira 02,operando,67.53,2.81,296
10336, Compressor 01,OPERANDO,71.87,3.98,338
10337,Robô 02 ,Manut.,62.43,3.07,12
10338,Compressor 01 ,OPERANDO,60.18,2.85,201
10339,  Compressor 01,Manut.,64.14,2.05,27
10340,  Robô 01,Ligado,76.85,2.15,312
10341,Motor 01,operando,71.39,3.37,347
10342, Bomba 01,Manutenção,70.66,2.87,6
10343, Robô 01,Parado,70.72,2.82,0
10344,  Esteira 01,PARADO,64.16,3.78,0
10345,Robô 01,parado,61.36,1.95,0
10346,Esteira 02 ,Desligado,64.04,2.18,0
10347,  Esteira 02,Operando,66.39,3.57,419
10348,  Motor 03,operando,57.83,4.1,263
10349, Esteira 02,PARADO,63.02,2.76,0
10350,Robô 02  ,PARADO,70.34,3.27,0
10351,  Esteira 02  ,parado,73.11,3.56,0
10352,Motor 01 ,PARADO,65.68,2.76,0
10353,Motor 03  ,Em manutenção,56.42,3.84,20
10354,Bomba 01 ,Em operação,77.1,3.92,373
10355, Esteira 02,PARADO,65.23,3.16,0
10356,  Robô 02  ,parado,53.11,3.63,0
10357,Bomba 01,Ligado,61.73,4.66,392
10358, Motor 03,PARADO,75.08,0.54,0
10359,  Esteira 02,Manutenção,66.28,3.98,25
10360,Bomba 02,Em operação,52.48,2.6,271
10361,Motor 02,Fora de operação,54.15,1.88,0
10362,  Bomba 01,manutencao,68.28,5.08,21
10363,  Bomba 02,Fora de operação,70.12,3.31,0
10364,Compressor 01  ,Parado,71.88,3.71,0
10365,  Motor 03  ,PARADO,74.95,5.46,0
10366,  Motor 02,Fora de operação,66.02,3.63,0
10367, Motor 03,Manut.,69.24,2.65,11
10368,Esteira 01  ,Em operação,73.84,3.56,382
10369,  Compressor 01,operando,60.23,3.16,304
10370, Motor 03,Manutenção,66.19,5.31,11
10371,Robô 01  ,Em manutenção,72.35,2.35,0
10372,Compressor 01  ,Desligado,72.03,6.44,0
10373,Esteira 02,Desligado,70.89,4.85,0
10374,  Esteira 01,Desligado,69.71,5.01,0
10375,Motor 02 ,Em manutenção,64.05,2.63,12
10376,Bomba 02  ,parado,60.75,3.91,0
10377,Robô 01,PARADO,60.83,2.55,0
10378,Esteira 01,Operando,79.18,3.66,304
10379,Bomba 01,Fora de operação,69.15,4.08,0
10380,Motor 01 ,PARADO,73.82,2.11,0
10381,Robô 01,Ligado,73.07,2.43,202
10382, Esteira 02,Manutenção,76.67,4.26,9
10383, Compressor 01,PARADO,69.36,2.47,0
10384,  Motor 03  ,OPERANDO,58.65,0.33,360
10385,Robô 01  ,Em operação,71.38,2.47,220
10386,  Compressor 01,manutencao,73.84,2.13,23
10387,  Esteira 01,manutencao,50.74,1.93,6
10388,Motor 03 ,Operando,65.13,2.54,414
10389,Robô 01,MANUTENÇÃO,80.14,3.01,19
10390,Robô 01,Manutenção,73.13,2.54,2
10391,Robô 01,Fora de operação,70.95,1.34,0
10392,Motor 01  ,Desligado,64.67,2.97,0
10393,Motor 01  ,Ligado,68.33,4.69,292
10394,Motor 03 ,MANUTENÇÃO,62.77,4.88,5
10395,Compressor 01 ,Fora de operação,66.61,4.09,0
10396, Esteira 01,manutencao,63.86,1.6,5
10397, Motor 03,operando,74.37,0.2,240
10398,Motor 03 ,Operando,68.19,2.12,401
10399, Robô 02,MANUTENÇÃO,73.35,2.18,29
10400,Compressor 01 ,Parado,75.98,3.99,0
10401,Bomba 02 ,Em manutenção,63.4,1.44,2
10402,Bomba 02,Desligado,57.27,4.12,0
10403,Esteira 02  ,MANUTENÇÃO,65.49,3.52,6
10404,  Robô 02,parado,67.26,3.01,0
10405,  Bomba 01,Parado,72.57,1.91,0
10406,  Bomba 02,manutencao,61.01,5.48,2
10407,Motor 02  ,operando,70.51,5.17,348
10408,  Motor 01,OPERANDO,70.19,4.32,329
10409,Motor 02  ,Em operação,73.17,2.95,273
10410,  Motor 01,Manut.,68.88,4.39,21
10411,Robô 01 ,Manut.,71.36,0.53,14
10412,  Bomba 02  ,Em manutenção,60.76,4.17,30
10413,Robô 02,Fora de operação,57.53,4.39,0
10414,  Robô 02,parado,71.13,3.34,0
10415,  Esteira 01,Em operação,76.07,2.96,326
10416,  Bomba 01  ,operando,69.94,2.5,350
10417,  Motor 01  ,Em operação,70.45,4.53,219
10418,Esteira 02  ,operando,69.42,2.63,230
10419,  Motor 02,PARADO,61.53,3.25,0
10420, Esteira 02,OPERANDO,75.47,4.66,354
10421, Esteira 02,Manutenção,75.67,4.09,18
10422, Compressor 01,Desligado,76.5,3.99,0
10423,Robô 02,Manut.,67.83,4.18,3
10424,Compressor 01 ,operando,71.28,3.22,417
10425,Bomba 01  ,Ligado,66.17,2.22,309
10426, Esteira 01,OPERANDO,65.47,3.14,260
10427,  Esteira 01  ,Parado,71.18,3.47,0
10428,  Bomba 02  ,Ligado,77.95,2.95,237
10429,  Motor 02  ,PARADO,76.29,2.79,0
10430,  Motor 02,Ligado,71.18,2.82,269
10431,  Esteira 02,Manutenção,72.68,3.58,8
10432, Esteira 01,Manut.,61.66,2.19,28
10433,Motor 03 ,Em operação,76.8,4.23,319
10434, Robô 02,manutencao,66.17,2.87,29
10435, Robô 01,Fora de operação,75.85,2.66,0
10436,Esteira 02 ,MANUTENÇÃO,65.06,3.01,29
10437,Robô 01 ,Parado,56.83,3.46,0
10438,Bomba 02  ,Manutenção,78.67,2.89,21
10439,Robô 01,parado,66.73,2.14,0
10440,Esteira 02  ,Fora de operação,72.29,5.22,0
10441, Bomba 01,manutencao,64.2,3.33,6
10442,  Robô 01,operando,68.65,2.09,357
10443,  Esteira 02,operando,60.27,3.54,182
10444,Bomba 01 ,Ligado,68.56,4.6,303
10445,  Esteira 01,PARADO,74.25,3.65,0
10446,  Esteira 02,Operando,56.83,3.93,398
10447, Bomba 01,MANUTENÇÃO,69.95,3.33,25
10448,Robô 01  ,Em operação,73.39,1.94,279
10449,  Robô 02,OPERANDO,74.35,3.02,216
10450,Motor 01 ,operando,62.98,2.89,230
10451,Motor 02  ,MANUTENÇÃO,76.97,2.9,28
10452,Compressor 01  ,Manut.,72.77,2.38,23
10453,  Robô 01,manutencao,66.11,5.68,0
10454,Motor 02  ,Em manutenção,71.12,3.85,7
10455,  Motor 02,Parado,66.84,3.14,0
10456,Bomba 02,parado,75.34,4.11,0
10457,  Robô 01  ,Manut.,69.01,2.97,19
10458, Compressor 01,Em manutenção,62.42,3.73,11
10459,  Compressor 01,Em manutenção,64.96,2.92,9
10460,Motor 02 ,OPERANDO,60.66,4.26,195
10461,Robô 02 ,parado,70.46,4.52,0
10462, Motor 01,Desligado,64.02,3.87,0
10463,Robô 01  ,OPERANDO,73.14,5.31,218
10464,Robô 02  ,parado,62.13,3.16,0
10465, Esteira 02,Manut.,60.14,4.3,21
10466,Bomba 01  ,Fora de operação,74.44,3.96,0
10467,  Compressor 01,Ligado,58.64,3.01,280
10468, Robô 02,OPERANDO,61.91,4.35,249
10469,  Esteira 01,manutencao,60.9,3.68,5
10470,  Robô 01,operando,78.34,3.95,386
10471,Bomba 02 ,Em manutenção,69.35,4.48,19
10472,Bomba 01 ,Ligado,54.43,1.7,386
10473,  Motor 01,Manutenção,58.2,2.53,16
10474,Motor 03  ,Em operação,62.02,2.93,385
10475,Motor 01  ,Fora de operação,65.7,1.55,0
10476,Robô 01 ,Parado,65.07,2.34,0
10477,Compressor 01  ,Ligado,63.36,1.47,256
10478,Esteira 01,Em operação,75.73,2.16,247
10479,Motor 03,Parado,66.83,4.7,0
10480,Motor 01  ,parado,60.24,3.33,0
10481, Esteira 02,Desligado,73.35,2.83,0
10482,Esteira 02,Em operação,79.02,3.35,220
10483,  Compressor 01  ,manutencao,51.3,3.6,0
10484,Esteira 01 ,Em operação,73.53,2.59,419
10485,Esteira 01,PARADO,69.51,1.68,0
10486,Compressor 01  ,MANUTENÇÃO,62.2,2.55,21
10487,Motor 01  ,Operando,58.92,3.99,376
10488,Motor 02  ,Em manutenção,65.34,4.23,26
10489,Esteira 01 ,MANUTENÇÃO,61.43,3.62,1
10490,Esteira 02,manutencao,66.51,1.93,16
10491,Motor 03  ,OPERANDO,72.98,4.12,390
10492,Bomba 01,MANUTENÇÃO,64.0,1.78,0
10493,Motor 03  ,manutencao,65.43,3.39,23
10494,Motor 02 ,PARADO,66.56,4.6,0
10495, Compressor 01,Fora de operação,57.12,2.41,0
10496,Bomba 01 ,OPERANDO,67.49,4.28,357
10497,Robô 02,Em operação,55.22,1.65,268
10498,  Compressor 01  ,MANUTENÇÃO,65.18,4.04,17
10499,Esteira 02 ,OPERANDO,69.3,2.45,233
10500,  Esteira 01  ,Desligado,61.23,2.87,0
10501,Bomba 02 ,operando,65.15,2.97,362
10502,Esteira 02  ,Ligado,69.34,1.86,255
10503, Motor 02,Operando,76.21,4.3,283
10504,  Esteira 02  ,Em manutenção,66.15,1.3,1
10505,Esteira 01 ,Manutenção,66.81,2.35,9
10506,  Motor 02,Manutenção,52.54,3.31,6
10507,Esteira 01 ,manutencao,65.04,2.43,24
10508,  Motor 01  ,Em manutenção,73.67,2.55,17
10509,Motor 03,Manutenção,69.44,2.62,25
10510,  Bomba 02  ,Operando,74.75,2.12,325
10511, Motor 03,operando,60.3,2.93,342
10512,Robô 01,Manutenção,77.91,4.02,0
10513,Robô 01,OPERANDO,71.58,2.77,318
10514, Robô 01,Manut.,59.6,3.88,15
10515,  Motor 01  ,OPERANDO,70.08,1.68,271
10516,Compressor 01  ,Manut.,62.04,4.7,13
10517,Esteira 02 ,Manutenção,69.45,3.25,20
10518,Esteira 01 ,Em operação,73.47,2.51,227
10519,  Robô 01,Ligado,59.42,2.4,280
10520,Motor 03 ,MANUTENÇÃO,71.07,3.16,16
10521,Esteira 02  ,OPERANDO,69.5,3.24,342
10522,Bomba 01  ,operando,66.93,3.24,191
10523,  Robô 02  ,Operando,61.51,1.95,273
10524, Compressor 01,Desligado,74.65,2.25,0
10525,Robô 02 ,Ligado,58.13,2.44,420
10526,Motor 02,parado,71.72,2.17,0
10527, Esteira 01,Manut.,59.47,2.97,10
10528,Esteira 01 ,Desligado,60.31,1.37,0
10529,Esteira 02  ,parado,59.49,3.97,0
10530, Motor 03,Desligado,62.83,3.8,0
10531,  Bomba 01  ,OPERANDO,67.39,3.11,416
10532,  Motor 02  ,manutencao,77.24,2.63,25
10533,  Bomba 01  ,Em operação,65.05,3.91,397
10534,  Esteira 02,Fora de operação,71.81,3.94,0
10535,Motor 01 ,operando,70.92,1.32,320
10536,Compressor 01,Ligado,65.14,2.55,364
10537,  Compressor 01,Parado,65.24,2.88,0
10538,Bomba 01 ,manutencao,74.52,2.29,16
10539,Esteira 01  ,operando,87.0,3.57,225
10540,  Motor 01  ,Em operação,68.8,3.3,343
10541, Compressor 01,Desligado,67.18,2.77,0
10542,Motor 03  ,PARADO,70.0,3.91,0
10543,Compressor 01 ,Parado,69.58,2.77,0
10544, Bomba 02,PARADO,69.23,3.22,0
10545,  Robô 02,MANUTENÇÃO,76.16,2.45,6
10546,  Esteira 01  ,Operando,68.19,2.54,206
10547,  Compressor 01,parado,59.04,3.58,0
10548, Robô 02,operando,73.74,2.46,286
10549,Motor 03,Em manutenção,68.55,3.92,18
10550,Bomba 01  ,OPERANDO,56.1,1.24,281
10551,  Bomba 01,OPERANDO,83.01,4.07,333
10552,Bomba 01  ,Operando,57.14,2.29,257
10553,Esteira 02,MANUTENÇÃO,65.0,4.01,6
10554,  Compressor 01,Em manutenção,69.56,4.13,17
10555,Motor 03 ,parado,78.01,2.42,0
10556,Bomba 01  ,parado,86.27,1.35,0
10557,  Bomba 02,Fora de operação,60.51,4.25,0
10558,  Compressor 01,manutencao,70.5,3.11,13
10559,Bomba 01,parado,55.97,3.46,0
10560,  Robô 02,Manut.,65.81,3.99,3
10561,Bomba 01  ,Manutenção,76.68,3.15,27
10562,  Bomba 01,Desligado,61.19,3.33,0
10563,  Motor 03,Em operação,60.08,4.05,338
10564,Bomba 01,Em manutenção,66.72,2.79,24
10565,  Esteira 02  ,parado,66.32,3.16,0
10566, Bomba 02,Desligado,63.32,1.33,0
10567,Motor 03  ,Parado,72.75,3.27,0
10568, Bomba 02,MANUTENÇÃO,66.93,3.1,25
10569,Motor 03,Manutenção,63.68,2.68,5
10570, Motor 02,MANUTENÇÃO,67.79,2.4,0
10571,Motor 03  ,Em manutenção,64.32,2.38,22
10572, Bomba 02,Manut.,61.78,3.13,30
10573,Motor 02 ,Desligado,57.89,3.4,0
10574,  Compressor 01  ,operando,65.74,3.52,352
10575,Robô 02 ,Em operação,58.35,4.42,333
10576,  Esteira 01  ,Desligado,61.23,5.07,0
10577,Esteira 01 ,Desligado,70.82,2.47,0
10578,  Robô 02  ,Em manutenção,59.29,2.27,24
10579,  Motor 02,Fora de operação,57.34,5.06,0
10580,  Robô 02  ,Parado,72.5,4.09,0
10581,  Compressor 01  ,Manutenção,65.39,3.57,0
10582,  Robô 02  ,Operando,69.78,3.27,350
10583,Esteira 02  ,PARADO,67.01,3.46,0
10584,Motor 02 ,Manut.,62.96,2.64,13
10585,Motor 01  ,Desligado,64.57,2.81,0
10586,Motor 01 ,Manutenção,77.46,3.13,24
10587,Bomba 01  ,MANUTENÇÃO,56.53,4.35,19
10588,  Compressor 01  ,Em operação,79.56,3.83,272
10589,  Robô 02,Parado,67.79,2.43,0
10590,Esteira 02 ,Fora de operação,66.61,2.5,0
10591,  Motor 01  ,Em operação,72.47,4.38,411
10592,Esteira 02,Manut.,58.24,2.99,29
10593,Bomba 02 ,Em operação,55.02,2.29,320
10594, Compressor 01,Parado,61.79,4.48,0
10595,Esteira 02,Parado,70.55,3.08,0
10596,Motor 01  ,Ligado,54.17,3.6,374
10597,Compressor 01,Em manutenção,75.05,1.62,18
10598,  Bomba 02  ,Manut.,80.58,3.47,12
10599,  Motor 02  ,parado,64.07,2.85,0
10600,Bomba 01,OPERANDO,69.24,2.39,400
10601, Robô 01,parado,70.5,2.39,0
10602,Bomba 01  ,Em manutenção,54.82,5.09,15
10603,  Compressor 01  ,Operando,63.76,1.86,396
10604, Motor 03,parado,58.69,2.25,0
10605,  Bomba 01,Fora de operação,60.13,1.24,0
10606,Robô 02,parado,77.32,1.82,0
10607,  Motor 03,parado,67.73,3.2,0
10608,Esteira 01 ,Em manutenção,70.37,3.35,29
10609,Robô 02 ,Parado,77.98,3.03,0
10610,Bomba 02  ,operando,60.83,4.6,232
10611,Esteira 02  ,Em operação,73.59,2.22,417
10612, Bomba 02,Ligado,58.04,3.29,311
10613,Esteira 02  ,manutencao,76.78,3.93,23
10614,  Compressor 01  ,Desligado,66.48,3.1,0
10615,Robô 01  ,operando,59.93,2.03,398
10616,Motor 02,manutencao,68.53,4.87,19
10617,  Bomba 01  ,Manut.,69.52,3.67,8
10618, Esteira 01,Em operação,80.25,4.16,183
10619,Compressor 01,OPERANDO,58.95,3.17,334
10620, Bomba 02,Ligado,66.78,1.95,388
10621,  Robô 02  ,Operando,73.12,1.75,229
10622, Motor 03,manutencao,74.92,3.47,4
10623,Motor 03,Em operação,65.84,3.92,388
10624,Esteira 01 ,operando,60.31,2.37,404
10625,Robô 01,parado,73.81,2.2,0
10626,Compressor 01,MANUTENÇÃO,67.7,1.31,4
10627,Bomba 01  ,Fora de operação,77.85,3.27,0
10628,Motor 03  ,Em operação,69.89,3.79,204
10629,Compressor 01,manutencao,75.92,4.37,20
10630,  Esteira 01  ,MANUTENÇÃO,73.74,3.76,21
10631, Esteira 02,Em operação,87.13,3.74,412
10632,Motor 01 ,manutencao,62.47,1.96,10
10633,  Motor 02,Ligado,69.67,5.32,313
10634, Motor 02,parado,55.17,3.09,0
10635,Motor 01,Manutenção,76.97,1.74,19
10636,Compressor 01  ,parado,41.81,1.85,0
10637, Bomba 02,operando,81.48,4.46,182
10638,  Motor 01,OPERANDO,70.66,3.25,207
10639,Motor 03 ,Operando,55.35,3.56,276
10640,Bomba 02 ,manutencao,62.85,2.41,26
10641,  Esteira 01,OPERANDO,68.73,2.64,373
10642,  Esteira 01  ,Parado,80.21,3.63,0
10643, Motor 02,Em operação,66.62,4.46,318
10644,Robô 02 ,Operando,56.05,2.11,201
10645,Robô 01 ,Desligado,82.04,2.26,0
10646,Esteira 02 ,Em operação,61.52,1.71,251
10647,  Robô 02,OPERANDO,62.32,4.0,217
10648,Motor 01 ,PARADO,66.94,5.0,0
10649,  Motor 03  ,operando,60.73,3.4,239
10650,Robô 02 ,Fora de operação,72.47,3.11,0
10651,Bomba 02 ,operando,71.14,2.49,258
10652,  Bomba 02  ,MANUTENÇÃO,63.07,3.75,2
10653,  Esteira 02  ,Parado,69.02,3.55,0
10654,Robô 01  ,Desligado,63.49,2.23,0
10655,Bomba 02 ,Em manutenção,75.92,3.24,7
10656,Motor 01 ,Ligado,74.9,2.97,322
10657, Esteira 02,operando,67.73,4.44,237
10658,  Bomba 02  ,Fora de operação,60.91,2.31,0
10659,Esteira 02  ,Ligado,60.94,2.33,303
10660,  Motor 03  ,MANUTENÇÃO,78.45,3.06,11
10661, Esteira 02,OPERANDO,66.81,3.7,261
10662,  Motor 01  ,Ligado,73.29,1.89,250
10663, Motor 02,Em operação,62.64,3.2,401
10664, Compressor 01,Operando,52.43,3.86,333
10665,Compressor 01 ,Ligado,67.99,2.81,352
10666,  Motor 01,Ligado,71.99,4.24,416
10667,Robô 02  ,Manutenção,56.45,1.55,30
10668, Compressor 01,Ligado,70.97,2.94,180
10669,Robô 01 ,Manut.,48.97,2.62,14
10670,Bomba 01 ,Manutenção,80.33,2.19,25
10671,  Motor 03,Ligado,68.62,3.46,334
10672,Esteira 02 ,Manut.,69.01,3.31,16
10673,Bomba 01  ,Fora de operação,64.48,1.84,0
10674,Motor 02  ,operando,77.67,2.16,334
10675,Robô 02 ,OPERANDO,59.4,2.66,407
10676, Robô 01,Em operação,73.64,4.18,285
10677, Esteira 02,Ligado,61.91,1.98,347
10678,Bomba 01 ,Ligado,68.72,2.49,252
10679,  Robô 02  ,PARADO,64.19,1.44,0
10680, Compressor 01,Manutenção,69.25,3.13,29
10681,  Robô 02  ,Ligado,68.57,3.62,378
10682,  Esteira 01  ,MANUTENÇÃO,67.92,2.88,0
10683,  Robô 02  ,operando,59.33,0.74,297
10684,Esteira 01,parado,68.32,3.6,0
10685,Esteira 01,Manutenção,54.57,2.92,15
10686,Motor 03 ,Em operação,61.87,3.19,326
10687,  Motor 01,operando,69.32,2.85,411
10688,Motor 03 ,PARADO,60.62,2.25,0
10689,  Robô 02,Manut.,64.72,2.86,4
10690,Esteira 02,Fora de operação,80.28,2.97,0
10691,  Motor 03,MANUTENÇÃO,69.96,3.79,20
10692,Robô 02 ,OPERANDO,74.55,3.1,326
10693,  Robô 02  ,Em manutenção,70.45,3.36,28
10694, Robô 01,operando,77.2,4.02,298
10695,Compressor 01  ,Fora de operação,62.41,3.93,0
10696,Bomba 01,Manut.,73.79,3.87,1
10697,Bomba 01 ,Em operação,78.52,2.82,299
10698,  Compressor 01,Operando,77.39,4.44,236
10699,  Motor 02,OPERANDO,62.79,4.06,203
10700,Motor 01,Operando,69.98,5.04,372
10701,Robô 01 ,PARADO,70.32,2.53,0
10702,  Compressor 01  ,Ligado,53.82,2.51,295
10703,  Motor 02  ,manutencao,54.94,2.58,11
10704,Robô 01,Em manutenção,56.37,4.38,29
10705,Motor 03,OPERANDO,64.64,2.88,220
10706,  Esteira 01,Ligado,74.89,2.97,214
10707,Bomba 01,operando,73.62,4.23,419
10708,  Motor 01  ,Em manutenção,70.23,4.71,2
10709, Motor 01,parado,71.32,3.98,0
10710,Bomba 01,parado,69.11,1.63,0
10711,  Robô 01  ,Manut.,69.97,3.93,27
10712,Motor 03  ,OPERANDO,60.75,4.83,385
10713,Bomba 02 ,Em manutenção,67.36,1.61,15
10714, Bomba 02,MANUTENÇÃO,75.41,3.73,9
10715,Bomba 01 ,Manut.,55.88,2.02,6
10716,Bomba 02 ,Ligado,59.88,4.41,398
10717, Esteira 02,Em manutenção,73.86,2.65,8
10718,  Bomba 02,PARADO,74.76,1.87,0
10719, Motor 03,parado,73.82,2.49,0
10720,  Motor 02,Em operação,61.24,2.05,251
10721,Bomba 01 ,OPERANDO,67.22,2.27,373
10722,  Motor 03  ,Operando,59.21,4.44,246
10723,Motor 03 ,Em operação,60.16,2.35,276
10724, Esteira 02,PARADO,78.65,4.06,0
10725,Bomba 02,manutencao,63.5,2.44,24
10726,Robô 01  ,PARADO,71.23,2.73,0
10727,  Motor 02,Operando,71.91,3.78,267
10728,Esteira 01  ,Fora de operação,56.0,4.76,0
10729,  Motor 02  ,Manutenção,65.74,1.6,8
10730,Motor 03 ,Operando,68.26,3.22,369
10731, Esteira 02,Em manutenção,60.84,2.04,25
10732,  Motor 01  ,Desligado,59.38,3.74,0
10733,Robô 01  ,Ligado,61.12,4.45,274
10734,Bomba 01  ,Manutenção,71.72,2.87,8
10735,Bomba 01 ,Manutenção,60.74,2.73,19
10736,Compressor 01  ,Fora de operação,68.52,1.54,0
10737, Esteira 02,Parado,65.38,0.85,0
10738,  Robô 02  ,Operando,65.4,1.17,234
10739,Bomba 02  ,OPERANDO,68.82,2.25,311
10740,Esteira 02  ,PARADO,73.48,2.3,0
10741,  Motor 01  ,Manut.,74.51,2.53,20
10742,  Bomba 02,Manut.,69.56,3.89,1
10743,Robô 01,Parado,58.39,2.87,0
10744,  Bomba 02,Desligado,59.74,1.08,0
10745,Robô 02 ,Parado,77.53,4.32,0
10746, Robô 02,Manutenção,70.41,2.77,9
10747,  Bomba 02,operando,60.88,1.96,337
10748, Robô 02,PARADO,64.48,3.7,0
10749,Motor 02,Manut.,70.94,3.13,25
10750,Robô 02 ,Em manutenção,61.74,2.46,10
10751,Motor 02  ,Em manutenção,59.35,3.2,11
10752, Esteira 01,Operando,62.15,2.81,199
10753,  Esteira 01  ,Manutenção,72.73,3.2,25
10754,Bomba 02 ,MANUTENÇÃO,76.53,2.8,15
10755,  Motor 03  ,Fora de operação,72.0,1.82,0
10756,  Motor 02  ,Operando,68.96,4.23,315
10757,  Motor 01,Fora de operação,67.95,2.4,0
10758,Robô 01  ,Em operação,84.23,3.73,296
10759, Motor 02,Manut.,72.17,3.26,22
10760,Compressor 01,Fora de operação,58.68,3.41,0
10761,  Bomba 02,Fora de operação,74.33,3.49,0
10762,  Esteira 01,Ligado,70.25,3.01,286
10763, Robô 02,PARADO,64.6,3.6,0
10764,  Esteira 02,Manut.,68.99,3.19,12
10765,  Robô 02  ,Em manutenção,61.56,3.39,0
10766,  Robô 02  ,PARADO,74.91,3.51,0
10767,Motor 03 ,Manutenção,61.49,1.54,12
10768,Motor 02  ,Operando,66.59,3.16,413
10769, Bomba 01,MANUTENÇÃO,66.24,3.13,1
10770,Motor 01,Operando,77.19,2.29,213
10771, Motor 02,manutencao,56.57,4.24,27
10772,Robô 02,Parado,76.54,4.04,0
10773,Motor 02,MANUTENÇÃO,74.56,2.46,2
10774,Bomba 02  ,Ligado,69.78,1.54,208
10775,  Motor 01,Manut.,57.57,3.42,28
10776,Compressor 01,Operando,68.79,2.69,337
10777,Esteira 02,operando,71.28,0.81,288
10778, Esteira 01,Desligado,69.36,3.56,0
10779,Motor 02  ,parado,66.83,3.64,0
10780,Robô 02 ,Desligado,64.58,2.73,0
10781, Compressor 01,operando,80.16,3.88,185
10782,Motor 03 ,Em operação,74.47,1.7,332
10783,Bomba 02 ,Parado,70.99,3.23,0
10784,  Esteira 02  ,OPERANDO,69.38,2.86,312
10785,Motor 03 ,Em manutenção,70.05,1.75,1
10786,  Bomba 01  ,PARADO,76.18,2.65,0
10787,Bomba 01,Manut.,68.85,3.59,8
10788,  Motor 03,Ligado,67.21,4.07,238
10789,  Motor 02  ,PARADO,63.04,2.5,0
10790,  Compressor 01,operando,76.94,0.98,219
10791, Motor 01,Operando,58.31,4.0,337
10792,Motor 03,Ligado,73.71,3.85,295
10793,  Bomba 02  ,MANUTENÇÃO,69.31,2.36,16
10794, Motor 03,Desligado,66.75,1.83,0
10795, Compressor 01,Fora de operação,81.6,3.95,0
10796,Esteira 02  ,parado,68.33,4.64,0
10797,  Bomba 02,parado,74.9,1.85,0
10798, Bomba 02,Fora de operação,59.85,4.08,0
10799,  Robô 02,Manutenção,63.36,4.37,2
10800,Motor 01 ,MANUTENÇÃO,66.21,2.6,13
10801,Esteira 02  ,Parado,80.69,0.88,0
10802,  Bomba 01  ,Desligado,73.61,1.78,0
10803,Bomba 02 ,PARADO,50.54,3.68,0
10804,  Esteira 01  ,Em manutenção,73.2,2.46,11
10805,Esteira 01 ,OPERANDO,55.67,3.46,234
10806,Motor 03  ,Manut.,73.98,1.71,4
10807,  Motor 03,MANUTENÇÃO,54.19,4.87,8
10808,  Robô 01  ,Em operação,76.64,4.53,376
10809,Robô 02 ,parado,64.59,2.25,0
10810,  Esteira 02  ,Operando,71.23,4.6,364
10811, Motor 01,Manutenção,71.78,3.6,12
10812,Bomba 02 ,MANUTENÇÃO,77.76,1.02,9
10813, Bomba 01,Desligado,71.3,3.06,0
10814, Esteira 01,Ligado,61.0,5.45,365
10815, Esteira 01,Parado,60.6,3.88,0
10816, Motor 03,MANUTENÇÃO,67.68,1.75,23
10817,Bomba 02 ,MANUTENÇÃO,60.32,3.19,19
10818,  Motor 03  ,Operando,86.04,2.64,395
10819,Robô 02  ,Operando,70.86,3.57,342
10820,  Compressor 01  ,parado,75.62,3.71,0
10821,  Bomba 01  ,PARADO,66.12,3.11,0
10822,Esteira 02,operando,72.86,2.68,377
10823,Robô 01,Manutenção,64.04,3.49,2
10824, Bomba 01,Fora de operação,65.71,4.35,0
10825,Motor 02 ,Desligado,56.1,3.47,0
10826,Bomba 02 ,Operando,64.74,2.93,231
10827,  Robô 02,Manut.,66.03,2.94,28
10828,  Compressor 01  ,Fora de operação,67.24,1.41,0
10829,Motor 02 ,operando,83.05,3.67,322
10830,Motor 02,Operando,58.53,1.55,255
10831,Esteira 01,Operando,72.2,3.99,215
10832,  Motor 01  ,parado,62.35,4.21,0
10833,  Motor 03,Manutenção,63.13,3.44,0
10834, Robô 01,parado,77.69,1.34,0
10835,  Bomba 02,parado,66.09,1.56,0
10836,Motor 02,Em operação,67.26,4.76,297
10837, Bomba 01,Em manutenção,55.51,1.96,28
10838,Compressor 01,Em operação,77.58,4.33,227
10839,  Bomba 02  ,Manut.,64.56,4.39,0
10840,  Bomba 02  ,MANUTENÇÃO,66.69,4.08,3
10841, Esteira 02,Desligado,65.64,1.22,0
10842,  Robô 01  ,operando,61.94,3.54,365
10843,  Motor 03  ,Desligado,65.03,1.23,0
10844,Esteira 02,Parado,56.97,2.81,0
10845, Esteira 02,Desligado,68.47,2.29,0
10846, Bomba 01,MANUTENÇÃO,57.67,3.03,25
10847,  Motor 03  ,Em operação,62.2,4.28,413
10848,Robô 02  ,Fora de operação,62.66,2.93,0
10849,Esteira 02 ,Parado,66.42,2.88,0
10850, Esteira 02,operando,70.39,3.17,342
10851,Robô 02  ,parado,75.71,4.25,0
10852,  Compressor 01,Desligado,64.53,3.83,0
10853,Esteira 01  ,manutencao,67.91,2.88,11
10854,  Compressor 01  ,Fora de operação,60.4,2.82,0
10855,  Motor 03  ,parado,55.71,2.01,0
10856, Esteira 01,Fora de operação,64.26,3.73,0
10857,Motor 01,manutencao,59.98,1.23,20
10858,  Bomba 01  ,Parado,75.8,2.62,0
10859,  Motor 03  ,Parado,63.15,3.5,0
10860,  Compressor 01  ,manutencao,67.86,3.71,11
10861,Motor 03 ,Parado,53.84,2.73,0
10862,Motor 01,Ligado,78.46,3.1,209
10863,  Motor 02,Parado,70.72,3.61,0
10864,Esteira 01 ,Desligado,68.29,3.62,0
10865,Esteira 02  ,Manutenção,69.83,3.91,10
10866,Bomba 02  ,Em operação,63.65,4.28,406
10867,  Robô 01,operando,64.46,3.2,262
10868, Robô 02,Parado,75.27,2.2,0
10869,Robô 02,Manut.,73.09,3.42,26
10870,Esteira 02  ,Manut.,70.0,0.2,10
10871, Bomba 02,manutencao,71.07,2.72,13
10872, Esteira 02,Manutenção,69.47,1.16,13
10873, Motor 02,Operando,61.02,2.01,418
10874,  Robô 01,Manutenção,56.04,2.77,15
10875,Robô 01 ,OPERANDO,63.04,2.12,264
10876,Motor 02 ,Ligado,60.99,3.75,215
10877,  Motor 01  ,Fora de operação,51.39,3.99,0
10878,Bomba 01,Em manutenção,59.78,4.02,3
10879,  Motor 03  ,Desligado,61.64,4.91,0
10880,Bomba 02  ,Parado,61.85,2.78,0
10881,  Motor 02,Em operação,69.24,2.44,205
10882,Motor 02,Parado,59.67,4.06,0
10883,Robô 01 ,Em operação,71.17,2.96,371
10884,Motor 03,Desligado,77.74,3.51,0
10885,  Motor 01  ,Ligado,67.01,2.07,223
10886,  Esteira 01  ,Parado,66.43,1.84,0
10887, Motor 03,Fora de operação,63.01,2.21,0
10888,  Bomba 01,operando,71.66,5.12,394
10889,  Compressor 01  ,MANUTENÇÃO,67.58,4.49,30
10890,Compressor 01,Manutenção,62.97,2.05,21
10891,Bomba 01 ,Em operação,71.14,2.79,181
10892,  Compressor 01  ,Em operação,69.61,1.3,375
10893,  Compressor 01  ,PARADO,61.31,3.26,0
10894,  Esteira 02,Em manutenção,74.06,1.53,11
10895,Motor 02  ,Ligado,71.3,3.53,373
10896,Motor 03 ,Ligado,77.93,1.2,242
10897, Bomba 02,Operando,61.35,4.51,298
10898,  Robô 01,parado,72.43,2.32,0
10899, Motor 01,Em manutenção,72.27,2.6,14
10900,  Bomba 02,parado,73.65,3.37,0
10901,Bomba 01,Desligado,77.17,2.49,0
10902,Bomba 02,Operando,58.48,3.76,275
10903,  Bomba 01  ,Ligado,74.8,4.38,245
10904,Compressor 01 ,Em manutenção,75.59,4.08,2
10905,  Motor 03  ,Em operação,78.65,3.25,246
10906,Esteira 01  ,parado,58.65,2.95,0
10907,Esteira 01 ,Fora de operação,68.62,2.14,0
10908,Motor 01,Manut.,76.38,3.7,4
10909,Motor 01  ,PARADO,74.8,3.97,0
10910,Robô 01  ,operando,57.78,2.24,328
10911,  Motor 03,operando,59.4,2.62,327
10912,Esteira 01  ,Em manutenção,77.72,1.15,17
10913,Compressor 01  ,OPERANDO,72.18,3.61,204
10914,Robô 01,PARADO,66.37,2.0,0
10915,Motor 01,Desligado,75.31,3.34,0
10916,  Compressor 01  ,Em manutenção,65.47,3.57,13
10917,Motor 03 ,Fora de operação,68.29,2.22,0
10918,Robô 01  ,Ligado,68.64,3.51,383
10919,  Bomba 02,Parado,67.78,2.71,0
10920, Compressor 01,operando,70.68,4.96,376
10921,Compressor 01 ,Fora de operação,67.13,3.84,0
10922,  Motor 03  ,MANUTENÇÃO,66.59,1.6,13
10923,Motor 03 ,Parado,54.17,1.45,0
10924,  Bomba 02  ,Parado,79.85,3.86,0
10925,Motor 03 ,parado,67.16,2.05,0
10926,Bomba 01,parado,67.75,3.57,0
10927,  Motor 03,operando,67.58,2.34,357
10928,  Esteira 01,OPERANDO,53.24,2.66,229
10929,Esteira 02,Ligado,67.33,2.89,231
10930,  Esteira 02,Operando,65.63,2.26,331
10931,  Bomba 02  ,Desligado,59.91,3.49,0
10932,  Esteira 02,manutencao,62.61,4.54,17
10933,Motor 03,Desligado,74.9,1.49,0
10934, Compressor 01,Fora de operação,77.2,2.92,0
10935, Motor 02,Manut.,64.01,3.88,17
10936,  Compressor 01,Em operação,73.51,1.17,269
10937, Motor 01,MANUTENÇÃO,69.38,3.25,9
10938,Bomba 02 ,Operando,57.1,2.68,262
10939,Bomba 02  ,Fora de operação,76.38,2.36,0
10940,Esteira 01  ,PARADO,68.42,2.29,0
10941,Compressor 01,Ligado,65.5,3.66,370
10942,  Esteira 01  ,MANUTENÇÃO,56.27,2.92,28
10943,Esteira 01 ,Em manutenção,67.78,2.9,11
10944, Compressor 01,Fora de operação,64.62,0.37,0
10945,  Robô 02,parado,70.54,2.29,0
10946,  Motor 03  ,MANUTENÇÃO,74.06,3.38,15
10947, Motor 01,Manut.,63.2,2.67,12
10948,  Compressor 01  ,PARADO,61.2,3.35,0
10949,Motor 02,Em manutenção,65.01,0.2,17
10950, Esteira 02,Fora de operação,63.5,3.2,0
10951,Motor 02  ,OPERANDO,69.35,3.07,183
10952,  Esteira 01  ,Manut.,68.61,2.96,23
10953,Esteira 01 ,manutencao,67.15,2.46,23
10954,  Motor 02,Ligado,60.96,1.02,388
10955, Motor 01,operando,63.15,2.18,281
10956,  Esteira 02,manutencao,58.44,4.58,16
10957,  Esteira 02,Desligado,69.08,1.96,0
10958,  Robô 02,Desligado,47.16,2.2,0
10959,Bomba 01  ,Manutenção,64.71,1.98,23
10960,  Bomba 01,manutencao,64.42,2.89,9
10961,Robô 02,PARADO,75.25,2.43,0
10962,  Esteira 02,operando,61.21,2.0,418
10963,Bomba 02  ,manutencao,70.66,2.76,7
10964,Robô 02 ,operando,80.77,3.36,399
10965, Esteira 01,MANUTENÇÃO,58.57,3.15,12
10966,Bomba 02  ,Em manutenção,50.35,4.3,19
10967,Robô 02  ,Em operação,67.87,3.26,227
10968,Bomba 02 ,Operando,52.33,0.52,404
10969, Bomba 01,Em operação,71.64,3.54,223
10970,  Motor 01  ,PARADO,73.77,3.09,0
10971, Motor 02,Ligado,60.02,4.73,252
10972,Robô 02 ,PARADO,62.11,3.39,0
10973,  Robô 02,Em manutenção,58.7,0.2,17
10974,  Esteira 02  ,Manutenção,56.29,2.41,18
10975,Compressor 01,Em operação,67.68,2.43,288
10976,  Robô 01,parado,76.76,3.75,0
10977,  Robô 02,parado,62.98,3.13,0
10978,Esteira 01 ,Em operação,62.16,2.35,197
10979,  Esteira 02  ,Ligado,70.54,3.06,369
10980,  Esteira 01  ,Manut.,62.45,3.05,28
10981,Esteira 02  ,Em manutenção,71.67,1.97,18
10982, Bomba 01,Manut.,79.93,3.92,29
10983,Motor 01,Desligado,67.92,1.79,0
10984,Motor 01 ,Operando,68.69,3.06,224
10985,Esteira 02,Manutenção,62.36,3.31,22
10986, Esteira 02,Manut.,67.32,4.26,7
10987,Esteira 01,Ligado,64.0,4.45,259
10988,Motor 02 ,Manut.,64.47,2.73,16
10989,  Robô 02,Em manutenção,68.92,2.57,2
10990,  Compressor 01,Fora de operação,73.22,1.93,0
10991,  Esteira 02  ,OPERANDO,76.74,2.76,225
10992,Motor 02,Em manutenção,70.01,3.43,28
10993,Esteira 02  ,MANUTENÇÃO,74.35,4.27,28
10994,  Motor 02,MANUTENÇÃO,66.27,3.27,29
10995,  Compressor 01  ,Fora de operação,64.48,3.29,0
10996,Motor 03 ,Manutenção,80.05,3.84,29
10997,Esteira 02  ,parado,70.96,1.82,0
10998,  Bomba 02  ,Manutenção,73.05,2.96,19
10999,  Bomba 02,OPERANDO,61.41,3.19,303
11000,  Motor 01,Parado,74.7,2.55,0
11001,Bomba 02  ,parado,73.25,4.56,0
11002,  Esteira 01,Desligado,58.9,4.3,0
11003,Compressor 01,Manutenção,72.83,2.36,5
11004,Motor 02  ,Fora de operação,62.84,2.82,0
11005,Robô 02,PARADO,58.61,4.23,0
11006,  Motor 01  ,Em manutenção,67.11,1.94,0
11007, Motor 01,OPERANDO,61.45,2.05,288
11008,  Motor 03  ,Em operação,65.46,3.7,309
11009, Esteira 02,Operando,66.68,2.96,335
11010,  Robô 01,Desligado,65.7,2.88,0
11011,  Esteira 02,Manut.,79.64,2.53,9
11012,Robô 02,Manutenção,67.7,1.86,17
11013,Esteira 02  ,Manutenção,56.21,2.99,19
11014,  Esteira 01  ,OPERANDO,78.18,3.18,216
11015,  Motor 03,Desligado,71.49,2.31,0
11016,Compressor 01,Manutenção,63.87,2.07,11
11017,Compressor 01  ,Parado,68.3,2.3,0
11018,  Compressor 01  ,manutencao,78.66,1.84,6
11019,Motor 01  ,OPERANDO,65.84,5.57,253
11020,Esteira 01,Manut.,62.04,3.08,4
11021,Motor 03 ,PARADO,63.28,3.66,0
11022, Motor 03,parado,57.84,4.14,0
11023,  Bomba 01  ,MANUTENÇÃO,72.69,3.12,28
11024,Bomba 01 ,manutencao,62.43,2.24,3
11025,Esteira 02  ,OPERANDO,63.04,2.21,225
11026,  Motor 03  ,Em operação,59.61,3.16,231
11027, Robô 01,MANUTENÇÃO,63.5,2.03,15
11028,Motor 02,Operando,70.76,3.79,377
11029,  Robô 01  ,MANUTENÇÃO,63.91,3.31,14
11030, Robô 02,Fora de operação,61.46,2.5,0
11031,Compressor 01  ,Ligado,60.57,1.69,381
11032,Esteira 01  ,MANUTENÇÃO,69.41,4.24,23
11033,Esteira 01  ,PARADO,70.73,1.95,0
11034,Esteira 01  ,manutencao,69.45,1.94,25
11035, Robô 01,Parado,49.32,2.9,0
11036,Esteira 01  ,Em manutenção,63.57,0.54,3
11037,Bomba 02 ,OPERANDO,66.76,2.34,189
11038,  Compressor 01  ,Fora de operação,71.97,1.88,0
11039,  Esteira 01,Desligado,72.03,2.99,0
11040, Bomba 01,operando,59.53,2.52,276
11041,Robô 01 ,Manut.,73.12,2.58,21
11042, Esteira 01,Manut.,64.7,4.4,26
11043,  Robô 02  ,Parado,73.56,3.45,0
11044,  Motor 03  ,OPERANDO,58.71,3.87,227
11045,Robô 01,Manut.,73.68,3.45,14
11046,Compressor 01  ,Em manutenção,60.52,3.66,22
11047,  Esteira 01  ,Fora de operação,58.42,3.24,0
11048,Motor 02  ,Operando,61.2,4.12,247
11049,Bomba 02  ,MANUTENÇÃO,58.89,2.52,6
11050,Motor 01 ,Ligado,64.98,2.34,351
11051, Bomba 02,Em operação,69.22,3.49,361
11052, Esteira 01,OPERANDO,65.35,4.35,300
11053, Compressor 01,parado,61.95,4.09,0
11054,Esteira 02  ,operando,57.17,1.88,373
11055,Bomba 02,Ligado,70.74,3.76,282
11056,Esteira 01 ,PARADO,70.23,4.12,0
11057,Esteira 01  ,Desligado,60.1,4.49,0
11058,  Bomba 02  ,manutencao,65.16,3.06,14
11059,Motor 03  ,Manut.,64.38,2.34,7
11060,  Robô 01  ,manutencao,64.09,1.95,27
11061,Motor 01,Fora de operação,60.27,2.18,0
11062,  Robô 01,parado,80.12,1.73,0
11063, Robô 02,MANUTENÇÃO,65.2,2.35,25
11064,  Bomba 01  ,Operando,69.32,2.94,248
11065,Robô 02,Em operação,59.15,3.08,237
11066,  Bomba 01  ,Fora de operação,61.42,3.16,0
11067,Esteira 02 ,Ligado,80.4,3.0,338
11068,  Robô 02,operando,65.28,1.97,364
11069,Robô 02  ,Manutenção,63.35,3.29,5
11070,  Motor 03  ,parado,61.6,5.14,0
11071,Motor 02 ,Manut.,67.86,5.54,0
11072,  Motor 03,Operando,74.95,4.4,369
11073,  Motor 01,Em manutenção,54.56,4.08,19
11074,  Compressor 01  ,parado,65.19,2.4,0
11075,  Robô 01  ,Operando,69.68,2.81,271
11076,Esteira 01  ,parado,60.76,1.89,0
11077,  Motor 02,Desligado,69.07,2.86,0
11078,  Motor 01,Parado,68.63,2.86,0
11079,Bomba 02  ,Em manutenção,68.23,1.72,2
11080,Bomba 01 ,Desligado,71.83,2.49,0
11081, Robô 02,Em manutenção,58.14,2.35,27
11082,Motor 03 ,Em operação,59.96,5.28,266
11083, Motor 03,OPERANDO,71.15,3.71,317
11084,Robô 02 ,Em operação,67.48,2.46,385
11085,Robô 02  ,Parado,58.44,1.28,0
11086,Bomba 02  ,Fora de operação,72.19,5.34,0
11087,Esteira 01  ,operando,63.22,4.31,330
11088,  Motor 01,Operando,61.0,4.29,375
11089,Bomba 02  ,Parado,66.71,2.94,0
11090, Bomba 02,parado,75.34,2.27,0
11091, Motor 02,Desligado,70.46,2.43,0
11092,  Robô 01  ,operando,79.08,3.83,186
11093,Bomba 02  ,MANUTENÇÃO,56.34,1.98,4
11094,Motor 02 ,Parado,72.09,3.9,0
11095,Robô 01  ,Fora de operação,67.71,1.01,0
11096, Bomba 02,Desligado,52.3,2.01,0
11097,  Motor 01  ,OPERANDO,64.74,2.99,216
11098,Motor 02  ,Parado,73.58,3.39,0
11099,Motor 01  ,Manut.,68.23,3.54,3
11100,  Motor 03  ,parado,77.28,3.61,0
11101,Robô 01 ,manutencao,76.06,3.09,10
11102,Esteira 02  ,Manut.,58.64,2.7,8
11103,Esteira 02,Fora de operação,73.16,2.21,0
11104,Bomba 02 ,Em operação,57.55,3.46,227
11105,  Compressor 01  ,Em manutenção,76.98,2.56,11
11106,Esteira 02  ,PARADO,64.27,4.16,0
11107,  Bomba 01,parado,67.94,3.29,0
11108,Motor 01 ,parado,76.27,3.07,0
11109,Esteira 02 ,Manutenção,64.4,3.4,0
11110, Motor 02,Em manutenção,76.37,1.99,24
11111,Esteira 01 ,Operando,58.46,3.8,400
11112,  Bomba 02,Em manutenção,86.13,4.09,11
11113,Motor 01 ,Fora de operação,75.31,3.26,0
11114,  Bomba 01  ,Parado,64.55,2.1,0
11115,Compressor 01  ,Manut.,55.32,2.26,15
11116,  Robô 02  ,Ligado,53.15,1.95,258
11117,Compressor 01 ,Ligado,53.1,3.59,395
11118,Robô 02,manutencao,72.14,4.98,2
11119,  Robô 02  ,Manut.,78.56,2.34,0
11120,Robô 02,Operando,71.74,3.9,380
11121,  Esteira 02,operando,77.09,2.18,258
11122,Motor 03 ,Manutenção,64.55,2.6,3
11123,  Motor 02  ,Fora de operação,74.15,3.43,0
11124,  Bomba 02  ,OPERANDO,67.74,4.19,341
11125,Robô 01,MANUTENÇÃO,69.65,5.03,7
11126,Motor 01  ,Manut.,72.2,3.02,8
11127, Bomba 01,Ligado,51.24,3.23,383
11128, Motor 01,Em operação,57.53,4.28,368
11129,Motor 03  ,PARADO,66.64,3.67,0
11130,  Bomba 01,Parado,54.69,4.32,0
11131,  Robô 01,parado,67.12,2.84,0
11132,Bomba 01  ,Operando,77.88,3.41,412
11133,Robô 01  ,Manutenção,58.54,4.77,24
11134,Esteira 01  ,operando,60.8,4.77,401
11135,Motor 01,Em manutenção,65.07,3.75,17
11136,  Bomba 01,Desligado,74.8,3.98,0
11137,  Compressor 01,Fora de operação,77.81,2.77,0
11138,Esteira 02  ,Manut.,66.46,2.63,9
11139,Robô 01  ,Em manutenção,69.27,2.23,24
11140,Motor 02 ,Em operação,64.23,3.29,332
11141,Robô 02 ,Em operação,69.38,3.38,180
11142,Bomba 02 ,parado,75.52,1.27,0
11143,  Bomba 02,Desligado,61.52,2.83,0
11144,  Bomba 01  ,Parado,68.35,5.13,0
11145, Bomba 02,PARADO,74.44,2.61,0
11146,Bomba 02 ,Fora de operação,62.27,2.46,0
11147,Robô 02,OPERANDO,64.07,2.41,416
11148, Motor 03,Manut.,68.05,2.66,13
11149, Motor 03,parado,62.0,3.44,0
11150,Esteira 02  ,Manutenção,74.89,4.01,3
11151,  Esteira 02,Manut.,71.52,4.12,12
11152,  Esteira 01  ,Parado,64.61,3.02,0
11153, Bomba 01,Ligado,72.66,3.59,341
11154,Esteira 01,Manutenção,73.39,2.98,3
11155,  Motor 02,Manut.,75.06,3.13,9
11156, Compressor 01,Em operação,60.25,5.69,327
11157,  Esteira 01,OPERANDO,66.94,2.38,338
11158,  Motor 02,MANUTENÇÃO,59.99,4.04,27
11159,Bomba 02  ,OPERANDO,71.74,2.47,319
11160,  Bomba 01  ,Desligado,83.24,2.94,0
11161,  Esteira 02  ,Ligado,74.24,4.07,372
11162,  Bomba 01  ,Manutenção,64.49,2.33,16
11163,Compressor 01 ,PARADO,64.91,5.08,0
11164,Esteira 01  ,PARADO,72.72,4.25,0
11165,  Motor 02  ,PARADO,63.33,3.85,0
11166,Compressor 01  ,Fora de operação,67.87,2.79,0
11167,Motor 02  ,Manut.,67.26,3.93,4
11168,Bomba 01,operando,57.57,3.05,246
11169,Bomba 01 ,operando,52.3,1.86,212
11170,Esteira 02,Parado,74.42,2.53,0
11171, Bomba 02,Em operação,66.26,3.07,289
11172,  Motor 02  ,PARADO,79.63,3.66,0
11173,Bomba 02 ,Fora de operação,72.04,2.64,0
11174, Bomba 01,Ligado,49.24,3.22,395
11175,Motor 03,operando,69.88,2.21,204
11176,  Esteira 02,Manutenção,75.23,4.06,9
11177,Motor 02 ,Manut.,62.55,3.2,13
11178,Robô 01 ,Operando,66.51,2.67,248
11179,  Motor 02  ,PARADO,65.76,3.09,0
11180,  Motor 01,operando,59.82,2.59,206
11181,Esteira 02 ,operando,64.51,3.97,251
11182,  Robô 02  ,Manutenção,61.54,4.05,6
11183,  Robô 01,Em manutenção,69.05,4.33,30
11184, Compressor 01,Fora de operação,58.14,4.09,0
11185,Robô 01,Desligado,66.32,5.22,0
11186,Robô 01,parado,69.84,2.34,0
11187,  Motor 03,manutencao,69.23,3.68,28
11188,Motor 01  ,Fora de operação,82.75,3.55,0
11189,  Esteira 02  ,Manut.,63.01,3.6,0
11190,Esteira 01,Manutenção,77.44,3.16,8
11191,  Bomba 01  ,manutencao,73.82,4.07,1
11192,Robô 01,Em manutenção,61.95,3.04,1
11193, Motor 01,PARADO,62.59,2.36,0
11194,  Motor 03,OPERANDO,73.13,4.61,236
11195,Bomba 02  ,Em manutenção,64.56,3.8,6
11196,  Motor 03  ,parado,71.86,2.53,0
11197,Motor 01 ,PARADO,67.49,3.78,0
11198, Motor 03,parado,67.49,1.64,0
11199,Bomba 01 ,Fora de operação,71.95,5.59,0
11200, Bomba 01,Fora de operação,62.55,3.23,0
11201,Esteira 02 ,operando,70.49,4.48,387
11202,Robô 02  ,parado,64.92,4.1,0
11203,Bomba 02,manutencao,75.88,3.3,22
11204, Compressor 01,PARADO,66.97,3.25,0
11205,Bomba 01,Em operação,64.06,2.48,414
11206,Bomba 02 ,operando,69.45,1.78,398
11207,  Motor 02  ,Ligado,60.31,3.52,363
11208,  Motor 01  ,MANUTENÇÃO,70.67,3.89,9
11209,  Motor 03,Operando,70.52,3.24,372
11210,  Robô 02  ,OPERANDO,71.22,4.15,232
11211,  Bomba 01,Fora de operação,70.86,2.77,0
11212,Robô 02 ,Manut.,61.0,2.68,28
11213,Robô 01  ,OPERANDO,68.42,3.4,303
11214,  Esteira 02,Parado,69.5,3.81,0
11215,  Compressor 01,Parado,62.12,3.62,0
11216,Motor 03  ,Em manutenção,68.42,1.92,28
11217,  Robô 02  ,Parado,71.7,3.08,0
11218,  Esteira 01,PARADO,61.59,3.61,0
11219,Compressor 01,Ligado,67.49,3.14,222
11220,  Motor 03  ,operando,67.29,4.54,418
11221,  Robô 01,Parado,69.25,1.71,0
11222, Esteira 02,operando,63.37,4.65,234
11223,Bomba 01 ,Manutenção,68.0,2.21,25
11224,Compressor 01 ,Fora de operação,55.96,3.04,0
11225,Esteira 01  ,parado,80.99,1.35,0
11226,  Robô 01  ,OPERANDO,62.63,3.83,253
11227,Esteira 01,Fora de operação,77.3,1.25,0
11228,Esteira 01 ,OPERANDO,73.36,2.89,305
11229,  Esteira 01  ,Em operação,68.81,2.09,397
11230,  Motor 01,Desligado,65.36,1.69,0
11231,  Motor 03  ,Em operação,49.38,3.58,301
11232,  Bomba 01,Manut.,73.93,3.87,21
11233,Motor 02,MANUTENÇÃO,67.32,3.3,5
11234,  Motor 02  ,OPERANDO,68.6,3.98,273
11235, Motor 02,operando,71.64,2.3,311
11236, Esteira 01,Ligado,70.74,3.87,246
11237,Motor 02 ,OPERANDO,73.6,2.7,239
11238,  Motor 03,manutencao,70.66,3.1,9
11239,Esteira 02 ,Ligado,69.79,2.84,345
11240,Motor 01 ,Parado,73.88,4.08,0
11241,Compressor 01  ,Em manutenção,58.76,3.56,25
11242,Motor 01,Manutenção,71.63,3.76,19
11243, Motor 02,OPERANDO,61.79,3.49,230
11244,  Motor 03  ,Manutenção,62.02,3.66,25
11245,  Esteira 02,Fora de operação,64.98,2.48,0
11246,  Bomba 02  ,Fora de operação,66.18,2.69,0
11247,  Bomba 01,operando,62.19,2.79,231
11248,Robô 01,Parado,65.29,3.98,0
11249,Compressor 01  ,manutencao,57.19,3.37,5
11250,Bomba 02,Manut.,69.02,3.73,13
11251,Esteira 02,Manutenção,65.96,3.01,19
11252,Robô 02  ,parado,47.66,2.95,0
11253,  Robô 02  ,Parado,77.77,3.22,0
11254,  Bomba 02,Fora de operação,76.07,3.03,0
11255,Robô 02  ,Ligado,58.53,0.97,325
11256,  Motor 02  ,Fora de operação,62.34,5.66,0
11257,Compressor 01 ,parado,70.78,3.59,0
11258,Motor 02  ,manutencao,66.0,2.87,9
11259,Motor 02 ,Parado,77.3,4.37,0
11260,Bomba 01  ,MANUTENÇÃO,63.1,3.52,29
11261, Compressor 01,Parado,68.19,3.68,0
11262,Compressor 01,OPERANDO,54.15,3.05,334
11263,  Bomba 02,parado,54.26,3.08,0
11264,Robô 01 ,Em manutenção,55.76,2.69,6
11265,Motor 02,parado,68.38,3.42,0
11266,Bomba 02 ,Em manutenção,68.7,2.76,22
11267,Robô 02 ,Em manutenção,55.04,3.52,29
11268,  Bomba 02  ,Parado,64.68,2.34,0
11269,Esteira 01,Operando,62.97,4.01,196
11270, Motor 01,Manutenção,76.69,3.6,4
11271,Compressor 01 ,Fora de operação,59.33,3.75,0
11272,Robô 01  ,MANUTENÇÃO,63.66,3.96,14
11273, Robô 02,Parado,70.98,2.48,0
11274, Esteira 02,Ligado,74.34,3.86,376
11275, Bomba 01,manutencao,72.18,3.65,27
11276,  Robô 01,Operando,58.07,3.76,374
11277,Motor 01  ,Manut.,58.16,3.0,21
11278,Esteira 02,Manutenção,54.4,2.19,23
11279,Robô 02  ,operando,61.88,4.73,257
11280,Motor 02 ,Operando,65.46,3.37,269
11281,  Motor 01  ,operando,64.01,1.66,302
11282,  Esteira 02  ,OPERANDO,77.5,2.82,412
11283,  Esteira 01,Em operação,71.0,3.38,385
11284,Bomba 02 ,PARADO,74.07,4.26,0
11285,  Esteira 01  ,Fora de operação,66.72,2.47,0
11286, Bomba 01,Fora de operação,73.34,2.66,0
11287, Esteira 02,Em operação,84.16,3.51,296
11288,  Esteira 02  ,Manutenção,65.89,4.04,7
11289,  Robô 02  ,manutencao,72.57,1.48,12
11290,  Robô 01  ,Parado,67.04,2.46,0
11291,Bomba 02  ,Em manutenção,71.02,4.26,17
11292,Robô 01,OPERANDO,74.05,4.53,376
11293,  Bomba 02,operando,80.35,2.29,379
11294,Robô 01,Fora de operação,67.13,3.05,0
11295,Motor 01  ,MANUTENÇÃO,72.09,1.99,0
11296,  Robô 02,Manutenção,67.28,5.11,3
11297,Bomba 01  ,operando,72.71,3.51,234
11298,Esteira 01,PARADO,76.82,3.6,0
11299, Bomba 01,Ligado,59.07,3.11,316
11300,Bomba 02,Em operação,71.12,2.66,375
11301,Compressor 01 ,Desligado,55.39,3.52,0
11302,  Esteira 01,operando,65.12,3.11,209
11303, Bomba 01,Ligado,67.12,3.22,416
11304,Motor 03 ,parado,55.69,2.27,0
11305,  Esteira 02,MANUTENÇÃO,66.87,5.25,6
11306,Esteira 01,Manut.,69.48,3.36,13
11307, Robô 01,Fora de operação,64.8,4.3,0
11308, Esteira 02,OPERANDO,60.65,3.66,202
11309,Bomba 01 ,Manut.,69.2,4.4,26
11310,Robô 02,Ligado,60.61,1.97,259
11311,Robô 02,Ligado,78.53,3.95,343
11312, Bomba 01,Em manutenção,69.9,2.22,15
11313, Motor 02,parado,62.01,5.04,0
11314,Esteira 01 ,operando,66.88,2.25,223
11315,Motor 03  ,MANUTENÇÃO,63.89,2.57,28
11316,  Bomba 01  ,Ligado,71.07,2.05,262
11317,  Motor 03  ,Fora de operação,57.9,3.55,0
11318,  Esteira 01  ,Em operação,61.12,2.52,292
11319,Compressor 01 ,Desligado,67.64,4.53,0
11320, Bomba 01,operando,63.01,2.08,354
11321,Bomba 02 ,Operando,72.54,2.87,216
11322,  Esteira 01  ,MANUTENÇÃO,66.79,2.7,8
11323, Motor 01,Em operação,66.45,4.21,232
11324,  Motor 01,Manut.,65.32,3.51,6
11325,  Motor 03,Manutenção,71.5,3.19,8
11326,Robô 02,Em operação,68.02,3.21,268
11327,  Motor 03,Fora de operação,63.76,2.62,0
11328,Bomba 02 ,OPERANDO,63.07,3.23,198
11329,  Motor 03,Em operação,60.31,0.92,231
11330,  Bomba 02,parado,50.2,2.95,0
11331,Compressor 01  ,parado,61.07,3.21,0
11332,  Compressor 01  ,Em manutenção,73.2,2.66,16
11333,  Bomba 02  ,Ligado,79.32,3.15,356
11334, Esteira 01,Ligado,73.51,4.12,323
11335, Robô 01,MANUTENÇÃO,73.36,3.71,5
11336,  Bomba 02  ,Em manutenção,57.53,3.24,12
11337,Motor 02 ,Em manutenção,59.2,2.26,27
11338,Robô 01 ,operando,64.22,4.14,288
11339,  Motor 02,manutencao,71.63,3.28,9
11340,Robô 02 ,manutencao,68.0,3.3,13
11341, Robô 01,Em manutenção,71.53,4.09,18
11342,  Bomba 01  ,parado,77.95,3.86,0
11343,Motor 01  ,Manut.,65.05,3.36,29
11344,Bomba 01  ,OPERANDO,63.7,2.65,367
11345,  Bomba 01,Desligado,54.49,1.82,0
11346,Robô 01 ,MANUTENÇÃO,72.51,2.41,0
11347,Esteira 01,Em manutenção,63.54,1.46,9
11348,  Compressor 01  ,Em manutenção,74.38,0.79,23
11349,Motor 02,OPERANDO,74.5,3.44,186
11350, Motor 03,Em manutenção,54.34,2.78,11
11351,Robô 02 ,manutencao,69.2,2.77,21
11352,Motor 03  ,Manutenção,76.8,5.13,14
11353, Motor 03,Ligado,71.54,3.29,275
11354, Robô 01,Ligado,68.4,4.33,352
11355,Bomba 01,operando,61.44,0.72,340
11356,Robô 02  ,PARADO,67.65,1.98,0
11357,Esteira 01  ,Em manutenção,61.98,1.95,14
11358,  Robô 01,parado,83.59,2.8,0
11359, Motor 03,parado,75.85,3.16,0
11360, Esteira 02,OPERANDO,61.26,2.56,403
11361,Bomba 02 ,operando,63.42,4.53,383
11362,  Robô 01,Parado,62.5,3.27,0
11363, Bomba 02,Em manutenção,75.48,3.28,9
11364,  Robô 01  ,Em operação,70.53,1.81,211
11365,Robô 02  ,manutencao,64.91,3.22,26
11366,Robô 02  ,operando,67.92,3.15,181
11367,Robô 01 ,Ligado,71.34,2.77,210
11368,Esteira 02,Fora de operação,66.04,2.62,0
11369,  Motor 02  ,Manutenção,60.35,3.49,28
11370,Esteira 01,Manutenção,66.81,3.14,14
11371,Esteira 02  ,Parado,72.39,3.37,0
11372, Esteira 01,PARADO,78.01,4.2,0
11373,Motor 03  ,Desligado,80.72,1.41,0
11374,  Motor 03  ,Desligado,63.67,5.51,0
11375,Esteira 02,MANUTENÇÃO,67.63,2.68,12
11376, Robô 02,Manutenção,79.37,2.66,8
11377,Motor 01  ,manutencao,60.82,2.95,27
11378,  Motor 02  ,Manutenção,63.64,3.33,16
11379, Motor 02,PARADO,81.97,3.29,0
11380,  Bomba 01,manutencao,65.57,2.76,7
11381,  Compressor 01,Manut.,70.93,3.97,23
11382,Bomba 01  ,Em operação,71.48,3.72,272
11383, Robô 01,Desligado,59.59,4.56,0
11384,Esteira 01 ,PARADO,44.98,2.76,0
11385,  Motor 02,Em operação,68.31,2.31,291
11386,Bomba 02  ,Em operação,68.14,2.65,228
11387,  Motor 03  ,Manut.,57.94,1.89,3
11388, Motor 01,Em manutenção,64.43,2.82,10
11389,  Robô 01  ,Em manutenção,65.08,3.53,3
11390,Robô 01 ,Desligado,70.1,3.35,0
11391,Motor 01,Em operação,64.23,3.45,376
11392, Bomba 01,Manut.,60.56,4.59,12
11393, Robô 01,Desligado,64.35,2.85,0
11394,Esteira 02,Desligado,69.91,3.46,0
11395,Esteira 01 ,parado,67.4,3.51,0
11396,  Compressor 01,parado,74.33,3.43,0
11397,Bomba 02  ,Fora de operação,70.65,4.21,0
11398,Robô 01  ,Em operação,72.78,2.23,355
11399,Compressor 01,Desligado,75.58,3.74,0
11400, Robô 01,Em operação,52.04,3.12,371
11401,Motor 01 ,operando,79.88,3.25,369
11402,  Esteira 02,Ligado,88.18,2.94,322
11403, Motor 01,Desligado,68.59,3.48,0
11404,  Motor 02  ,operando,62.65,1.29,224
11405,  Esteira 02  ,Manut.,75.14,1.62,9
11406,Esteira 01,Em operação,67.39,2.24,325
11407,Compressor 01  ,Manutenção,63.65,2.8,10
11408,  Robô 02,Ligado,61.95,5.3,372
11409,Motor 01,Manut.,73.44,3.7,16
11410, Robô 02,Ligado,66.86,3.22,246
11411,Motor 02  ,Parado,69.52,3.33,0
11412, Motor 01,Operando,60.49,3.45,279
11413,  Motor 02,Operando,54.76,4.6,279
11414,Bomba 02  ,manutencao,66.2,4.13,25
11415,  Robô 01  ,Manut.,73.6,4.18,0
11416,Robô 02  ,PARADO,71.22,3.71,0
11417,Robô 01,Desligado,72.48,3.71,0
11418,Bomba 02  ,OPERANDO,67.84,3.9,409
11419,Esteira 02,Parado,64.35,3.5,0
11420,  Esteira 02,MANUTENÇÃO,64.17,3.2,7
11421,  Robô 02,Em manutenção,73.03,5.54,4
11422,  Motor 01  ,Fora de operação,67.77,3.16,0
11423,Esteira 02  ,Manutenção,82.2,1.93,15
11424, Motor 03,operando,68.33,2.95,292
11425,  Motor 01  ,MANUTENÇÃO,50.83,5.0,16
11426, Bomba 02,Em manutenção,64.03,3.27,17
11427,Bomba 01  ,Fora de operação,68.39,4.0,0
11428,  Esteira 02  ,manutencao,76.03,2.42,25
11429,  Esteira 02,Operando,69.91,0.84,357
11430,Compressor 01,Em manutenção,70.27,2.74,13
11431,  Bomba 01,Parado,55.62,4.55,0
11432,Esteira 02,Manutenção,60.68,3.54,13
11433,Compressor 01,Parado,55.0,3.56,0
11434,Motor 02,Em manutenção,68.45,3.29,15
11435,Motor 01,Desligado,66.5,2.92,0
11436,  Bomba 01  ,Desligado,67.52,2.45,0
11437,Bomba 01  ,parado,57.67,3.18,0
11438,  Motor 03,OPERANDO,57.86,4.65,215
11439,  Bomba 01,parado,68.48,3.21,0
11440, Esteira 01,Parado,73.63,2.11,0
11441,  Robô 01  ,Em operação,53.92,2.68,286
11442,Motor 02  ,parado,62.12,1.79,0
11443,  Robô 01  ,Ligado,67.15,1.25,232
11444, Esteira 02,OPERANDO,55.09,1.98,395
11445,Compressor 01  ,Parado,69.7,4.93,0
11446,  Motor 02  ,manutencao,78.04,3.13,7
11447,Robô 02  ,Fora de operação,67.45,2.98,0
11448,Motor 01 ,Operando,74.76,3.44,388
11449,Bomba 02 ,Desligado,62.85,4.62,0
11450,  Robô 02  ,Em manutenção,81.69,3.31,1
11451,  Bomba 01,Parado,66.65,2.54,0
11452,  Bomba 01,Desligado,56.57,3.21,0
11453,Robô 02,Fora de operação,65.92,3.4,0
11454,  Compressor 01  ,Fora de operação,61.87,2.79,0
11455,  Esteira 01,Fora de operação,74.66,1.76,0
11456,Robô 02,Desligado,68.13,1.4,0
11457,Bomba 02 ,Desligado,67.12,2.46,0
11458,  Motor 03,Fora de operação,73.1,2.54,0
11459,  Bomba 02  ,Ligado,61.18,3.8,301
11460,  Motor 02,Manut.,65.45,2.25,19
11461,  Bomba 02  ,Manut.,62.4,1.68,29
11462,  Motor 03  ,parado,62.28,2.44,0
11463,  Esteira 02  ,Desligado,61.75,2.28,0
11464,Robô 01  ,manutencao,75.48,3.85,3
11465,Motor 03 ,Parado,73.17,1.55,0
11466,Compressor 01,Parado,75.39,3.39,0
11467,Compressor 01 ,Manut.,63.76,3.85,5
11468,Esteira 02 ,Em manutenção,68.27,2.73,23
11469,Robô 01  ,Manutenção,69.99,2.21,16
11470,  Robô 02  ,Parado,69.12,2.75,0
11471,Robô 02,Manut.,59.43,2.53,1
11472,Compressor 01 ,Em manutenção,65.72,2.28,5
11473,Motor 01,Ligado,65.38,4.48,348
11474,Robô 01 ,Ligado,53.15,2.43,224
11475,  Robô 01  ,MANUTENÇÃO,81.78,2.09,9
11476,Motor 01 ,parado,70.52,4.12,0
11477,  Bomba 02  ,manutencao,69.19,3.99,14
11478, Motor 03,parado,62.84,2.12,0
11479, Esteira 01,Operando,57.9,3.09,241
11480,Esteira 02 ,MANUTENÇÃO,64.96,4.06,16
11481, Esteira 02,MANUTENÇÃO,68.09,3.42,23
11482,Motor 01  ,Parado,64.3,4.4,0
11483,  Robô 01,operando,54.44,3.24,350
11484,Esteira 01,MANUTENÇÃO,74.41,2.36,0
11485,Robô 02  ,operando,63.22,1.6,336
11486,Robô 01 ,parado,64.52,3.23,0
11487,Motor 01  ,Fora de operação,64.86,3.42,0
11488, Motor 01,manutencao,70.81,2.24,5
11489,  Bomba 01,manutencao,64.88,3.33,23
11490,Robô 02,OPERANDO,60.63,2.95,374
11491,  Robô 02  ,Parado,65.92,3.26,0
11492,Motor 01 ,Em operação,66.03,4.01,397
11493,  Bomba 02  ,Ligado,81.77,3.66,366
11494, Compressor 01,PARADO,64.17,3.52,0
11495,Motor 03,OPERANDO,71.64,3.67,325
11496,Motor 03  ,Ligado,65.65,3.02,229
11497,Compressor 01,operando,66.64,1.67,361
11498,  Bomba 02  ,manutencao,83.46,3.53,14
11499,Motor 03,Manutenção,69.02,2.6,23
11500,Esteira 02  ,Fora de operação,71.22,4.72,0
11501,  Esteira 01  ,PARADO,73.22,2.38,0
11502,  Bomba 01,PARADO,51.29,3.44,0
11503,  Bomba 02,Em manutenção,62.46,2.91,5
11504,Esteira 02,MANUTENÇÃO,65.46,3.89,13
11505,Robô 01  ,Desligado,78.13,2.82,0
11506,  Compressor 01,Parado,57.19,3.31,0
11507,  Esteira 02,MANUTENÇÃO,63.44,3.85,23
11508,Compressor 01  ,Parado,62.35,3.62,0
11509,  Motor 02  ,Fora de operação,68.63,3.59,0
11510, Robô 02,Em operação,59.02,4.09,396
11511,  Robô 02  ,Desligado,69.93,2.97,0
11512, Bomba 01,OPERANDO,62.95,2.09,406
11513,Esteira 01 ,operando,73.72,3.68,315
11514, Bomba 02,Em operação,69.62,3.09,252
11515,  Robô 01,Manutenção,61.11,3.18,30
11516, Bomba 02,Fora de operação,56.46,3.63,0
11517, Motor 01,operando,59.56,2.94,378
11518,  Motor 03,PARADO,78.97,1.36,0
11519,  Motor 01,Manutenção,54.92,2.66,21
11520,  Bomba 02,Manutenção,65.74,2.3,29
11521,Motor 03,Parado,66.32,2.87,0
11522,  Bomba 01,Desligado,73.97,2.9,0
11523,Motor 03,parado,70.05,4.76,0
11524,Bomba 01,Desligado,64.52,1.16,0
11525,Motor 02 ,Ligado,69.18,3.29,408
11526,  Motor 02  ,Em manutenção,67.88,4.31,20
11527,Robô 02  ,Manutenção,72.33,1.93,17
11528,  Bomba 02  ,Desligado,55.94,3.88,0
11529,  Esteira 02,Em manutenção,65.05,3.28,25
11530,  Motor 02,Operando,70.53,1.54,325
11531,Esteira 01  ,parado,63.76,3.21,0
11532,Bomba 01 ,manutencao,70.0,2.63,9
11533,  Motor 02  ,OPERANDO,66.44,4.08,410
11534,Bomba 01 ,OPERANDO,60.81,0.93,333
11535,  Bomba 01  ,PARADO,50.13,2.12,0
11536,Esteira 01 ,operando,63.25,3.61,181
11537, Motor 03,MANUTENÇÃO,75.27,2.04,2
11538,  Esteira 01  ,operando,64.54,3.1,201
11539,Esteira 02  ,Desligado,77.59,3.61,0
11540,Robô 01 ,PARADO,73.01,2.96,0
11541,Bomba 01 ,PARADO,64.89,2.41,0
11542, Esteira 01,Desligado,73.14,4.98,0
11543, Motor 02,OPERANDO,77.95,3.04,196
11544,  Robô 01  ,Ligado,59.04,3.76,365
11545,Esteira 02  ,Desligado,67.06,4.43,0
11546,Motor 01  ,Em operação,60.5,3.87,372
11547, Compressor 01,OPERANDO,56.21,2.28,408
11548,Bomba 01  ,Em operação,67.32,2.05,301
11549,  Motor 02  ,Ligado,57.41,3.39,246
11550,  Esteira 02,Em manutenção,62.66,2.59,18
11551,Robô 01  ,manutencao,69.45,3.16,12
11552,Motor 01  ,Em operação,62.44,3.24,193
11553, Bomba 02,Manut.,70.25,2.41,23
11554,Bomba 01  ,Manut.,58.13,2.84,17
11555, Compressor 01,Em operação,66.34,3.94,412
11556,Esteira 01,OPERANDO,65.53,1.6,383
11557,  Motor 03  ,Manut.,83.35,3.74,14
11558,Esteira 02  ,Ligado,61.83,1.38,330
11559,Robô 01,Manutenção,70.35,3.36,5
11560,Motor 02 ,Manutenção,70.14,3.41,21
11561,Robô 01 ,operando,69.07,4.26,188
11562,Bomba 01 ,Em manutenção,72.39,3.72,10
11563, Motor 03,PARADO,78.92,3.18,0
11564,  Compressor 01,PARADO,60.31,4.1,0
11565, Motor 01,OPERANDO,73.12,4.45,186
11566, Compressor 01,Em operação,67.5,1.98,371
11567, Esteira 02,OPERANDO,51.4,4.22,405
11568,Robô 01 ,parado,65.62,4.51,0
11569,Motor 02,Em manutenção,68.64,2.46,6
11570,Esteira 01  ,Manut.,63.63,2.3,8
11571,  Esteira 01,manutencao,53.53,3.94,7
11572,  Motor 01  ,Parado,58.69,2.73,0
11573,Motor 02  ,parado,71.25,2.57,0
11574,Bomba 01  ,Fora de operação,63.53,3.37,0
11575, Esteira 02,operando,75.98,2.3,405
11576, Motor 02,Parado,73.39,2.82,0
11577,Robô 01  ,Fora de operação,55.67,2.9,0
11578,  Motor 03  ,Ligado,75.69,3.26,248
11579, Motor 02,Manut.,68.0,2.22,0
11580,  Bomba 02,Manut.,74.67,3.52,19
11581,Motor 03 ,Em operação,77.34,1.99,256
11582,Compressor 01 ,Manutenção,60.99,2.46,3
11583,Esteira 01,Parado,70.85,1.66,0
11584,Bomba 02  ,Em manutenção,63.52,3.14,1
11585,Motor 03 ,OPERANDO,62.55,3.64,333
11586, Bomba 02,Fora de operação,84.19,2.23,0
11587,Robô 01 ,Parado,56.04,2.97,0
11588,Motor 01  ,Operando,69.29,3.96,353
11589,Bomba 01  ,manutencao,60.25,3.24,21
11590,  Motor 03  ,MANUTENÇÃO,65.17,3.14,5
11591,  Compressor 01  ,operando,61.54,2.49,227
11592,  Motor 02  ,Operando,71.11,4.22,292
11593,Motor 03  ,Em manutenção,59.25,2.76,13
11594,  Bomba 02  ,Manut.,68.65,1.7,18
11595,Compressor 01,parado,59.24,1.6,0
11596,  Robô 02  ,Fora de operação,78.39,3.13,0
11597,Motor 02  ,Em manutenção,58.84,3.9,8
11598,  Esteira 01  ,Manutenção,72.18,3.08,13
11599, Motor 03,Fora de operação,66.19,3.3,0
11600,Motor 02,Em manutenção,78.84,4.7,16
11601,Compressor 01,Manutenção,67.61,3.12,17
11602, Motor 03,OPERANDO,73.58,3.03,213
11603,Motor 03,Desligado,59.15,2.42,0
11604,  Bomba 01,MANUTENÇÃO,75.68,3.5,0
11605,  Esteira 02,parado,73.88,3.57,0
11606,Motor 01,Em operação,58.47,3.33,247
11607,Compressor 01 ,Manut.,56.74,2.46,24
11608,  Motor 02,Ligado,55.73,2.37,287
11609,Bomba 01,manutencao,59.94,3.8,23
11610,Robô 01 ,PARADO,64.49,1.4,0
11611,  Motor 03,Manut.,69.41,4.09,7
11612,Bomba 01,OPERANDO,61.36,1.11,267
11613,  Motor 01,Em manutenção,71.57,2.96,23
11614,Compressor 01,Manut.,63.2,1.71,4
11615,Esteira 02,Manutenção,74.27,2.91,26
11616,  Esteira 02  ,manutencao,61.16,5.06,12
11617,  Robô 01,parado,55.2,3.46,0
11618,  Esteira 02,Fora de operação,69.2,2.7,0
11619,  Motor 03  ,Desligado,66.56,3.28,0
11620,  Motor 01  ,operando,70.96,5.41,293
11621, Esteira 02,PARADO,58.91,3.02,0
11622,Motor 02,MANUTENÇÃO,58.77,3.29,5
11623, Esteira 01,OPERANDO,61.9,4.53,349
11624,  Robô 01  ,Ligado,68.24,4.14,377
11625,  Motor 03  ,manutencao,81.85,5.71,23
11626,Esteira 01 ,Parado,73.16,3.35,0
11627,  Motor 02,PARADO,60.56,3.73,0
11628,  Bomba 02,operando,76.81,3.48,189
11629,Motor 01 ,Fora de operação,84.69,4.62,0
11630,  Robô 01,OPERANDO,63.59,2.48,335
11631,Esteira 01  ,Ligado,63.65,2.62,257
11632,  Robô 01  ,Fora de operação,69.05,3.27,0
11633,Bomba 02  ,Manutenção,58.82,0.8,28
11634,Esteira 01,Parado,73.36,2.93,0
11635,  Bomba 01  ,Desligado,68.3,3.16,0
11636,Compressor 01 ,PARADO,68.09,2.0,0
11637,  Motor 02  ,Ligado,79.43,4.56,237
11638, Robô 01,Ligado,56.66,3.18,317
11639,Esteira 02 ,Em operação,54.59,4.6,261
11640,Motor 01,Manutenção,69.8,4.28,7
11641,Robô 01 ,manutencao,77.48,2.99,27
11642,Motor 02  ,Em operação,69.22,3.74,283
11643,Esteira 02 ,PARADO,74.56,3.42,0
11644, Compressor 01,Ligado,71.38,2.13,189
11645,Motor 02,parado,62.43,3.88,0
11646,Bomba 01 ,MANUTENÇÃO,65.55,1.83,2
11647,  Motor 03,Fora de operação,68.05,4.5,0
11648, Robô 01,Manut.,59.29,4.03,15
11649,Compressor 01 ,parado,76.29,1.26,0
11650,Robô 02  ,manutencao,66.88,3.08,22
11651,Motor 01 ,operando,57.32,3.05,279
11652,Motor 01  ,Parado,56.56,4.43,0
11653,Motor 02,Em manutenção,66.27,1.83,17
11654, Robô 02,Em manutenção,68.12,3.2,15
11655,Bomba 01  ,parado,64.79,3.99,0
11656,Esteira 01,Fora de operação,62.03,3.13,0
11657,  Esteira 01  ,parado,72.63,5.48,0
11658, Robô 02,Desligado,62.08,2.36,0
11659,Robô 02,Desligado,65.62,2.63,0
11660,Compressor 01 ,Manutenção,61.13,3.75,8
11661,  Bomba 01  ,Em operação,72.33,0.69,419
11662,  Esteira 02  ,Manutenção,67.82,3.31,25
11663,Robô 02  ,Manutenção,73.9,4.51,16
11664,Esteira 01,Operando,71.24,4.89,316
11665,  Motor 01  ,manutencao,63.83,1.43,11
11666,  Bomba 02  ,Ligado,66.86,3.93,204
11667,Motor 01  ,Desligado,64.06,3.69,0
11668,Robô 01  ,Ligado,80.04,2.1,393
11669,  Motor 03,manutencao,83.36,2.93,27
11670,Compressor 01  ,MANUTENÇÃO,67.54,3.4,18
11671, Esteira 01,Desligado,74.85,3.71,0
11672,  Bomba 02  ,PARADO,83.23,4.49,0
11673,  Compressor 01  ,operando,70.67,3.59,191
11674,Motor 03,Manut.,62.09,3.14,2
11675,Compressor 01 ,Parado,45.36,4.0,0
11676,  Motor 02,Manutenção,60.74,2.33,20
11677,Robô 01,Operando,67.44,2.87,183
11678, Motor 02,Ligado,79.45,3.79,343
11679,  Motor 03  ,operando,65.55,4.34,184
11680,Esteira 02,operando,77.8,4.13,243
11681, Robô 02,operando,60.89,4.22,401
11682,Motor 02  ,OPERANDO,59.04,3.35,217
11683,Esteira 02 ,Ligado,60.25,1.85,253
11684,  Bomba 01,operando,51.38,2.85,405
11685,  Esteira 02,Desligado,64.14,2.9,0
11686,  Robô 01  ,Em manutenção,72.13,5.18,30
11687,Bomba 01  ,MANUTENÇÃO,59.42,3.5,1
11688,Robô 02,Em operação,55.53,2.94,356
11689,Motor 02  ,OPERANDO,63.88,1.8,183
11690, Robô 01,Ligado,80.72,2.37,395
11691,Bomba 02 ,parado,72.71,3.88,0
11692,  Robô 02,Desligado,69.86,2.75,0
11693,  Bomba 02,Manutenção,64.4,2.76,23
11694,Robô 02  ,Em manutenção,73.09,4.43,14
11695,  Compressor 01  ,Operando,63.25,2.05,342
11696,  Bomba 02  ,MANUTENÇÃO,61.48,3.87,28
11697,Esteira 02  ,manutencao,55.09,3.98,14
11698,  Compressor 01  ,Parado,54.61,1.81,0
11699,  Compressor 01,PARADO,69.33,4.54,0
11700,Robô 01,Operando,72.01,2.6,367
11701,Bomba 02  ,OPERANDO,71.03,4.61,379
11702, Compressor 01,Em manutenção,74.35,2.35,8
11703,Compressor 01 ,manutencao,75.61,3.92,5
11704,  Bomba 02,Desligado,54.12,3.1,0
11705,Compressor 01,PARADO,67.33,4.95,0
11706,Bomba 01 ,Em manutenção,57.54,4.05,24
11707, Bomba 01,operando,89.46,2.55,420
11708, Esteira 01,operando,67.0,3.18,265
11709,  Robô 01,Manutenção,63.06,2.88,20
11710,Robô 01  ,Manut.,71.18,3.16,22
11711,Motor 03  ,Manutenção,69.57,2.28,24
11712,  Compressor 01,Fora de operação,67.1,2.76,0
11713,Robô 01  ,Ligado,56.38,3.12,292
11714,  Robô 02  ,Fora de operação,64.98,1.23,0
11715,  Robô 02  ,Operando,63.07,3.42,349
11716,Motor 02 ,manutencao,64.59,4.79,9
11717,Robô 02,Fora de operação,69.79,2.34,0
11718,Compressor 01,Manutenção,52.91,2.5,17
11719,  Bomba 02,operando,72.75,3.8,377
11720,Motor 03 ,Fora de operação,60.99,2.95,0
11721,  Robô 02,Ligado,66.72,4.15,392
11722,Motor 01  ,Em operação,79.92,4.52,341
11723,  Bomba 02,OPERANDO,66.17,4.28,277
11724,Motor 03  ,Manutenção,64.08,3.12,22
11725, Esteira 01,Em manutenção,78.48,4.31,12
11726,  Bomba 02,Operando,79.94,3.87,199
11727,  Robô 01,operando,66.18,3.13,381
11728,  Bomba 01  ,Fora de operação,58.5,2.51,0
11729,  Motor 01,MANUTENÇÃO,74.42,3.67,19
11730,  Robô 01  ,Operando,68.67,3.43,206
11731,Robô 01  ,Manutenção,62.15,3.62,6
11732,  Esteira 02,operando,73.7,2.05,301
11733,Esteira 01 ,operando,74.44,2.67,360
11734,Esteira 02,Em operação,52.94,4.42,273
11735,Esteira 02 ,operando,68.55,2.5,243
11736,Esteira 01 ,Parado,60.81,2.56,0
11737,  Esteira 02  ,Fora de operação,75.73,3.86,0
11738, Bomba 02,Operando,64.48,2.19,239
11739,  Robô 01,manutencao,64.49,4.04,0
11740,  Motor 01,Manut.,65.68,3.76,5
11741,  Bomba 01  ,Operando,75.32,3.61,285
11742, Bomba 01,parado,66.92,3.3,0
11743,  Bomba 02  ,parado,56.78,1.84,0
11744,  Compressor 01,Desligado,57.8,1.79,0
11745,Esteira 01 ,operando,64.68,3.95,250
11746,Esteira 02  ,Manut.,56.03,3.8,2
11747, Bomba 01,Parado,74.9,2.45,0
11748, Esteira 02,Parado,66.74,2.7,0
11749,Robô 01 ,Operando,73.46,2.78,233
11750, Robô 02,Fora de operação,64.59,1.72,0
11751,Bomba 02 ,operando,67.88,2.44,414
11752,Compressor 01,Operando,76.49,3.4,329
11753, Motor 02,parado,69.21,0.2,0
11754, Esteira 02,Desligado,66.24,4.23,0
11755,  Motor 01  ,Fora de operação,58.5,2.61,0
11756,  Motor 03  ,Operando,56.53,4.85,204
11757, Bomba 02,Ligado,56.58,2.44,218
11758,  Esteira 01,OPERANDO,57.21,6.18,214
11759,  Robô 01,Parado,54.75,3.21,0
11760,  Motor 02  ,Em manutenção,70.61,2.78,9
11761,  Robô 02  ,operando,74.64,4.42,412
11762,Esteira 01,Manut.,71.26,3.2,7
11763,Robô 01,Desligado,70.77,5.3,0
11764, Robô 02,Em operação,62.24,3.88,326
11765,  Motor 02,PARADO,58.43,3.99,0
11766,  Robô 02,Operando,54.27,3.2,204
11767, Compressor 01,Fora de operação,80.34,2.46,0
11768, Esteira 01,manutencao,65.35,3.55,23
11769,Esteira 01 ,Ligado,72.88,3.58,270
11770, Bomba 02,manutencao,67.38,1.12,23
11771,  Motor 03  ,Em operação,77.76,2.92,342
11772,Motor 01 ,manutencao,80.91,2.16,0
11773,Robô 02 ,operando,66.21,4.18,307
11774,  Motor 02,Desligado,72.23,4.38,0
11775, Robô 01,operando,63.42,2.98,253
11776,Bomba 02  ,OPERANDO,68.21,2.68,229
11777, Bomba 02,Fora de operação,62.18,3.15,0
11778,  Bomba 02  ,Em operação,60.31,1.89,408
11779, Compressor 01,OPERANDO,71.1,2.99,411
11780, Motor 03,Em operação,71.04,3.99,295
11781,  Robô 01  ,Ligado,57.94,4.13,220
11782,Bomba 01 ,operando,59.84,6.74,419
11783,  Robô 01,Em manutenção,59.3,2.81,19
11784,Motor 01 ,Em operação,56.44,3.43,293
11785,Bomba 02 ,Ligado,66.59,3.5,268
11786,Compressor 01  ,Em operação,66.1,2.87,356
11787, Bomba 01,MANUTENÇÃO,64.44,3.6,7
11788,Motor 03 ,Em operação,72.3,1.83,373
11789,Esteira 01 ,manutencao,60.54,4.03,18
11790,Bomba 01 ,Manut.,75.84,3.14,22
11791,  Robô 02,PARADO,61.71,4.76,0
11792, Compressor 01,manutencao,63.58,2.96,10
11793,Compressor 01,Manut.,63.06,3.37,25
11794,Motor 01,manutencao,63.11,3.37,0
11795, Esteira 02,Manutenção,70.77,2.16,3
11796,Esteira 02  ,Em manutenção,63.49,5.33,5
11797,Esteira 02  ,Em operação,63.82,2.83,209
11798, Bomba 01,Manut.,55.32,2.9,21
11799,Esteira 01,Parado,67.08,1.84,0
11800,Motor 01  ,Em manutenção,71.16,3.28,23
11801,  Compressor 01  ,Desligado,72.7,2.03,0
11802, Robô 01,OPERANDO,76.22,3.08,213
11803, Bomba 01,Manutenção,74.57,4.05,25
11804,Robô 02 ,MANUTENÇÃO,73.13,4.22,21
11805,  Esteira 02,Fora de operação,68.94,3.26,0
11806,  Motor 03,Em manutenção,67.66,2.58,27
11807,Robô 02,OPERANDO,66.4,3.3,383
11808, Motor 03,PARADO,53.99,1.79,0
11809,Motor 03 ,Em manutenção,48.4,3.72,18
11810,Robô 01  ,Ligado,62.2,4.29,387
11811, Esteira 02,OPERANDO,65.33,3.21,225
11812,Motor 03 ,Operando,53.93,2.48,299
11813,  Compressor 01  ,Operando,74.99,3.19,316
11814,  Motor 02,operando,67.51,2.79,277
11815,Robô 01 ,OPERANDO,66.69,3.26,310
11816,Robô 01  ,Parado,68.81,2.57,0
11817,Motor 01  ,Parado,71.89,3.73,0
11818, Motor 03,Manutenção,71.64,2.3,12
11819,Motor 01,Fora de operação,57.35,2.3,0
11820,Esteira 02  ,Em operação,69.84,2.87,293
11821,Motor 02 ,Fora de operação,71.11,2.66,0
11822,Esteira 02  ,manutencao,59.12,3.18,22
11823,Bomba 01  ,Manutenção,70.88,1.46,24
11824, Motor 02,Parado,61.09,2.47,0
11825,Esteira 02  ,manutencao,70.39,4.72,22
11826,Motor 03  ,Manut.,64.0,2.11,29
11827,  Bomba 02  ,PARADO,72.41,3.49,0
11828,  Motor 03  ,Em manutenção,56.16,2.41,10
11829,Robô 02  ,MANUTENÇÃO,77.09,2.02,2
11830,Robô 02 ,PARADO,62.16,1.81,0
11831,Motor 01,PARADO,76.44,2.97,0
11832,  Motor 02  ,Manutenção,62.58,0.94,7
11833, Bomba 01,Ligado,62.95,3.51,269
11834, Robô 02,operando,61.44,2.3,231
11835,Esteira 02,Parado,67.06,2.67,0
11836,Bomba 01  ,manutencao,76.15,2.49,13
11837, Bomba 02,Em manutenção,85.1,1.87,20
11838,  Esteira 02  ,Ligado,64.7,3.01,208
11839,Motor 02 ,Em operação,76.18,4.81,209
11840,  Motor 02  ,Desligado,67.6,1.71,0
11841,Bomba 01  ,Em operação,54.85,1.88,339
11842,  Motor 03  ,manutencao,59.11,4.08,10
11843,  Motor 02,Ligado,68.1,4.55,288
11844,Esteira 02  ,operando,66.46,3.52,381
11845,Compressor 01 ,Operando,78.55,3.01,359
11846,Motor 02  ,Desligado,70.26,3.28,0
11847,Motor 02,Manut.,59.48,3.78,5
11848,Esteira 02 ,Ligado,70.5,3.88,247
11849,  Robô 02  ,Parado,74.36,3.68,0
11850,Robô 01,Manutenção,59.75,2.54,21
11851,Bomba 01 ,operando,76.44,3.02,268
11852, Esteira 02,parado,53.71,2.07,0
11853,  Motor 01  ,Manut.,68.52,4.03,22
11854,Esteira 02  ,Fora de operação,72.3,5.7,0
11855,Esteira 02  ,Em operação,69.06,3.19,404
11856,Motor 02,Operando,61.62,3.55,336
11857,Robô 01,Fora de operação,62.24,2.94,0
11858,Esteira 01,parado,49.58,3.56,0
11859,  Motor 03,MANUTENÇÃO,66.02,3.22,29
11860,  Esteira 01  ,Operando,66.49,3.12,324
11861,Robô 02  ,Operando,62.84,2.22,185
11862,Robô 01,Operando,64.6,3.44,327
11863,  Motor 02,Fora de operação,64.74,3.42,0
11864,Bomba 01  ,OPERANDO,67.76,2.9,277
11865, Bomba 01,manutencao,57.79,3.11,11
11866,  Bomba 01  ,Desligado,68.51,3.71,0
11867,Robô 01 ,Em manutenção,71.09,2.21,23
11868,Bomba 01 ,Manut.,62.17,2.8,29
11869,Compressor 01  ,operando,70.2,1.45,285
11870,Robô 01  ,Desligado,66.91,2.98,0
11871,  Robô 01,manutencao,63.4,2.57,1
11872,Motor 02  ,PARADO,79.47,3.56,0
11873,  Motor 01,Manutenção,67.59,2.6,23
11874, Bomba 02,Ligado,71.21,2.96,265
11875,Robô 01  ,operando,76.9,3.94,393
11876,  Robô 02  ,operando,70.82,4.03,287
11877,Motor 02 ,Em manutenção,68.41,3.24,16
11878,Esteira 02 ,OPERANDO,66.35,4.22,380
11879,Motor 01,Em operação,78.45,1.35,385
11880,Bomba 01  ,PARADO,71.49,2.51,0
11881, Motor 02,Parado,66.41,5.14,0
11882,Robô 01 ,MANUTENÇÃO,76.03,2.98,25
11883,Bomba 01,Fora de operação,62.85,3.58,0
11884,Robô 02,Em manutenção,79.03,3.87,22
11885,Esteira 02,manutencao,79.67,1.37,10
11886,  Esteira 02  ,Em operação,63.58,4.31,223
11887, Bomba 01,Em manutenção,72.01,3.69,17
11888,  Robô 02,Em manutenção,69.08,1.29,6
11889,  Robô 02  ,Operando,60.13,3.37,370
11890,  Bomba 02,Parado,62.94,1.25,0
11891, Esteira 02,Operando,72.08,2.95,394
11892,  Bomba 01,Fora de operação,66.21,3.03,0
11893,Bomba 01  ,operando,69.97,3.42,274
11894,  Motor 01,PARADO,59.89,2.77,0
11895,Bomba 01,Manutenção,69.15,2.1,16
11896,Motor 01,Fora de operação,69.53,3.53,0
11897,  Motor 02,parado,73.54,4.83,0
11898,  Robô 02  ,Ligado,57.49,4.78,180
11899,  Motor 02,Manutenção,71.17,2.94,13
11900,Bomba 01 ,Desligado,80.62,3.98,0
11901,  Motor 03,operando,70.77,4.46,246
11902,  Motor 03,Manut.,67.41,3.01,21
11903, Robô 01,Ligado,70.57,4.75,213
11904,Motor 01,OPERANDO,59.96,5.09,237
11905,Motor 01 ,Em manutenção,78.21,3.07,15
11906,Esteira 02,MANUTENÇÃO,58.6,3.46,24
11907, Bomba 01,Ligado,69.13,3.36,283
11908,  Esteira 02  ,Desligado,69.56,5.01,0
11909,  Motor 03  ,Desligado,71.7,2.48,0
11910,Motor 02  ,Em operação,51.3,2.48,240
11911,  Esteira 01,Em operação,63.87,2.91,218
11912,  Robô 02,Em operação,61.43,4.02,372
11913,  Motor 02,parado,70.31,4.39,0
11914, Motor 01,OPERANDO,70.96,4.0,321
11915,Robô 01,PARADO,75.38,3.12,0
11916,  Motor 02  ,Em manutenção,77.54,1.98,10
11917,Compressor 01 ,MANUTENÇÃO,68.33,2.72,4
11918,Bomba 01,OPERANDO,73.99,3.86,407
11919,Esteira 01 ,Operando,68.73,2.78,327
11920,Motor 02  ,Manut.,59.56,6.11,22
11921,  Bomba 01  ,Parado,78.02,1.67,0
11922,Bomba 02  ,MANUTENÇÃO,66.04,2.55,6
11923,  Bomba 02,Em manutenção,73.43,3.8,23
11924,Motor 03,Ligado,64.73,4.0,302
11925,Esteira 02,Manutenção,74.53,2.96,12
11926,Bomba 01  ,manutencao,71.49,2.87,0
11927, Motor 01,OPERANDO,65.84,3.7,239
11928,Compressor 01,parado,73.03,3.05,0
11929,  Esteira 01  ,manutencao,71.43,4.78,30
11930,Bomba 01,MANUTENÇÃO,59.1,2.29,20
11931,Motor 03,operando,70.4,3.32,337
11932,  Motor 03,MANUTENÇÃO,74.49,1.52,19
11933, Robô 02,manutencao,79.02,3.73,13
11934, Esteira 02,Operando,59.64,1.92,381
11935,  Motor 02  ,MANUTENÇÃO,80.1,4.35,26
11936,Esteira 01,Operando,75.51,3.75,209
11937,  Motor 01  ,MANUTENÇÃO,66.85,3.37,26
11938, Bomba 01,Manutenção,72.36,2.7,10
11939,  Bomba 02,Desligado,71.1,1.64,0
11940,Motor 02,Ligado,57.99,2.7,233
11941,  Compressor 01  ,Manutenção,70.24,4.11,22
11942, Robô 01,Em manutenção,63.02,2.82,19
11943, Motor 01,Parado,68.08,2.49,0
11944,Esteira 02  ,Desligado,51.53,2.47,0
11945,  Compressor 01,Fora de operação,71.51,1.66,0
11946,  Bomba 01,PARADO,68.67,2.26,0
11947,Esteira 01  ,Parado,83.95,2.52,0
11948,Robô 01  ,operando,66.8,3.83,198
11949,  Motor 03  ,MANUTENÇÃO,64.01,4.56,8
11950,Compressor 01 ,Fora de operação,61.63,0.56,0
11951,Motor 02,parado,75.16,3.35,0
11952,Compressor 01  ,Manutenção,75.48,2.69,4
11953, Motor 03,Manutenção,64.61,1.63,20
11954,Robô 02 ,Em operação,54.88,3.61,383
11955,Esteira 02  ,Em operação,54.88,2.82,281
11956,  Robô 02  ,Em operação,65.02,3.95,359
11957, Esteira 02,operando,61.63,2.29,338
11958,Robô 02,Em operação,74.49,4.28,302
11959, Motor 02,Ligado,67.72,2.69,239
11960, Robô 01,PARADO,62.33,3.56,0
11961,Bomba 02,MANUTENÇÃO,74.67,4.3,11
11962,Bomba 01 ,Parado,65.9,0.65,0
11963,Motor 03 ,manutencao,63.93,2.89,6
11964, Compressor 01,Em manutenção,79.71,2.68,25
11965,  Compressor 01,Manutenção,70.14,2.56,30
11966,  Robô 02  ,PARADO,62.18,2.82,0
11967,Robô 02  ,manutencao,68.59,4.09,12
11968,Motor 03,manutencao,48.75,3.45,30
11969,Esteira 01  ,operando,68.22,2.71,348
11970, Robô 02,Desligado,74.7,2.6,0
11971,Robô 02,Desligado,69.59,2.52,0
11972,Bomba 01,PARADO,67.71,4.27,0
11973,  Robô 01  ,Parado,63.45,3.9,0
11974,Bomba 02  ,operando,60.98,4.35,247
11975, Bomba 02,PARADO,73.19,2.93,0
11976, Bomba 02,operando,50.78,3.55,372
11977, Bomba 02,Manutenção,56.22,3.47,9
11978,Esteira 01  ,Em manutenção,77.76,4.6,8
11979,  Bomba 01,Em manutenção,69.98,2.27,22
11980,Esteira 02  ,Fora de operação,62.49,3.3,0
11981,Motor 01,Em operação,66.3,4.76,242
11982,Robô 01 ,Parado,64.16,3.9,0
11983,Motor 01,OPERANDO,64.85,2.65,412
11984,  Robô 02  ,MANUTENÇÃO,49.39,2.76,9
11985,Robô 01,Ligado,83.46,4.37,271
11986, Robô 02,Operando,58.99,2.7,362
11987,Esteira 01,Fora de operação,63.94,1.71,0
11988, Motor 03,manutencao,77.79,3.49,29
11989,Esteira 02,MANUTENÇÃO,59.84,3.1,25
11990,  Robô 02,Operando,73.64,1.09,354
11991,Bomba 02  ,Ligado,65.65,2.54,222
11992,  Bomba 02  ,parado,64.66,3.21,0
11993,  Motor 01  ,Operando,49.96,1.37,303
11994, Compressor 01,Parado,64.88,2.32,0
11995, Bomba 02,Parado,62.23,1.94,0
11996,Robô 02,manutencao,69.29,3.39,11
11997, Bomba 01,Operando,71.69,3.71,244
11998,  Esteira 01,manutencao,66.61,4.16,7
11999,Compressor 01,parado,60.83,3.24,0
12000,Bomba 02 ,Em operação,76.77,3.3,248
